📝 Log: logs/run_FV-qwen3.6-plus-20260615-210924.log
==========================================
📊 Running TableFV Pipeline (ATG + QG-PPR)
==========================================
✅ Using existing ATGO row-only reranking: thought/TableFV/data/tabfact/test_reranked_row.jsonl

Stage 1-ATGO: Thought (Row-only)
------------------------------------------
Loading tabfact-test dataset:   0%|          | 0/2024 [00:00<?, ?it/s]Loading tabfact-test dataset:  57%|█████▋    | 1158/2024 [00:00<00:00, 9366.04it/s]Loading tabfact-test dataset: 100%|██████████| 2024/2024 [00:00<00:00, 12873.63it/s]
Dynamic chain execution:   0%|          | 0/2024 [00:00<?, ?it/s]1 options {'temperature': 0.0, 'n': 1, 'top_p': 1.0, 'max_tokens': 2048}
1 options {'temperature': 0.5, 'n': 8, 'top_p': 1.0, 'max_tokens': 150}
Error code: 429 - {'error': {'message': 'invalid request error trace_id: cf85512d5b14d92e2dbe923f35ca2858 (request id: 20260615211129910888617E9QQomMq)', 'type': 'bad_response_status_code', 'param': '', 'code': 'bad_response_status_code'}}
1 options {'temperature': 0.5, 'n': 8, 'top_p': 1.0, 'max_tokens': 150}
Error code: 429 - {'error': {'message': 'invalid request error trace_id: 1faa282f5310858f6c3d1fa71a8866d0 (request id: 20260615211239604824980dbIQywQo)', 'type': 'bad_response_status_code', 'param': '', 'code': 'bad_response_status_code'}}
1 options {'temperature': 0.5, 'n': 8, 'top_p': 1.0, 'max_tokens': 150}
Error code: 429 - {'error': {'message': 'invalid request error trace_id: 88366ffe2192cd92672e46191927d810 (request id: 2026061521135095723945y5j96Gi2)', 'type': 'bad_response_status_code', 'param': '', 'code': 'bad_response_status_code'}}
1 options {'temperature': 0.5, 'n': 8, 'top_p': 1.0, 'max_tokens': 150}
Error code: 429 - {'error': {'message': 'invalid request error trace_id: 0dfe429393a7cc5381bc6e2029fc64b2 (request id: 20260615211459693811637MIrrfpKc)', 'type': 'bad_response_status_code', 'param': '', 'code': 'bad_response_status_code'}}
FV-chain.py-_dynamic_chain_exec_with_cache_mp_core Error in test-0: too many retry times
1 options {'temperature': 0.0, 'n': 1, 'top_p': 1.0, 'max_tokens': 2048}
1 options {'temperature': 0.5, 'n': 8, 'top_p': 1.0, 'max_tokens': 150}
Error code: 429 - {'error': {'message': 'invalid request error trace_id: fb02bff46e8681fa54a2ec75f98f6600 (request id: 20260615211805182922584XNnngPpf)', 'type': 'bad_response_status_code', 'param': '', 'code': 'bad_response_status_code'}}
1 options {'temperature': 0.5, 'n': 8, 'top_p': 1.0, 'max_tokens': 150}
Error code: 429 - {'error': {'message': 'invalid request error trace_id: efcac291a968505d2e1aff8b2a22f110 (request id: 20260615211915601213905vQ1Y5LLS)', 'type': 'bad_response_status_code', 'param': '', 'code': 'bad_response_status_code'}}
1 options {'temperature': 0.5, 'n': 8, 'top_p': 1.0, 'max_tokens': 150}
Error code: 429 - {'error': {'message': 'invalid request error trace_id: 65e804a7f2a418386c69ae3e1e702c30 (request id: 20260615212026259306847lVk88kmm)', 'type': 'bad_response_status_code', 'param': '', 'code': 'bad_response_status_code'}}
1 options {'temperature': 0.5, 'n': 8, 'top_p': 1.0, 'max_tokens': 150}
Error code: 429 - {'error': {'message': 'invalid request error trace_id: a3aaf5c6b944d2e902a54baabb778772 (request id: 20260615212137510729290xYvpVWnQ)', 'type': 'bad_response_status_code', 'param': '', 'code': 'bad_response_status_code'}}
FV-chain.py-_dynamic_chain_exec_with_cache_mp_core Error in test-1: too many retry times
1 options {'temperature': 0.0, 'n': 1, 'top_p': 1.0, 'max_tokens': 2048}
1 options {'temperature': 0.0, 'n': 1, 'top_p': 1.0, 'max_tokens': 150}
1 options {'temperature': 0, 'n': 1, 'top_p': 1.0, 'max_tokens': 150}
1 options {'temperature': 0, 'n': 1, 'top_p': 1.0, 'max_tokens': 150}
1 options {'temperature': 0, 'n': 1, 'top_p': 1.0, 'max_tokens': 150}
1 options {'temperature': 0, 'n': 1, 'top_p': 1.0, 'max_tokens': 150}
1 options {'temperature': 0, 'n': 1, 'top_p': 1.0, 'max_tokens': 150}
1 options {'temperature': 0, 'n': 1, 'top_p': 1.0, 'max_tokens': 150}
1 options {'temperature': 0, 'n': 1, 'top_p': 1.0, 'max_tokens': 150}
1 options {'temperature': 0.0, 'n': 1, 'top_p': 1.0, 'max_tokens': 2048}
<html>
<head><title>504 Gateway Time-out</title></head>
<body>
<center><h1>504 Gateway Time-out</h1></center>
<hr><center>openresty</center>
</body>
</html>
1 options {'temperature': 0.0, 'n': 1, 'top_p': 1.0, 'max_tokens': 2048}
<html>
<head><title>504 Gateway Time-out</title></head>
<body>
<center><h1>504 Gateway Time-out</h1></center>
<hr><center>openresty</center>
</body>
</html>
1 options {'temperature': 0.0, 'n': 1, 'top_p': 1.0, 'max_tokens': 2048}
<html>
<head><title>504 Gateway Time-out</title></head>
<body>
<center><h1>504 Gateway Time-out</h1></center>
<hr><center>openresty</center>
</body>
</html>
1 options {'temperature': 0.0, 'n': 1, 'top_p': 1.0, 'max_tokens': 2048}
<html>
<head><title>504 Gateway Time-out</title></head>
<body>
<center><h1>504 Gateway Time-out</h1></center>
<hr><center>openresty</center>
</body>
</html>
FV-chain.py-_dynamic_chain_exec_with_cache_mp_core Error in test-2: too many retry times
1 options {'temperature': 0.0, 'n': 1, 'top_p': 1.0, 'max_tokens': 2048}
1 options {'temperature': 0.0, 'n': 1, 'top_p': 1.0, 'max_tokens': 150}
1 options {'temperature': 0, 'n': 1, 'top_p': 1.0, 'max_tokens': 150}
1 options {'temperature': 0, 'n': 1, 'top_p': 1.0, 'max_tokens': 150}
1 options {'temperature': 0, 'n': 1, 'top_p': 1.0, 'max_tokens': 150}
1 options {'temperature': 0, 'n': 1, 'top_p': 1.0, 'max_tokens': 150}
1 options {'temperature': 0, 'n': 1, 'top_p': 1.0, 'max_tokens': 150}
1 options {'temperature': 0, 'n': 1, 'top_p': 1.0, 'max_tokens': 150}
1 options {'temperature': 0, 'n': 1, 'top_p': 1.0, 'max_tokens': 150}
1 options {'temperature': 0.0, 'n': 1, 'top_p': 1.0, 'max_tokens': 2048}
1 options {'temperature': 0.5, 'n': 8, 'top_p': 1.0, 'max_tokens': 150}
Error code: 429 - {'error': {'message': 'invalid request error trace_id: 99980e464ba8b96a9be746800b9324e4 (request id: 20260615214547194556971IuD772Iv)', 'type': 'bad_response_status_code', 'param': '', 'code': 'bad_response_status_code'}}
1 options {'temperature': 0.5, 'n': 8, 'top_p': 1.0, 'max_tokens': 150}
Error code: 429 - {'error': {'message': 'invalid request error trace_id: ce144b37255cce5f22ef172f865cf304 (request id: 20260615214658542257910RAfoLxk7)', 'type': 'bad_response_status_code', 'param': '', 'code': 'bad_response_status_code'}}
1 options {'temperature': 0.5, 'n': 8, 'top_p': 1.0, 'max_tokens': 150}
Error code: 429 - {'error': {'message': 'invalid request error trace_id: 63308c95fecbd967547c901d4244fd76 (request id: 20260615214811684096904JvyetMR0)', 'type': 'bad_response_status_code', 'param': '', 'code': 'bad_response_status_code'}}
1 options {'temperature': 0.5, 'n': 8, 'top_p': 1.0, 'max_tokens': 150}
Error code: 429 - {'error': {'message': 'invalid request error trace_id: 47fc01dd0e4e95514160850321ab7b89 (request id: 20260615214924977371437Cp2kKHfN)', 'type': 'bad_response_status_code', 'param': '', 'code': 'bad_response_status_code'}}
FV-chain.py-_dynamic_chain_exec_with_cache_mp_core Error in test-3: too many retry times
Dynamic chain execution:   0%|          | 1/2024 [40:05<1351:43:33, 2405.44s/it]1 options {'temperature': 0.0, 'n': 1, 'top_p': 1.0, 'max_tokens': 2048}
1 options {'temperature': 0.0, 'n': 1, 'top_p': 1.0, 'max_tokens': 150}
1 options {'temperature': 0.0, 'n': 1, 'top_p': 1.0, 'max_tokens': 2048}
<html>
<head><title>504 Gateway Time-out</title></head>
<body>
<center><h1>504 Gateway Time-out</h1></center>
<hr><center>openresty</center>
</body>
</html>
1 options {'temperature': 0.0, 'n': 1, 'top_p': 1.0, 'max_tokens': 2048}
<html>
<head><title>504 Gateway Time-out</title></head>
<body>
<center><h1>504 Gateway Time-out</h1></center>
<hr><center>openresty</center>
</body>
</html>
1 options {'temperature': 0.0, 'n': 1, 'top_p': 1.0, 'max_tokens': 2048}
1 options {'temperature': 0.5, 'n': 8, 'top_p': 1.0, 'max_tokens': 150}
Error code: 429 - {'error': {'message': 'invalid request error trace_id: d14b1f98c652cf2e9a40debb7c36a3d3 (request id: 20260615220327744530148EPRR3bjP)', 'type': 'bad_response_status_code', 'param': '', 'code': 'bad_response_status_code'}}
1 options {'temperature': 0.5, 'n': 8, 'top_p': 1.0, 'max_tokens': 150}
Error code: 429 - {'error': {'message': 'invalid request error trace_id: 1a519976124dafcfe054b4a57b2d919b (request id: 202606152204363674574368RXty74Y)', 'type': 'bad_response_status_code', 'param': '', 'code': 'bad_response_status_code'}}
1 options {'temperature': 0.5, 'n': 8, 'top_p': 1.0, 'max_tokens': 150}
Error code: 429 - {'error': {'message': 'invalid request error trace_id: b5b229731cc593b7a54f4be0cfb81d36 (request id: 2026061522055096295890oOote2kl)', 'type': 'bad_response_status_code', 'param': '', 'code': 'bad_response_status_code'}}
1 options {'temperature': 0.5, 'n': 8, 'top_p': 1.0, 'max_tokens': 150}
<html>
<head><title>504 Gateway Time-out</title></head>
<body>
<center><h1>504 Gateway Time-out</h1></center>
<hr><center>openresty</center>
</body>
</html>
FV-chain.py-_dynamic_chain_exec_with_cache_mp_core Error in test-4: too many retry times
1 options {'temperature': 0.0, 'n': 1, 'top_p': 1.0, 'max_tokens': 2048}
<html>
<head><title>504 Gateway Time-out</title></head>
<body>
<center><h1>504 Gateway Time-out</h1></center>
<hr><center>openresty</center>
</body>
</html>
1 options {'temperature': 0.0, 'n': 1, 'top_p': 1.0, 'max_tokens': 2048}
1 options {'temperature': 0.5, 'n': 8, 'top_p': 1.0, 'max_tokens': 150}
Error code: 429 - {'error': {'message': 'invalid request error trace_id: 385fe761ebb7e387683ff45c4575e565 (request id: 20260615221306975369841IyM9sRNi)', 'type': 'bad_response_status_code', 'param': '', 'code': 'bad_response_status_code'}}
1 options {'temperature': 0.5, 'n': 8, 'top_p': 1.0, 'max_tokens': 150}
Error code: 429 - {'error': {'message': 'invalid request error trace_id: f57c199c89598f243bc861ba867e5577 (request id: 20260615221418173010933qz6Lt51k)', 'type': 'bad_response_status_code', 'param': '', 'code': 'bad_response_status_code'}}
1 options {'temperature': 0.5, 'n': 8, 'top_p': 1.0, 'max_tokens': 150}
Error code: 429 - {'error': {'message': 'invalid request error trace_id: 08d0f9fa031a755e5b9740a7a81f8b13 (request id: 20260615221530130798392Btr9mDFz)', 'type': 'bad_response_status_code', 'param': '', 'code': 'bad_response_status_code'}}
1 options {'temperature': 0.5, 'n': 8, 'top_p': 1.0, 'max_tokens': 150}
Error code: 429 - {'error': {'message': 'invalid request error trace_id: 404b68e55c7ae03808c2d8eb46a168e7 (request id: 20260615221646660906296ez5b6xwh)', 'type': 'bad_response_status_code', 'param': '', 'code': 'bad_response_status_code'}}
FV-chain.py-_dynamic_chain_exec_with_cache_mp_core Error in test-5: too many retry times
1 options {'temperature': 0.0, 'n': 1, 'top_p': 1.0, 'max_tokens': 2048}
<html>
<head><title>504 Gateway Time-out</title></head>
<body>
<center><h1>504 Gateway Time-out</h1></center>
<hr><center>openresty</center>
</body>
</html>
1 options {'temperature': 0.0, 'n': 1, 'top_p': 1.0, 'max_tokens': 2048}
<html>
<head><title>504 Gateway Time-out</title></head>
<body>
<center><h1>504 Gateway Time-out</h1></center>
<hr><center>openresty</center>
</body>
</html>
1 options {'temperature': 0.0, 'n': 1, 'top_p': 1.0, 'max_tokens': 2048}
<html>
<head><title>504 Gateway Time-out</title></head>
<body>
<center><h1>504 Gateway Time-out</h1></center>
<hr><center>openresty</center>
</body>
</html>
1 options {'temperature': 0.0, 'n': 1, 'top_p': 1.0, 'max_tokens': 2048}
<html>
<head><title>504 Gateway Time-out</title></head>
<body>
<center><h1>504 Gateway Time-out</h1></center>
<hr><center>openresty</center>
</body>
</html>
FV-chain.py-_dynamic_chain_exec_with_cache_mp_core Error in test-6: too many retry times
1 options {'temperature': 0.0, 'n': 1, 'top_p': 1.0, 'max_tokens': 2048}
<html>
<head><title>504 Gateway Time-out</title></head>
<body>
<center><h1>504 Gateway Time-out</h1></center>
<hr><center>openresty</center>
</body>
</html>
1 options {'temperature': 0.0, 'n': 1, 'top_p': 1.0, 'max_tokens': 2048}
<html>
<head><title>504 Gateway Time-out</title></head>
<body>
<center><h1>504 Gateway Time-out</h1></center>
<hr><center>openresty</center>
</body>
</html>
1 options {'temperature': 0.0, 'n': 1, 'top_p': 1.0, 'max_tokens': 2048}
<html>
<head><title>504 Gateway Time-out</title></head>
<body>
<center><h1>504 Gateway Time-out</h1></center>
<hr><center>openresty</center>
</body>
</html>
1 options {'temperature': 0.0, 'n': 1, 'top_p': 1.0, 'max_tokens': 2048}
<html>
<head><title>504 Gateway Time-out</title></head>
<body>
<center><h1>504 Gateway Time-out</h1></center>
<hr><center>openresty</center>
</body>
</html>
FV-chain.py-_dynamic_chain_exec_with_cache_mp_core Error in test-7: too many retry times
Dynamic chain execution:   0%|          | 5/2024 [1:37:39<613:06:43, 1093.22s/it]1 options {'temperature': 0.0, 'n': 1, 'top_p': 1.0, 'max_tokens': 2048}
1 options {'temperature': 0.0, 'n': 1, 'top_p': 1.0, 'max_tokens': 150}
1 options {'temperature': 0, 'n': 1, 'top_p': 1.0, 'max_tokens': 150}
1 options {'temperature': 0, 'n': 1, 'top_p': 1.0, 'max_tokens': 150}
1 options {'temperature': 0, 'n': 1, 'top_p': 1.0, 'max_tokens': 150}
1 options {'temperature': 0, 'n': 1, 'top_p': 1.0, 'max_tokens': 150}
1 options {'temperature': 0, 'n': 1, 'top_p': 1.0, 'max_tokens': 150}
1 options {'temperature': 0, 'n': 1, 'top_p': 1.0, 'max_tokens': 150}
1 options {'temperature': 0, 'n': 1, 'top_p': 1.0, 'max_tokens': 150}
1 options {'temperature': 0.0, 'n': 1, 'top_p': 1.0, 'max_tokens': 2048}
1 options {'temperature': 0.5, 'n': 8, 'top_p': 1.0, 'max_tokens': 150}
Error code: 429 - {'error': {'message': 'invalid request error trace_id: 615774e6e1f82d0d3e393adcaf271a0c (request id: 20260615225227172012421fLoQ9yM7)', 'type': 'bad_response_status_code', 'param': '', 'code': 'bad_response_status_code'}}
1 options {'temperature': 0.5, 'n': 8, 'top_p': 1.0, 'max_tokens': 150}
Error code: 429 - {'error': {'message': 'invalid request error trace_id: a61b7f11195c1666825e6f06cfd4659b (request id: 202606152254369774162628HVgkByx)', 'type': 'bad_response_status_code', 'param': '', 'code': 'bad_response_status_code'}}
1 options {'temperature': 0.5, 'n': 8, 'top_p': 1.0, 'max_tokens': 150}
Error code: 429 - {'error': {'message': 'invalid request error trace_id: 24f07bcfa09462552c8235e724302e26 (request id: 202606152255517559296345MnfVztD)', 'type': 'bad_response_status_code', 'param': '', 'code': 'bad_response_status_code'}}
1 options {'temperature': 0.5, 'n': 8, 'top_p': 1.0, 'max_tokens': 150}
Error code: 429 - {'error': {'message': 'invalid request error trace_id: 0bf863d7a87eb187efac6a6ddd32fc16 (request id: 20260615225711987311694VKeXkq90)', 'type': 'bad_response_status_code', 'param': '', 'code': 'bad_response_status_code'}}
FV-chain.py-_dynamic_chain_exec_with_cache_mp_core Error in test-8: too many retry times
1 options {'temperature': 0.0, 'n': 1, 'top_p': 1.0, 'max_tokens': 2048}
1 options {'temperature': 0.0, 'n': 1, 'top_p': 1.0, 'max_tokens': 150}
1 options {'temperature': 0, 'n': 1, 'top_p': 1.0, 'max_tokens': 150}
1 options {'temperature': 0, 'n': 1, 'top_p': 1.0, 'max_tokens': 150}
1 options {'temperature': 0, 'n': 1, 'top_p': 1.0, 'max_tokens': 150}
1 options {'temperature': 0, 'n': 1, 'top_p': 1.0, 'max_tokens': 150}
1 options {'temperature': 0, 'n': 1, 'top_p': 1.0, 'max_tokens': 150}
1 options {'temperature': 0, 'n': 1, 'top_p': 1.0, 'max_tokens': 150}
1 options {'temperature': 0, 'n': 1, 'top_p': 1.0, 'max_tokens': 150}
1 options {'temperature': 0.0, 'n': 1, 'top_p': 1.0, 'max_tokens': 2048}
<html>
<head><title>504 Gateway Time-out</title></head>
<body>
<center><h1>504 Gateway Time-out</h1></center>
<hr><center>openresty</center>
</body>
</html>
1 options {'temperature': 0.0, 'n': 1, 'top_p': 1.0, 'max_tokens': 2048}
<html>
<head><title>504 Gateway Time-out</title></head>
<body>
<center><h1>504 Gateway Time-out</h1></center>
<hr><center>openresty</center>
</body>
</html>
1 options {'temperature': 0.0, 'n': 1, 'top_p': 1.0, 'max_tokens': 2048}
<html>
<head><title>504 Gateway Time-out</title></head>
<body>
<center><h1>504 Gateway Time-out</h1></center>
<hr><center>openresty</center>
</body>
</html>
1 options {'temperature': 0.0, 'n': 1, 'top_p': 1.0, 'max_tokens': 2048}
<html>
<head><title>504 Gateway Time-out</title></head>
<body>
<center><h1>504 Gateway Time-out</h1></center>
<hr><center>openresty</center>
</body>
</html>
FV-chain.py-_dynamic_chain_exec_with_cache_mp_core Error in test-9: too many retry times
1 options {'temperature': 0.0, 'n': 1, 'top_p': 1.0, 'max_tokens': 2048}
1 options {'temperature': 0.5, 'n': 8, 'top_p': 1.0, 'max_tokens': 150}
Error code: 429 - {'error': {'message': 'invalid request error trace_id: 14d05e505036627af6743be774e281fa (request id: 20260615232016625302139SipHBMC6)', 'type': 'bad_response_status_code', 'param': '', 'code': 'bad_response_status_code'}}
1 options {'temperature': 0.5, 'n': 8, 'top_p': 1.0, 'max_tokens': 150}
Error code: 429 - {'error': {'message': 'invalid request error trace_id: 12973d179275504cbb7194480f847104 (request id: 20260615232129549165403uTcvssb3)', 'type': 'bad_response_status_code', 'param': '', 'code': 'bad_response_status_code'}}
1 options {'temperature': 0.5, 'n': 8, 'top_p': 1.0, 'max_tokens': 150}
Error code: 429 - {'error': {'message': 'invalid request error trace_id: f087b98b036da9a24a2e2195dcfff697 (request id: 20260615232248619274664Fq8ckoPe)', 'type': 'bad_response_status_code', 'param': '', 'code': 'bad_response_status_code'}}
1 options {'temperature': 0.5, 'n': 8, 'top_p': 1.0, 'max_tokens': 150}
Error code: 429 - {'error': {'message': 'invalid request error trace_id: 4a30be08b88064ca9da810dcc4fa0f52 (request id: 20260615232458780032179x3i4voB3)', 'type': 'bad_response_status_code', 'param': '', 'code': 'bad_response_status_code'}}
FV-chain.py-_dynamic_chain_exec_with_cache_mp_core Error in test-10: too many retry times
1 options {'temperature': 0.0, 'n': 1, 'top_p': 1.0, 'max_tokens': 2048}
1 options {'temperature': 0.5, 'n': 8, 'top_p': 1.0, 'max_tokens': 150}
Error code: 429 - {'error': {'message': 'invalid request error trace_id: 6bf3be8c32acc6e01c67674e70472ab7 (request id: 20260615232602436096435fw7s4CS)', 'type': 'bad_response_status_code', 'param': '', 'code': 'bad_response_status_code'}}
1 options {'temperature': 0.5, 'n': 8, 'top_p': 1.0, 'max_tokens': 150}
Error code: 429 - {'error': {'message': 'invalid request error trace_id: db44d36f7d2620cdcf0cd2676f8335b1 (request id: 20260615232715358543196Kh4JOyOA)', 'type': 'bad_response_status_code', 'param': '', 'code': 'bad_response_status_code'}}
1 options {'temperature': 0.5, 'n': 8, 'top_p': 1.0, 'max_tokens': 150}
Error code: 429 - {'error': {'message': 'invalid request error trace_id: 7889aa73c5e245d347b357eb7e312fd6 (request id: 20260615232843248855382bI6Ct5ip)', 'type': 'bad_response_status_code', 'param': '', 'code': 'bad_response_status_code'}}
1 options {'temperature': 0.5, 'n': 8, 'top_p': 1.0, 'max_tokens': 150}
Error code: 429 - {'error': {'message': 'invalid request error trace_id: 707684062d49cde57aa02093a90ae0c9 (request id: 20260615233002539362971cx3H86Bf)', 'type': 'bad_response_status_code', 'param': '', 'code': 'bad_response_status_code'}}
FV-chain.py-_dynamic_chain_exec_with_cache_mp_core Error in test-11: too many retry times
Dynamic chain execution:   0%|          | 9/2024 [2:20:42<474:25:19, 847.60s/it] 1 options {'temperature': 0.0, 'n': 1, 'top_p': 1.0, 'max_tokens': 2048}
1 options {'temperature': 0.5, 'n': 8, 'top_p': 1.0, 'max_tokens': 150}
Error code: 429 - {'error': {'message': 'invalid request error trace_id: b868b2a3630375aada3673c32da933a6 (request id: 20260615233110341759738QKLV5rQe)', 'type': 'bad_response_status_code', 'param': '', 'code': 'bad_response_status_code'}}
1 options {'temperature': 0.5, 'n': 8, 'top_p': 1.0, 'max_tokens': 150}
Error code: 429 - {'error': {'message': 'invalid request error trace_id: 40b261cafe1667e28145434c54c83cc1 (request id: 20260615233227799112982KkmNwyb5)', 'type': 'bad_response_status_code', 'param': '', 'code': 'bad_response_status_code'}}
1 options {'temperature': 0.5, 'n': 8, 'top_p': 1.0, 'max_tokens': 150}
Error code: 429 - {'error': {'message': 'invalid request error trace_id: a1b93c7c5b88b856eb91bf422fa3d1a4 (request id: 20260615233347141764031RD2lTr00)', 'type': 'bad_response_status_code', 'param': '', 'code': 'bad_response_status_code'}}
1 options {'temperature': 0.5, 'n': 8, 'top_p': 1.0, 'max_tokens': 150}
Error code: 429 - {'error': {'message': 'invalid request error trace_id: 1512973be49d824f765e7a9022610576 (request id: 20260615233505316484767VNvqUsuU)', 'type': 'bad_response_status_code', 'param': '', 'code': 'bad_response_status_code'}}
FV-chain.py-_dynamic_chain_exec_with_cache_mp_core Error in test-12: too many retry times
1 options {'temperature': 0.0, 'n': 1, 'top_p': 1.0, 'max_tokens': 2048}
1 options {'temperature': 0.5, 'n': 8, 'top_p': 1.0, 'max_tokens': 150}
Error code: 429 - {'error': {'message': 'invalid request error trace_id: dc1e247836d6a5c80d3e8c09feb44289 (request id: 20260615233622388495271cW38b70W)', 'type': 'bad_response_status_code', 'param': '', 'code': 'bad_response_status_code'}}
1 options {'temperature': 0.5, 'n': 8, 'top_p': 1.0, 'max_tokens': 150}
Error code: 429 - {'error': {'message': 'invalid request error trace_id: 6e69048ad858e66ab2cd03a177f8680c (request id: 20260615233738279605581sKFeU7eP)', 'type': 'bad_response_status_code', 'param': '', 'code': 'bad_response_status_code'}}
1 options {'temperature': 0.5, 'n': 8, 'top_p': 1.0, 'max_tokens': 150}
Error code: 429 - {'error': {'message': 'invalid request error trace_id: 436ef7ab549d125f5ad886a78c38a866 (request id: 2026061523385672193415Ed4fVkpO)', 'type': 'bad_response_status_code', 'param': '', 'code': 'bad_response_status_code'}}
1 options {'temperature': 0.5, 'n': 8, 'top_p': 1.0, 'max_tokens': 150}
Error code: 429 - {'error': {'message': 'invalid request error trace_id: 11d63bb43950bb7bde33cf3b1c4a1afc (request id: 20260615234011467274226evMTk4f8)', 'type': 'bad_response_status_code', 'param': '', 'code': 'bad_response_status_code'}}
FV-chain.py-_dynamic_chain_exec_with_cache_mp_core Error in test-13: too many retry times
1 options {'temperature': 0.0, 'n': 1, 'top_p': 1.0, 'max_tokens': 2048}
1 options {'temperature': 0.5, 'n': 8, 'top_p': 1.0, 'max_tokens': 150}
Error code: 429 - {'error': {'message': 'invalid request error trace_id: 0f3462c5792230657dd4b0f7555f2e72 (request id: 20260615234121900241647K4DaGP0O)', 'type': 'bad_response_status_code', 'param': '', 'code': 'bad_response_status_code'}}
1 options {'temperature': 0.5, 'n': 8, 'top_p': 1.0, 'max_tokens': 150}
Error code: 429 - {'error': {'message': 'invalid request error trace_id: f28af83cce78fc1b6af1ae3b8bbfda2d (request id: 2026061523423777774578wmbtbygW)', 'type': 'bad_response_status_code', 'param': '', 'code': 'bad_response_status_code'}}
1 options {'temperature': 0.5, 'n': 8, 'top_p': 1.0, 'max_tokens': 150}
Error code: 429 - {'error': {'message': 'invalid request error trace_id: 30180861ea790b4dba01fb5ae01319a2 (request id: 20260615234353275354550xaKH2WH1)', 'type': 'bad_response_status_code', 'param': '', 'code': 'bad_response_status_code'}}
1 options {'temperature': 0.5, 'n': 8, 'top_p': 1.0, 'max_tokens': 150}
Error code: 429 - {'error': {'message': 'invalid request error trace_id: d5b1acac1ff42f4318d9b0cb78976ee4 (request id: 20260615234506920947614gAYx9RnW)', 'type': 'bad_response_status_code', 'param': '', 'code': 'bad_response_status_code'}}
FV-chain.py-_dynamic_chain_exec_with_cache_mp_core Error in test-14: too many retry times
1 options {'temperature': 0.0, 'n': 1, 'top_p': 1.0, 'max_tokens': 2048}
1 options {'temperature': 0.5, 'n': 8, 'top_p': 1.0, 'max_tokens': 150}
Error code: 429 - {'error': {'message': 'invalid request error trace_id: 4c4b87b27a94e69957466f3ea44f014c (request id: 20260615234612826557339n4DfFkQx)', 'type': 'bad_response_status_code', 'param': '', 'code': 'bad_response_status_code'}}
1 options {'temperature': 0.5, 'n': 8, 'top_p': 1.0, 'max_tokens': 150}
Error code: 429 - {'error': {'message': 'invalid request error trace_id: 14e4771f03151bf73c51987fcda16f7b (request id: 20260615234727999403356oXB4zNmS)', 'type': 'bad_response_status_code', 'param': '', 'code': 'bad_response_status_code'}}
1 options {'temperature': 0.5, 'n': 8, 'top_p': 1.0, 'max_tokens': 150}
Error code: 429 - {'error': {'message': 'invalid request error trace_id: b19981371dedd5043a8cd3aa5172e451 (request id: 202606152348419999121329GknV5UI)', 'type': 'bad_response_status_code', 'param': '', 'code': 'bad_response_status_code'}}
1 options {'temperature': 0.5, 'n': 8, 'top_p': 1.0, 'max_tokens': 150}
Error code: 429 - {'error': {'message': 'invalid request error trace_id: f3b0555bfbe1b6d42cee3328bb9b8f7a (request id: 20260615234956612576700GSnN5h98)', 'type': 'bad_response_status_code', 'param': '', 'code': 'bad_response_status_code'}}
FV-chain.py-_dynamic_chain_exec_with_cache_mp_core Error in test-15: too many retry times
Dynamic chain execution:   1%|          | 13/2024 [2:40:39<338:55:41, 606.73s/it]1 options {'temperature': 0.0, 'n': 1, 'top_p': 1.0, 'max_tokens': 2048}
1 options {'temperature': 0.5, 'n': 8, 'top_p': 1.0, 'max_tokens': 150}
Error code: 429 - {'error': {'message': 'invalid request error trace_id: ff3712daa34f4102cf54e8537d5502fb (request id: 20260615235051844774784hq0QpJU7)', 'type': 'bad_response_status_code', 'param': '', 'code': 'bad_response_status_code'}}
1 options {'temperature': 0.5, 'n': 8, 'top_p': 1.0, 'max_tokens': 150}
Error code: 429 - {'error': {'message': 'invalid request error trace_id: 96bfa5c09aa4c1b7273c7046c44ebdac (request id: 20260615235209353902728MRphcnZM)', 'type': 'bad_response_status_code', 'param': '', 'code': 'bad_response_status_code'}}
1 options {'temperature': 0.5, 'n': 8, 'top_p': 1.0, 'max_tokens': 150}
Error code: 429 - {'error': {'message': 'invalid request error trace_id: d11e5ac8a354f3cd93c5e1c29ef60af5 (request id: 202606152353248746255372oO2zx4A)', 'type': 'bad_response_status_code', 'param': '', 'code': 'bad_response_status_code'}}
1 options {'temperature': 0.5, 'n': 8, 'top_p': 1.0, 'max_tokens': 150}
<html>
<head><title>504 Gateway Time-out</title></head>
<body>
<center><h1>504 Gateway Time-out</h1></center>
<hr><center>openresty</center>
</body>
</html>
FV-chain.py-_dynamic_chain_exec_with_cache_mp_core Error in test-16: too many retry times
1 options {'temperature': 0.0, 'n': 1, 'top_p': 1.0, 'max_tokens': 2048}
1 options {'temperature': 0.5, 'n': 8, 'top_p': 1.0, 'max_tokens': 150}
Error code: 429 - {'error': {'message': 'invalid request error trace_id: 267f35201571df2a32e627e4ce73608f (request id: 20260615235834702044466dDbGTn4P)', 'type': 'bad_response_status_code', 'param': '', 'code': 'bad_response_status_code'}}
1 options {'temperature': 0.5, 'n': 8, 'top_p': 1.0, 'max_tokens': 150}
Error code: 429 - {'error': {'message': 'invalid request error trace_id: 0e4c266ecae5c456de87a0b11ca8f7d8 (request id: 20260615235952280737494x337nkhX)', 'type': 'bad_response_status_code', 'param': '', 'code': 'bad_response_status_code'}}
1 options {'temperature': 0.5, 'n': 8, 'top_p': 1.0, 'max_tokens': 150}
Error code: 429 - {'error': {'message': 'invalid request error trace_id: 0ddd47ab5e7de4633456e1404f6a555b (request id: 20260616000101737003511Pp9fPeQR)', 'type': 'bad_response_status_code', 'param': '', 'code': 'bad_response_status_code'}}
1 options {'temperature': 0.5, 'n': 8, 'top_p': 1.0, 'max_tokens': 150}
Error code: 429 - {'error': {'message': 'invalid request error trace_id: 64598ce4ca06bda81db41905faebcf8e (request id: 20260616000212766778192bcEDk44k)', 'type': 'bad_response_status_code', 'param': '', 'code': 'bad_response_status_code'}}
FV-chain.py-_dynamic_chain_exec_with_cache_mp_core Error in test-17: too many retry times
1 options {'temperature': 0.0, 'n': 1, 'top_p': 1.0, 'max_tokens': 2048}
1 options {'temperature': 0.0, 'n': 1, 'top_p': 1.0, 'max_tokens': 150}
1 options {'temperature': 0, 'n': 1, 'top_p': 1.0, 'max_tokens': 150}
1 options {'temperature': 0, 'n': 1, 'top_p': 1.0, 'max_tokens': 150}
1 options {'temperature': 0, 'n': 1, 'top_p': 1.0, 'max_tokens': 150}
1 options {'temperature': 0, 'n': 1, 'top_p': 1.0, 'max_tokens': 150}
1 options {'temperature': 0, 'n': 1, 'top_p': 1.0, 'max_tokens': 150}
1 options {'temperature': 0, 'n': 1, 'top_p': 1.0, 'max_tokens': 150}
1 options {'temperature': 0, 'n': 1, 'top_p': 1.0, 'max_tokens': 150}
1 options {'temperature': 0, 'n': 1, 'top_p': 1.0, 'max_tokens': 150}
1 options {'temperature': 0, 'n': 1, 'top_p': 1.0, 'max_tokens': 150}
1 options {'temperature': 0, 'n': 1, 'top_p': 1.0, 'max_tokens': 150}
1 options {'temperature': 0.0, 'n': 1, 'top_p': 1.0, 'max_tokens': 2048}
<html>
<head><title>504 Gateway Time-out</title></head>
<body>
<center><h1>504 Gateway Time-out</h1></center>
<hr><center>openresty</center>
</body>
</html>
1 options {'temperature': 0.0, 'n': 1, 'top_p': 1.0, 'max_tokens': 2048}
<html>
<head><title>504 Gateway Time-out</title></head>
<body>
<center><h1>504 Gateway Time-out</h1></center>
<hr><center>openresty</center>
</body>
</html>
1 options {'temperature': 0.0, 'n': 1, 'top_p': 1.0, 'max_tokens': 2048}
1 options {'temperature': 0.5, 'n': 8, 'top_p': 1.0, 'max_tokens': 150}
Error code: 429 - {'error': {'message': 'invalid request error trace_id: b856e86e72c0fe0e96521c53315e742d (request id: 20260616001943628132821EU2Vr47K)', 'type': 'bad_response_status_code', 'param': '', 'code': 'bad_response_status_code'}}
1 options {'temperature': 0.5, 'n': 8, 'top_p': 1.0, 'max_tokens': 150}
Error code: 429 - {'error': {'message': 'invalid request error trace_id: ea94f3af63f1ee694cdaa8ac4a392605 (request id: 20260616002102493154050v4EjJSPj)', 'type': 'bad_response_status_code', 'param': '', 'code': 'bad_response_status_code'}}
1 options {'temperature': 0.5, 'n': 8, 'top_p': 1.0, 'max_tokens': 150}
Error code: 429 - {'error': {'message': 'invalid request error trace_id: 757b72d4d35500a8268427331deefa86 (request id: 20260616002213771497355798v35ee)', 'type': 'bad_response_status_code', 'param': '', 'code': 'bad_response_status_code'}}
1 options {'temperature': 0.5, 'n': 8, 'top_p': 1.0, 'max_tokens': 150}
Error code: 429 - {'error': {'message': 'invalid request error trace_id: 5558d68b27a1cd52f17dcc10a4d1ea3c (request id: 202606160023313690815811SXi04yQ)', 'type': 'bad_response_status_code', 'param': '', 'code': 'bad_response_status_code'}}
FV-chain.py-_dynamic_chain_exec_with_cache_mp_core Error in test-18: too many retry times
1 options {'temperature': 0.0, 'n': 1, 'top_p': 1.0, 'max_tokens': 2048}
<html>
<head><title>504 Gateway Time-out</title></head>
<body>
<center><h1>504 Gateway Time-out</h1></center>
<hr><center>openresty</center>
</body>
</html>
1 options {'temperature': 0.0, 'n': 1, 'top_p': 1.0, 'max_tokens': 2048}
<html>
<head><title>504 Gateway Time-out</title></head>
<body>
<center><h1>504 Gateway Time-out</h1></center>
<hr><center>openresty</center>
</body>
</html>
1 options {'temperature': 0.0, 'n': 1, 'top_p': 1.0, 'max_tokens': 2048}
<html>
<head><title>504 Gateway Time-out</title></head>
<body>
<center><h1>504 Gateway Time-out</h1></center>
<hr><center>openresty</center>
</body>
</html>
1 options {'temperature': 0.0, 'n': 1, 'top_p': 1.0, 'max_tokens': 2048}
<html>
<head><title>504 Gateway Time-out</title></head>
<body>
<center><h1>504 Gateway Time-out</h1></center>
<hr><center>openresty</center>
</body>
</html>
FV-chain.py-_dynamic_chain_exec_with_cache_mp_core Error in test-19: too many retry times
Dynamic chain execution:   1%|          | 17/2024 [3:29:20<364:48:51, 654.38s/it]1 options {'temperature': 0.0, 'n': 1, 'top_p': 1.0, 'max_tokens': 2048}
1 options {'temperature': 0.5, 'n': 8, 'top_p': 1.0, 'max_tokens': 150}
Error code: 429 - {'error': {'message': 'invalid request error trace_id: a72f6e532e6d0a8a08424204915deb03 (request id: 2026061600405395534646uC6YJ4ws)', 'type': 'bad_response_status_code', 'param': '', 'code': 'bad_response_status_code'}}
1 options {'temperature': 0.5, 'n': 8, 'top_p': 1.0, 'max_tokens': 150}
Error code: 429 - {'error': {'message': 'invalid request error trace_id: 6e8a5f4e57b49db13fb9b29c3e353eca (request id: 20260616004207697558562WPjOZ2M8)', 'type': 'bad_response_status_code', 'param': '', 'code': 'bad_response_status_code'}}
1 options {'temperature': 0.5, 'n': 8, 'top_p': 1.0, 'max_tokens': 150}
Error code: 429 - {'error': {'message': 'invalid request error trace_id: 424770a8b07fcfdd5575f95871361893 (request id: 202606160043197598468651Ga17C2y)', 'type': 'bad_response_status_code', 'param': '', 'code': 'bad_response_status_code'}}
1 options {'temperature': 0.5, 'n': 8, 'top_p': 1.0, 'max_tokens': 150}
Error code: 429 - {'error': {'message': 'invalid request error trace_id: 3fa2f4edf4047057ecca6c5e93952640 (request id: 20260616004437648319521LBmmiBH1)', 'type': 'bad_response_status_code', 'param': '', 'code': 'bad_response_status_code'}}
FV-chain.py-_dynamic_chain_exec_with_cache_mp_core Error in test-20: too many retry times
1 options {'temperature': 0.0, 'n': 1, 'top_p': 1.0, 'max_tokens': 2048}
1 options {'temperature': 0.5, 'n': 8, 'top_p': 1.0, 'max_tokens': 150}
Error code: 429 - {'error': {'message': 'invalid request error trace_id: 0697d8d967367daa775351db5980bcb5 (request id: 2026061600454089106363hn9KZxJX)', 'type': 'bad_response_status_code', 'param': '', 'code': 'bad_response_status_code'}}
1 options {'temperature': 0.5, 'n': 8, 'top_p': 1.0, 'max_tokens': 150}
Error code: 429 - {'error': {'message': 'invalid request error trace_id: 5f2db78cac6c845542c2029591a494f0 (request id: 20260616004657944467147sR1bYfem)', 'type': 'bad_response_status_code', 'param': '', 'code': 'bad_response_status_code'}}
1 options {'temperature': 0.5, 'n': 8, 'top_p': 1.0, 'max_tokens': 150}
Error code: 429 - {'error': {'message': 'invalid request error trace_id: 87d7bd2e996febaeba4d4cb1a268211c (request id: 20260616004813997953067yqwv7B4p)', 'type': 'bad_response_status_code', 'param': '', 'code': 'bad_response_status_code'}}
1 options {'temperature': 0.5, 'n': 8, 'top_p': 1.0, 'max_tokens': 150}
Error code: 429 - {'error': {'message': 'invalid request error trace_id: 7c26c601c574ccf7075f2441978c7448 (request id: 20260616004931825761498buabnI3P)', 'type': 'bad_response_status_code', 'param': '', 'code': 'bad_response_status_code'}}
FV-chain.py-_dynamic_chain_exec_with_cache_mp_core Error in test-21: too many retry times
1 options {'temperature': 0.0, 'n': 1, 'top_p': 1.0, 'max_tokens': 2048}
1 options {'temperature': 0.5, 'n': 8, 'top_p': 1.0, 'max_tokens': 150}
Error code: 429 - {'error': {'message': 'invalid request error trace_id: 5b8cc2400a60d9c4615e2104d3436101 (request id: 20260616005046253815129ZGVTJyne)', 'type': 'bad_response_status_code', 'param': '', 'code': 'bad_response_status_code'}}
1 options {'temperature': 0.5, 'n': 8, 'top_p': 1.0, 'max_tokens': 150}
Error code: 429 - {'error': {'message': 'invalid request error trace_id: db7ba88d6544fe149c7059489abf54d5 (request id: 20260616005200822882237I4sNccEG)', 'type': 'bad_response_status_code', 'param': '', 'code': 'bad_response_status_code'}}
1 options {'temperature': 0.5, 'n': 8, 'top_p': 1.0, 'max_tokens': 150}
Error code: 429 - {'error': {'message': 'invalid request error trace_id: 8b5b4bde7e71a9e9dd5049c1580aa781 (request id: 20260616005317115823023MvYJuuzO)', 'type': 'bad_response_status_code', 'param': '', 'code': 'bad_response_status_code'}}
1 options {'temperature': 0.5, 'n': 8, 'top_p': 1.0, 'max_tokens': 150}
Error code: 429 - {'error': {'message': 'invalid request error trace_id: be655bb42bb61f1cd86af374f7a6191c (request id: 20260616005429670712743jUlYoJPY)', 'type': 'bad_response_status_code', 'param': '', 'code': 'bad_response_status_code'}}
FV-chain.py-_dynamic_chain_exec_with_cache_mp_core Error in test-22: too many retry times
1 options {'temperature': 0.0, 'n': 1, 'top_p': 1.0, 'max_tokens': 2048}
<html>
<head><title>504 Gateway Time-out</title></head>
<body>
<center><h1>504 Gateway Time-out</h1></center>
<hr><center>openresty</center>
</body>
</html>
1 options {'temperature': 0.0, 'n': 1, 'top_p': 1.0, 'max_tokens': 2048}
<html>
<head><title>504 Gateway Time-out</title></head>
<body>
<center><h1>504 Gateway Time-out</h1></center>
<hr><center>openresty</center>
</body>
</html>
1 options {'temperature': 0.0, 'n': 1, 'top_p': 1.0, 'max_tokens': 2048}
<html>
<head><title>504 Gateway Time-out</title></head>
<body>
<center><h1>504 Gateway Time-out</h1></center>
<hr><center>openresty</center>
</body>
</html>
1 options {'temperature': 0.0, 'n': 1, 'top_p': 1.0, 'max_tokens': 2048}
<html>
<head><title>504 Gateway Time-out</title></head>
<body>
<center><h1>504 Gateway Time-out</h1></center>
<hr><center>openresty</center>
</body>
</html>
FV-chain.py-_dynamic_chain_exec_with_cache_mp_core Error in test-23: too many retry times
Dynamic chain execution:   1%|          | 21/2024 [4:00:16<326:27:16, 586.74s/it]1 options {'temperature': 0.0, 'n': 1, 'top_p': 1.0, 'max_tokens': 2048}
1 options {'temperature': 0.0, 'n': 1, 'top_p': 1.0, 'max_tokens': 150}
1 options {'temperature': 0, 'n': 1, 'top_p': 1.0, 'max_tokens': 150}
1 options {'temperature': 0, 'n': 1, 'top_p': 1.0, 'max_tokens': 150}
1 options {'temperature': 0, 'n': 1, 'top_p': 1.0, 'max_tokens': 150}
1 options {'temperature': 0, 'n': 1, 'top_p': 1.0, 'max_tokens': 150}
1 options {'temperature': 0, 'n': 1, 'top_p': 1.0, 'max_tokens': 150}
1 options {'temperature': 0, 'n': 1, 'top_p': 1.0, 'max_tokens': 150}
1 options {'temperature': 0, 'n': 1, 'top_p': 1.0, 'max_tokens': 150}
1 options {'temperature': 0, 'n': 1, 'top_p': 1.0, 'max_tokens': 150}
1 options {'temperature': 0, 'n': 1, 'top_p': 1.0, 'max_tokens': 150}
1 options {'temperature': 0, 'n': 1, 'top_p': 1.0, 'max_tokens': 150}
1 options {'temperature': 0.0, 'n': 1, 'top_p': 1.0, 'max_tokens': 2048}
<html>
<head><title>504 Gateway Time-out</title></head>
<body>
<center><h1>504 Gateway Time-out</h1></center>
<hr><center>openresty</center>
</body>
</html>
1 options {'temperature': 0.0, 'n': 1, 'top_p': 1.0, 'max_tokens': 2048}
1 options {'temperature': 0.5, 'n': 8, 'top_p': 1.0, 'max_tokens': 150}
Error code: 429 - {'error': {'message': 'invalid request error trace_id: 7a95dfdd52ea72ab51ff97a55a34d044 (request id: 20260616012434384227843SIJPC4mS)', 'type': 'bad_response_status_code', 'param': '', 'code': 'bad_response_status_code'}}
1 options {'temperature': 0.5, 'n': 8, 'top_p': 1.0, 'max_tokens': 150}
Error code: 429 - {'error': {'message': 'invalid request error trace_id: 9bf959b5e8002e111fa7dbc2267db805 (request id: 202606160125465782837248lau6R1t)', 'type': 'bad_response_status_code', 'param': '', 'code': 'bad_response_status_code'}}
1 options {'temperature': 0.5, 'n': 8, 'top_p': 1.0, 'max_tokens': 150}
Error code: 429 - {'error': {'message': 'invalid request error trace_id: 091f0b0a1a4a892f97aeab37c31c69df (request id: 20260616012705953724854c6okZyEe)', 'type': 'bad_response_status_code', 'param': '', 'code': 'bad_response_status_code'}}
1 options {'temperature': 0.5, 'n': 8, 'top_p': 1.0, 'max_tokens': 150}
Error code: 429 - {'error': {'message': 'invalid request error trace_id: 455355e23c2044fbb617412d3222289c (request id: 20260616012818715846504LlTIDvax)', 'type': 'bad_response_status_code', 'param': '', 'code': 'bad_response_status_code'}}
FV-chain.py-_dynamic_chain_exec_with_cache_mp_core Error in test-24: too many retry times
1 options {'temperature': 0.0, 'n': 1, 'top_p': 1.0, 'max_tokens': 2048}
1 options {'temperature': 0.5, 'n': 8, 'top_p': 1.0, 'max_tokens': 150}
Error code: 429 - {'error': {'message': 'invalid request error trace_id: 6004317e1756b0e107282b6a27671c8c (request id: 20260616012909945239423aZG8lCxc)', 'type': 'bad_response_status_code', 'param': '', 'code': 'bad_response_status_code'}}
1 options {'temperature': 0.5, 'n': 8, 'top_p': 1.0, 'max_tokens': 150}
Error code: 429 - {'error': {'message': 'invalid request error trace_id: b94a5b1ed87fbfad62b68bd7a59dcdca (request id: 20260616013023649545962mSAy1AL5)', 'type': 'bad_response_status_code', 'param': '', 'code': 'bad_response_status_code'}}
1 options {'temperature': 0.5, 'n': 8, 'top_p': 1.0, 'max_tokens': 150}
Error code: 429 - {'error': {'message': 'invalid request error trace_id: 005106f00deb735dad2057c179eb2272 (request id: 20260616013137460698556qsBwUEDm)', 'type': 'bad_response_status_code', 'param': '', 'code': 'bad_response_status_code'}}
1 options {'temperature': 0.5, 'n': 8, 'top_p': 1.0, 'max_tokens': 150}
Error code: 429 - {'error': {'message': 'invalid request error trace_id: adc0b5d03d72d51a31d56c4383dd0b55 (request id: 20260616013248565335164E6Lqli0u)', 'type': 'bad_response_status_code', 'param': '', 'code': 'bad_response_status_code'}}
FV-chain.py-_dynamic_chain_exec_with_cache_mp_core Error in test-25: too many retry times
1 options {'temperature': 0.0, 'n': 1, 'top_p': 1.0, 'max_tokens': 2048}
Error code: 429 - {'error': {'message': '当前分组上游负载已饱和，请稍后再试 (request id: 20260616013454353232559Mrx41m7v)', 'type': 'do_request_failed', 'param': '', 'code': None}}
1 options {'temperature': 0.0, 'n': 1, 'top_p': 1.0, 'max_tokens': 2048}
1 options {'temperature': 0.5, 'n': 8, 'top_p': 1.0, 'max_tokens': 150}
Error code: 429 - {'error': {'message': 'invalid request error trace_id: f546e1c3db8b092ca3ff89b6edd40e50 (request id: 202606160139556915661041GsmvbmJ)', 'type': 'bad_response_status_code', 'param': '', 'code': 'bad_response_status_code'}}
1 options {'temperature': 0.5, 'n': 8, 'top_p': 1.0, 'max_tokens': 150}
Error code: 429 - {'error': {'message': 'invalid request error trace_id: 412f330a56934280b18f224ae1a42eaa (request id: 20260616014109978941381nqmNAHb0)', 'type': 'bad_response_status_code', 'param': '', 'code': 'bad_response_status_code'}}
1 options {'temperature': 0.5, 'n': 8, 'top_p': 1.0, 'max_tokens': 150}
Error code: 429 - {'error': {'message': 'invalid request error trace_id: 481d6d9d9adfec2c685143bbd8d1ca28 (request id: 20260616014219385800153T5kcLqej)', 'type': 'bad_response_status_code', 'param': '', 'code': 'bad_response_status_code'}}
1 options {'temperature': 0.5, 'n': 8, 'top_p': 1.0, 'max_tokens': 150}
Error code: 429 - {'error': {'message': 'invalid request error trace_id: f1414e2f481e5a97d70b5ad7d255c888 (request id: 20260616014335430526498kKPWr6dr)', 'type': 'bad_response_status_code', 'param': '', 'code': 'bad_response_status_code'}}
FV-chain.py-_dynamic_chain_exec_with_cache_mp_core Error in test-26: too many retry times
1 options {'temperature': 0.0, 'n': 1, 'top_p': 1.0, 'max_tokens': 2048}
1 options {'temperature': 0.5, 'n': 8, 'top_p': 1.0, 'max_tokens': 150}
Error code: 429 - {'error': {'message': 'invalid request error trace_id: afa6d70040940bfb4f98902b10dea03c (request id: 20260616014434576687505VyDqTEZm)', 'type': 'bad_response_status_code', 'param': '', 'code': 'bad_response_status_code'}}
1 options {'temperature': 0.5, 'n': 8, 'top_p': 1.0, 'max_tokens': 150}
Error code: 429 - {'error': {'message': 'invalid request error trace_id: 2ec5b3c4b85dc4725b7320404f1155fd (request id: 202606160145496029987257fk6fJio)', 'type': 'bad_response_status_code', 'param': '', 'code': 'bad_response_status_code'}}
1 options {'temperature': 0.5, 'n': 8, 'top_p': 1.0, 'max_tokens': 150}
Error code: 429 - {'error': {'message': 'invalid request error trace_id: 58d4046d614a0e68a6be1cf19c90fff2 (request id: 20260616014711515807212CMrxVV1s)', 'type': 'bad_response_status_code', 'param': '', 'code': 'bad_response_status_code'}}
1 options {'temperature': 0.5, 'n': 8, 'top_p': 1.0, 'max_tokens': 150}
Error code: 429 - {'error': {'message': 'invalid request error trace_id: 742ce83f60558200aebfee6db3515a3a (request id: 2026061601482114424296S2z4kejN)', 'type': 'bad_response_status_code', 'param': '', 'code': 'bad_response_status_code'}}
FV-chain.py-_dynamic_chain_exec_with_cache_mp_core Error in test-27: too many retry times
Dynamic chain execution:   1%|          | 25/2024 [4:39:01<324:44:21, 584.82s/it]1 options {'temperature': 0.0, 'n': 1, 'top_p': 1.0, 'max_tokens': 2048}
1 options {'temperature': 0.5, 'n': 8, 'top_p': 1.0, 'max_tokens': 150}
Error code: 429 - {'error': {'message': 'invalid request error trace_id: 9b1ae8bb5625870db2be42a1ddb7fc30 (request id: 2026061601493360392334DtdxLQYP)', 'type': 'bad_response_status_code', 'param': '', 'code': 'bad_response_status_code'}}
1 options {'temperature': 0.5, 'n': 8, 'top_p': 1.0, 'max_tokens': 150}
Error code: 429 - {'error': {'message': 'invalid request error trace_id: f139a40bdabcfe899fcd4dfa56c31cac (request id: 20260616015052267497092rxlJQDtL)', 'type': 'bad_response_status_code', 'param': '', 'code': 'bad_response_status_code'}}
1 options {'temperature': 0.5, 'n': 8, 'top_p': 1.0, 'max_tokens': 150}
Error code: 429 - {'error': {'message': 'invalid request error trace_id: 870393379983bc141fb8e9727dad86bb (request id: 20260616015201399859906BmO9w4MG)', 'type': 'bad_response_status_code', 'param': '', 'code': 'bad_response_status_code'}}
1 options {'temperature': 0.5, 'n': 8, 'top_p': 1.0, 'max_tokens': 150}
Error code: 429 - {'error': {'message': 'invalid request error trace_id: 1cff6131f0788815aa98a5d6f455d46f (request id: 20260616015317917940436uoXBp64i)', 'type': 'bad_response_status_code', 'param': '', 'code': 'bad_response_status_code'}}
FV-chain.py-_dynamic_chain_exec_with_cache_mp_core Error in test-28: too many retry times
1 options {'temperature': 0.0, 'n': 1, 'top_p': 1.0, 'max_tokens': 2048}
1 options {'temperature': 0.5, 'n': 8, 'top_p': 1.0, 'max_tokens': 150}
Error code: 429 - {'error': {'message': 'invalid request error trace_id: 3f9c53d99486607ddda626876ab22cbc (request id: 20260616015413353120100zN2S4ZTC)', 'type': 'bad_response_status_code', 'param': '', 'code': 'bad_response_status_code'}}
1 options {'temperature': 0.5, 'n': 8, 'top_p': 1.0, 'max_tokens': 150}
Error code: 429 - {'error': {'message': 'invalid request error trace_id: 2d1915090a13d41cad54369673ca04b7 (request id: 20260616015525701958401ItDbLayx)', 'type': 'bad_response_status_code', 'param': '', 'code': 'bad_response_status_code'}}
1 options {'temperature': 0.5, 'n': 8, 'top_p': 1.0, 'max_tokens': 150}
Error code: 429 - {'error': {'message': 'invalid request error trace_id: 47f27615982c2d8a2be68c0dcb81c99d (request id: 202606160156454964022655bv2Isqz)', 'type': 'bad_response_status_code', 'param': '', 'code': 'bad_response_status_code'}}
1 options {'temperature': 0.5, 'n': 8, 'top_p': 1.0, 'max_tokens': 150}
Error code: 429 - {'error': {'message': 'invalid request error trace_id: 37d4d9ee338701410319ad7d1e62b5d0 (request id: 20260616015759491330426sktWFrUc)', 'type': 'bad_response_status_code', 'param': '', 'code': 'bad_response_status_code'}}
FV-chain.py-_dynamic_chain_exec_with_cache_mp_core Error in test-29: too many retry times
1 options {'temperature': 0.0, 'n': 1, 'top_p': 1.0, 'max_tokens': 2048}
1 options {'temperature': 0.5, 'n': 8, 'top_p': 1.0, 'max_tokens': 150}
Error code: 429 - {'error': {'message': 'invalid request error trace_id: 2904840ba7c9545e2528b21dd7ca2974 (request id: 202606160159096461900079ZKbVIOc)', 'type': 'bad_response_status_code', 'param': '', 'code': 'bad_response_status_code'}}
1 options {'temperature': 0.5, 'n': 8, 'top_p': 1.0, 'max_tokens': 150}
Error code: 429 - {'error': {'message': 'invalid request error trace_id: 24eca547539676b3d1efad0701d6bf45 (request id: 2026061602002449062123HeeMmvn3)', 'type': 'bad_response_status_code', 'param': '', 'code': 'bad_response_status_code'}}
1 options {'temperature': 0.5, 'n': 8, 'top_p': 1.0, 'max_tokens': 150}
Error code: 429 - {'error': {'message': 'invalid request error trace_id: 989ad8f78941a1e3bda96c870cc68bd1 (request id: 20260616020141519301191GnYkLQ9D)', 'type': 'bad_response_status_code', 'param': '', 'code': 'bad_response_status_code'}}
1 options {'temperature': 0.5, 'n': 8, 'top_p': 1.0, 'max_tokens': 150}
Error code: 429 - {'error': {'message': 'invalid request error trace_id: e3ec081c94cb0599c9368b061cbd4a32 (request id: 202606160202515183931077ZBbiMfq)', 'type': 'bad_response_status_code', 'param': '', 'code': 'bad_response_status_code'}}
FV-chain.py-_dynamic_chain_exec_with_cache_mp_core Error in test-30: too many retry times
1 options {'temperature': 0.0, 'n': 1, 'top_p': 1.0, 'max_tokens': 2048}
<html>
<head><title>504 Gateway Time-out</title></head>
<body>
<center><h1>504 Gateway Time-out</h1></center>
<hr><center>openresty</center>
</body>
</html>
1 options {'temperature': 0.0, 'n': 1, 'top_p': 1.0, 'max_tokens': 2048}
<html>
<head><title>504 Gateway Time-out</title></head>
<body>
<center><h1>504 Gateway Time-out</h1></center>
<hr><center>openresty</center>
</body>
</html>
1 options {'temperature': 0.0, 'n': 1, 'top_p': 1.0, 'max_tokens': 2048}
<html>
<head><title>504 Gateway Time-out</title></head>
<body>
<center><h1>504 Gateway Time-out</h1></center>
<hr><center>openresty</center>
</body>
</html>
1 options {'temperature': 0.0, 'n': 1, 'top_p': 1.0, 'max_tokens': 2048}
<html>
<head><title>504 Gateway Time-out</title></head>
<body>
<center><h1>504 Gateway Time-out</h1></center>
<hr><center>openresty</center>
</body>
</html>
FV-chain.py-_dynamic_chain_exec_with_cache_mp_core Error in test-31: too many retry times
Dynamic chain execution:   1%|▏         | 29/2024 [5:08:38<298:48:06, 539.19s/it]1 options {'temperature': 0.0, 'n': 1, 'top_p': 1.0, 'max_tokens': 2048}
1 options {'temperature': 0.5, 'n': 8, 'top_p': 1.0, 'max_tokens': 150}
Error code: 429 - {'error': {'message': 'invalid request error trace_id: 16babff272a4cb8c13065dd5b2ac176a (request id: 20260616021841185208006Qv9rFSim)', 'type': 'bad_response_status_code', 'param': '', 'code': 'bad_response_status_code'}}
1 options {'temperature': 0.5, 'n': 8, 'top_p': 1.0, 'max_tokens': 150}
Error code: 429 - {'error': {'message': 'invalid request error trace_id: 3d2dc78f1d5c7473d9210e11e485b73e (request id: 20260616021950189509347qEODSxki)', 'type': 'bad_response_status_code', 'param': '', 'code': 'bad_response_status_code'}}
1 options {'temperature': 0.5, 'n': 8, 'top_p': 1.0, 'max_tokens': 150}
Error code: 429 - {'error': {'message': 'invalid request error trace_id: 121e70021342285de4a82f6fdb13ea3a (request id: 20260616022103697451531OBHBnGEC)', 'type': 'bad_response_status_code', 'param': '', 'code': 'bad_response_status_code'}}
1 options {'temperature': 0.5, 'n': 8, 'top_p': 1.0, 'max_tokens': 150}
Error code: 429 - {'error': {'message': 'invalid request error trace_id: 1b00021d864acdc7f43b5347dc98b6ae (request id: 20260616022212393052735QjIOCe1C)', 'type': 'bad_response_status_code', 'param': '', 'code': 'bad_response_status_code'}}
FV-chain.py-_dynamic_chain_exec_with_cache_mp_core Error in test-32: too many retry times
1 options {'temperature': 0.0, 'n': 1, 'top_p': 1.0, 'max_tokens': 2048}
<html>
<head><title>504 Gateway Time-out</title></head>
<body>
<center><h1>504 Gateway Time-out</h1></center>
<hr><center>openresty</center>
</body>
</html>
1 options {'temperature': 0.0, 'n': 1, 'top_p': 1.0, 'max_tokens': 2048}
<html>
<head><title>504 Gateway Time-out</title></head>
<body>
<center><h1>504 Gateway Time-out</h1></center>
<hr><center>openresty</center>
</body>
</html>
1 options {'temperature': 0.0, 'n': 1, 'top_p': 1.0, 'max_tokens': 2048}
1 options {'temperature': 0.5, 'n': 8, 'top_p': 1.0, 'max_tokens': 150}
Error code: 429 - {'error': {'message': 'invalid request error trace_id: bff8fe0aa94a4738ffdd351885e8d6a8 (request id: 20260616023122899437204zVVew3g5)', 'type': 'bad_response_status_code', 'param': '', 'code': 'bad_response_status_code'}}
1 options {'temperature': 0.5, 'n': 8, 'top_p': 1.0, 'max_tokens': 150}
Error code: 429 - {'error': {'message': 'invalid request error trace_id: c738faaf70392eb7c614f11f60ce4a8d (request id: 202606160232332394255471OwVMxdl)', 'type': 'bad_response_status_code', 'param': '', 'code': 'bad_response_status_code'}}
1 options {'temperature': 0.5, 'n': 8, 'top_p': 1.0, 'max_tokens': 150}
Error code: 429 - {'error': {'message': 'invalid request error trace_id: e9d3d971ba7a30644cc184a19a43192b (request id: 20260616023343787126380J2IZPreb)', 'type': 'bad_response_status_code', 'param': '', 'code': 'bad_response_status_code'}}
1 options {'temperature': 0.5, 'n': 8, 'top_p': 1.0, 'max_tokens': 150}
Error code: 429 - {'error': {'message': 'invalid request error trace_id: addb1e9d74619e6060bf64db8222084f (request id: 20260616023453167337713NysL79yi)', 'type': 'bad_response_status_code', 'param': '', 'code': 'bad_response_status_code'}}
FV-chain.py-_dynamic_chain_exec_with_cache_mp_core Error in test-33: too many retry times
1 options {'temperature': 0.0, 'n': 1, 'top_p': 1.0, 'max_tokens': 2048}
1 options {'temperature': 0.5, 'n': 8, 'top_p': 1.0, 'max_tokens': 150}
Error code: 429 - {'error': {'message': 'invalid request error trace_id: 157aee9c6663fd81f3c1ccde695804d5 (request id: 202606160235598662398295yYxcMcw)', 'type': 'bad_response_status_code', 'param': '', 'code': 'bad_response_status_code'}}
1 options {'temperature': 0.5, 'n': 8, 'top_p': 1.0, 'max_tokens': 150}
Error code: 429 - {'error': {'message': 'invalid request error trace_id: 887c94897ac2d103ad7c2d53de775894 (request id: 20260616023708893725151nEWyZODp)', 'type': 'bad_response_status_code', 'param': '', 'code': 'bad_response_status_code'}}
1 options {'temperature': 0.5, 'n': 8, 'top_p': 1.0, 'max_tokens': 150}
Error code: 429 - {'error': {'message': 'invalid request error trace_id: f6e72bc2f0c868c4bf3b644016ad3d60 (request id: 20260616023820183332422yB0IkdLU)', 'type': 'bad_response_status_code', 'param': '', 'code': 'bad_response_status_code'}}
1 options {'temperature': 0.5, 'n': 8, 'top_p': 1.0, 'max_tokens': 150}
Error code: 429 - {'error': {'message': 'invalid request error trace_id: b5bed00fac307e0d472e7004c75d665b (request id: 2026061602392830781325974KSnWS9)', 'type': 'bad_response_status_code', 'param': '', 'code': 'bad_response_status_code'}}
FV-chain.py-_dynamic_chain_exec_with_cache_mp_core Error in test-34: too many retry times
1 options {'temperature': 0.0, 'n': 1, 'top_p': 1.0, 'max_tokens': 2048}
1 options {'temperature': 0.5, 'n': 8, 'top_p': 1.0, 'max_tokens': 150}
Error code: 429 - {'error': {'message': 'invalid request error trace_id: 08eba8c8b701bcefbf53d64579ea1873 (request id: 20260616024019736598913xKwKMRQM)', 'type': 'bad_response_status_code', 'param': '', 'code': 'bad_response_status_code'}}
1 options {'temperature': 0.5, 'n': 8, 'top_p': 1.0, 'max_tokens': 150}
Error code: 429 - {'error': {'message': 'invalid request error trace_id: 790013cb3c6c5595f4b431e5ddb36d05 (request id: 20260616024129711779406RXSd0Ufn)', 'type': 'bad_response_status_code', 'param': '', 'code': 'bad_response_status_code'}}
1 options {'temperature': 0.5, 'n': 8, 'top_p': 1.0, 'max_tokens': 150}
Error code: 429 - {'error': {'message': 'invalid request error trace_id: 87d9b67f1fb289482518ad5638537167 (request id: 20260616024239584717170Sqe4yyzd)', 'type': 'bad_response_status_code', 'param': '', 'code': 'bad_response_status_code'}}
1 options {'temperature': 0.5, 'n': 8, 'top_p': 1.0, 'max_tokens': 150}
Error code: 429 - {'error': {'message': 'invalid request error trace_id: 03c25e3c2a2c5d4e58cbafe5edb15a0e (request id: 20260616024348443610964KH5E7DR4)', 'type': 'bad_response_status_code', 'param': '', 'code': 'bad_response_status_code'}}
FV-chain.py-_dynamic_chain_exec_with_cache_mp_core Error in test-35: too many retry times
Dynamic chain execution:   2%|▏         | 33/2024 [5:34:28<271:38:06, 491.15s/it]1 options {'temperature': 0.0, 'n': 1, 'top_p': 1.0, 'max_tokens': 2048}
<html>
<head><title>504 Gateway Time-out</title></head>
<body>
<center><h1>504 Gateway Time-out</h1></center>
<hr><center>openresty</center>
</body>
</html>
1 options {'temperature': 0.0, 'n': 1, 'top_p': 1.0, 'max_tokens': 2048}
1 options {'temperature': 0.5, 'n': 8, 'top_p': 1.0, 'max_tokens': 150}
Error code: 429 - {'error': {'message': 'invalid request error trace_id: 871260ee02ad2a946991a27a1ea5cc80 (request id: 20260616024953238013624w0wy5IaY)', 'type': 'bad_response_status_code', 'param': '', 'code': 'bad_response_status_code'}}
1 options {'temperature': 0.5, 'n': 8, 'top_p': 1.0, 'max_tokens': 150}
Error code: 429 - {'error': {'message': 'invalid request error trace_id: 5e4785a1a3b86a053ee9c1cd0625d447 (request id: 20260616025102173854676aFpcFvBq)', 'type': 'bad_response_status_code', 'param': '', 'code': 'bad_response_status_code'}}
1 options {'temperature': 0.5, 'n': 8, 'top_p': 1.0, 'max_tokens': 150}
Error code: 429 - {'error': {'message': 'invalid request error trace_id: 542e9c14398fdd1d9f25c18216078bff (request id: 20260616025211693468932HSV6IwU6)', 'type': 'bad_response_status_code', 'param': '', 'code': 'bad_response_status_code'}}
1 options {'temperature': 0.5, 'n': 8, 'top_p': 1.0, 'max_tokens': 150}
Error code: 429 - {'error': {'message': 'invalid request error trace_id: b45d693275290b33bd4554fafb103485 (request id: 20260616025320334945825wQA84hL6)', 'type': 'bad_response_status_code', 'param': '', 'code': 'bad_response_status_code'}}
FV-chain.py-_dynamic_chain_exec_with_cache_mp_core Error in test-36: too many retry times
1 options {'temperature': 0.0, 'n': 1, 'top_p': 1.0, 'max_tokens': 2048}
<html>
<head><title>504 Gateway Time-out</title></head>
<body>
<center><h1>504 Gateway Time-out</h1></center>
<hr><center>openresty</center>
</body>
</html>
1 options {'temperature': 0.0, 'n': 1, 'top_p': 1.0, 'max_tokens': 2048}
1 options {'temperature': 0.5, 'n': 8, 'top_p': 1.0, 'max_tokens': 150}
Error code: 429 - {'error': {'message': 'invalid request error trace_id: bb2d484cd0eb69b420b9508b18c15d04 (request id: 20260616025830453432428ikuUiGTE)', 'type': 'bad_response_status_code', 'param': '', 'code': 'bad_response_status_code'}}
1 options {'temperature': 0.5, 'n': 8, 'top_p': 1.0, 'max_tokens': 150}
Error code: 429 - {'error': {'message': 'invalid request error trace_id: 76b2e605ffffd06e903ef3ecc7cd027f (request id: 20260616025939376980754uTl2KziO)', 'type': 'bad_response_status_code', 'param': '', 'code': 'bad_response_status_code'}}
1 options {'temperature': 0.5, 'n': 8, 'top_p': 1.0, 'max_tokens': 150}
Error code: 429 - {'error': {'message': 'invalid request error trace_id: 17df2b18398782acf3d89039ed22eb08 (request id: 2026061603004915457027QBiit9uo)', 'type': 'bad_response_status_code', 'param': '', 'code': 'bad_response_status_code'}}
1 options {'temperature': 0.5, 'n': 8, 'top_p': 1.0, 'max_tokens': 150}
Error code: 429 - {'error': {'message': 'invalid request error trace_id: ab4ea4775407f96e20cdd317d54cf5b3 (request id: 20260616030156907696401delJFpRt)', 'type': 'bad_response_status_code', 'param': '', 'code': 'bad_response_status_code'}}
FV-chain.py-_dynamic_chain_exec_with_cache_mp_core Error in test-37: too many retry times
1 options {'temperature': 0.0, 'n': 1, 'top_p': 1.0, 'max_tokens': 2048}
1 options {'temperature': 0.5, 'n': 8, 'top_p': 1.0, 'max_tokens': 150}
Error code: 429 - {'error': {'message': 'invalid request error trace_id: 69763d449c9c424fdab8fce65097f917 (request id: 20260616030409389270752SMNwtE23)', 'type': 'bad_response_status_code', 'param': '', 'code': 'bad_response_status_code'}}
1 options {'temperature': 0.5, 'n': 8, 'top_p': 1.0, 'max_tokens': 150}
Error code: 429 - {'error': {'message': 'invalid request error trace_id: 3e25b1a13075733325e3ec0c8a2beb68 (request id: 20260616030519111065635LLFGclXw)', 'type': 'bad_response_status_code', 'param': '', 'code': 'bad_response_status_code'}}
1 options {'temperature': 0.5, 'n': 8, 'top_p': 1.0, 'max_tokens': 150}
Error code: 429 - {'error': {'message': 'invalid request error trace_id: 9a0efc117180a5cc1f5336eb58d891c9 (request id: 202606160306288174186613NPKCZPr)', 'type': 'bad_response_status_code', 'param': '', 'code': 'bad_response_status_code'}}
1 options {'temperature': 0.5, 'n': 8, 'top_p': 1.0, 'max_tokens': 150}
Error code: 429 - {'error': {'message': 'invalid request error trace_id: eff0180984ad7fd5d06926188f869f8f (request id: 20260616030738607416696muNBc6UF)', 'type': 'bad_response_status_code', 'param': '', 'code': 'bad_response_status_code'}}
FV-chain.py-_dynamic_chain_exec_with_cache_mp_core Error in test-38: too many retry times
1 options {'temperature': 0.0, 'n': 1, 'top_p': 1.0, 'max_tokens': 2048}
1 options {'temperature': 0.5, 'n': 8, 'top_p': 1.0, 'max_tokens': 150}
Error code: 429 - {'error': {'message': 'invalid request error trace_id: ab0306e21f81fbef68c563b07db7c78f (request id: 20260616030938910280553bYhnCf1d)', 'type': 'bad_response_status_code', 'param': '', 'code': 'bad_response_status_code'}}
1 options {'temperature': 0.5, 'n': 8, 'top_p': 1.0, 'max_tokens': 150}
Error code: 429 - {'error': {'message': 'invalid request error trace_id: 0b8015d62bfbe43c566ba0e0e1f6368b (request id: 2026061603104786899166VMpzZTFj)', 'type': 'bad_response_status_code', 'param': '', 'code': 'bad_response_status_code'}}
1 options {'temperature': 0.5, 'n': 8, 'top_p': 1.0, 'max_tokens': 150}
Error code: 429 - {'error': {'message': 'invalid request error trace_id: ce2fe4ce6c43cefd2b26c7b77e902af6 (request id: 20260616031155667472749E6amohnk)', 'type': 'bad_response_status_code', 'param': '', 'code': 'bad_response_status_code'}}
1 options {'temperature': 0.5, 'n': 8, 'top_p': 1.0, 'max_tokens': 150}
Error code: 429 - {'error': {'message': 'invalid request error trace_id: 7b05d0219d877924c1355486adc9db1f (request id: 20260616031304685525260l7vWMenK)', 'type': 'bad_response_status_code', 'param': '', 'code': 'bad_response_status_code'}}
FV-chain.py-_dynamic_chain_exec_with_cache_mp_core Error in test-39: too many retry times
Dynamic chain execution:   2%|▏         | 37/2024 [6:03:41<261:58:05, 474.63s/it]1 options {'temperature': 0.0, 'n': 1, 'top_p': 1.0, 'max_tokens': 2048}
1 options {'temperature': 0.5, 'n': 8, 'top_p': 1.0, 'max_tokens': 150}
Error code: 429 - {'error': {'message': 'invalid request error trace_id: 60851a506084771bf1024a4628735cda (request id: 20260616031410723421465hHzmiuFe)', 'type': 'bad_response_status_code', 'param': '', 'code': 'bad_response_status_code'}}
1 options {'temperature': 0.5, 'n': 8, 'top_p': 1.0, 'max_tokens': 150}
Error code: 429 - {'error': {'message': 'invalid request error trace_id: d8d00f882b708c97a0a4e0565d2ca8cf (request id: 20260616031519276459090xcORpSsD)', 'type': 'bad_response_status_code', 'param': '', 'code': 'bad_response_status_code'}}
1 options {'temperature': 0.5, 'n': 8, 'top_p': 1.0, 'max_tokens': 150}
Error code: 429 - {'error': {'message': 'invalid request error trace_id: 2748707b1f435133b5c9aeff663283bc (request id: 20260616031628724508662mXwMlR64)', 'type': 'bad_response_status_code', 'param': '', 'code': 'bad_response_status_code'}}
1 options {'temperature': 0.5, 'n': 8, 'top_p': 1.0, 'max_tokens': 150}
Error code: 429 - {'error': {'message': 'invalid request error trace_id: d21bc1cc16ecbeb401fc84d7184f4600 (request id: 202606160317373857401062VmJSKuO)', 'type': 'bad_response_status_code', 'param': '', 'code': 'bad_response_status_code'}}
FV-chain.py-_dynamic_chain_exec_with_cache_mp_core Error in test-40: too many retry times
1 options {'temperature': 0.0, 'n': 1, 'top_p': 1.0, 'max_tokens': 2048}
1 options {'temperature': 0.5, 'n': 8, 'top_p': 1.0, 'max_tokens': 150}
Error code: 429 - {'error': {'message': 'invalid request error trace_id: 1160482245999a41e31f85f3af496ba4 (request id: 20260616031837304213279A6OFRFNi)', 'type': 'bad_response_status_code', 'param': '', 'code': 'bad_response_status_code'}}
1 options {'temperature': 0.5, 'n': 8, 'top_p': 1.0, 'max_tokens': 150}
Error code: 429 - {'error': {'message': 'invalid request error trace_id: c589295d6a343aa0f458ce3fda288387 (request id: 20260616031946667870137LuIfklip)', 'type': 'bad_response_status_code', 'param': '', 'code': 'bad_response_status_code'}}
1 options {'temperature': 0.5, 'n': 8, 'top_p': 1.0, 'max_tokens': 150}
Error code: 429 - {'error': {'message': 'invalid request error trace_id: f9348dcc1f9f63455b4f8c51b59e0c07 (request id: 20260616032054892784944mf2suKsD)', 'type': 'bad_response_status_code', 'param': '', 'code': 'bad_response_status_code'}}
1 options {'temperature': 0.5, 'n': 8, 'top_p': 1.0, 'max_tokens': 150}
Error code: 429 - {'error': {'message': 'invalid request error trace_id: 7085f6dbc698e13e9cf656bba41e9ecb (request id: 20260616032204334899927o1eW5sNO)', 'type': 'bad_response_status_code', 'param': '', 'code': 'bad_response_status_code'}}
FV-chain.py-_dynamic_chain_exec_with_cache_mp_core Error in test-41: too many retry times
1 options {'temperature': 0.0, 'n': 1, 'top_p': 1.0, 'max_tokens': 2048}
<html>
<head><title>504 Gateway Time-out</title></head>
<body>
<center><h1>504 Gateway Time-out</h1></center>
<hr><center>openresty</center>
</body>
</html>
1 options {'temperature': 0.0, 'n': 1, 'top_p': 1.0, 'max_tokens': 2048}
<html>
<head><title>504 Gateway Time-out</title></head>
<body>
<center><h1>504 Gateway Time-out</h1></center>
<hr><center>openresty</center>
</body>
</html>
1 options {'temperature': 0.0, 'n': 1, 'top_p': 1.0, 'max_tokens': 2048}
<html>
<head><title>504 Gateway Time-out</title></head>
<body>
<center><h1>504 Gateway Time-out</h1></center>
<hr><center>openresty</center>
</body>
</html>
1 options {'temperature': 0.0, 'n': 1, 'top_p': 1.0, 'max_tokens': 2048}
<html>
<head><title>504 Gateway Time-out</title></head>
<body>
<center><h1>504 Gateway Time-out</h1></center>
<hr><center>openresty</center>
</body>
</html>
FV-chain.py-_dynamic_chain_exec_with_cache_mp_core Error in test-42: too many retry times
1 options {'temperature': 0.0, 'n': 1, 'top_p': 1.0, 'max_tokens': 2048}
1 options {'temperature': 0.5, 'n': 8, 'top_p': 1.0, 'max_tokens': 150}
Error code: 429 - {'error': {'message': 'invalid request error trace_id: a8cf054ce74a2a33cea79912bc8bcde8 (request id: 20260616034010621740002sdj82Nsi)', 'type': 'bad_response_status_code', 'param': '', 'code': 'bad_response_status_code'}}
1 options {'temperature': 0.5, 'n': 8, 'top_p': 1.0, 'max_tokens': 150}
Error code: 429 - {'error': {'message': 'invalid request error trace_id: 1b8d78a35d90ccbfbab34b8e40784ed5 (request id: 20260616034122104635802ZMlP4yTv)', 'type': 'bad_response_status_code', 'param': '', 'code': 'bad_response_status_code'}}
1 options {'temperature': 0.5, 'n': 8, 'top_p': 1.0, 'max_tokens': 150}
Error code: 429 - {'error': {'message': 'invalid request error trace_id: 320e03f82883e49fe9cc17f6438f2965 (request id: 20260616034231291218595qXTQNpdu)', 'type': 'bad_response_status_code', 'param': '', 'code': 'bad_response_status_code'}}
1 options {'temperature': 0.5, 'n': 8, 'top_p': 1.0, 'max_tokens': 150}
Error code: 429 - {'error': {'message': 'invalid request error trace_id: b2c8c7b49c46eadecd4f2287b690b0e6 (request id: 20260616034341140134369W7abNLiK)', 'type': 'bad_response_status_code', 'param': '', 'code': 'bad_response_status_code'}}
FV-chain.py-_dynamic_chain_exec_with_cache_mp_core Error in test-43: too many retry times
Dynamic chain execution:   2%|▏         | 41/2024 [6:34:17<258:48:20, 469.84s/it]1 options {'temperature': 0.0, 'n': 1, 'top_p': 1.0, 'max_tokens': 2048}
<html>
<head><title>504 Gateway Time-out</title></head>
<body>
<center><h1>504 Gateway Time-out</h1></center>
<hr><center>openresty</center>
</body>
</html>
1 options {'temperature': 0.0, 'n': 1, 'top_p': 1.0, 'max_tokens': 2048}
1 options {'temperature': 0.5, 'n': 8, 'top_p': 1.0, 'max_tokens': 150}
Error code: 429 - {'error': {'message': 'invalid request error trace_id: b1c401323f8a4668d191fd3a04be8638 (request id: 20260616034851919883512GOOyCpMZ)', 'type': 'bad_response_status_code', 'param': '', 'code': 'bad_response_status_code'}}
1 options {'temperature': 0.5, 'n': 8, 'top_p': 1.0, 'max_tokens': 150}
Error code: 429 - {'error': {'message': 'invalid request error trace_id: cc1bd0a91526ac4202eb7d7919f1b1c7 (request id: 20260616035001785506631OMi7esUR)', 'type': 'bad_response_status_code', 'param': '', 'code': 'bad_response_status_code'}}
1 options {'temperature': 0.5, 'n': 8, 'top_p': 1.0, 'max_tokens': 150}
Error code: 429 - {'error': {'message': 'invalid request error trace_id: 87b46c379eda58f6ea1e91e76289e9f9 (request id: 20260616035111655581022sLIshZp)', 'type': 'bad_response_status_code', 'param': '', 'code': 'bad_response_status_code'}}
1 options {'temperature': 0.5, 'n': 8, 'top_p': 1.0, 'max_tokens': 150}
Error code: 429 - {'error': {'message': 'invalid request error trace_id: 4a99cb1b8fc8a3aea52083bb41c6f69b (request id: 2026061603522055868137p9cARPM2)', 'type': 'bad_response_status_code', 'param': '', 'code': 'bad_response_status_code'}}
FV-chain.py-_dynamic_chain_exec_with_cache_mp_core Error in test-44: too many retry times
1 options {'temperature': 0.0, 'n': 1, 'top_p': 1.0, 'max_tokens': 2048}
1 options {'temperature': 0.5, 'n': 8, 'top_p': 1.0, 'max_tokens': 150}
Error code: 429 - {'error': {'message': 'invalid request error trace_id: 8d8b83ce42169f91a4af91b17be50909 (request id: 20260616035328718972051ccZkTohU)', 'type': 'bad_response_status_code', 'param': '', 'code': 'bad_response_status_code'}}
1 options {'temperature': 0.5, 'n': 8, 'top_p': 1.0, 'max_tokens': 150}
Error code: 429 - {'error': {'message': 'invalid request error trace_id: bd99a9b385a38aa10668c0b293b24f79 (request id: 2026061603543698160461525e2fdBG)', 'type': 'bad_response_status_code', 'param': '', 'code': 'bad_response_status_code'}}
1 options {'temperature': 0.5, 'n': 8, 'top_p': 1.0, 'max_tokens': 150}
Error code: 429 - {'error': {'message': 'invalid request error trace_id: 5a15920c3de1a7c38a3de5b430d87789 (request id: 20260616035546256169404mkrMEXMM)', 'type': 'bad_response_status_code', 'param': '', 'code': 'bad_response_status_code'}}
1 options {'temperature': 0.5, 'n': 8, 'top_p': 1.0, 'max_tokens': 150}
Error code: 429 - {'error': {'message': 'invalid request error trace_id: e15222c4f7f310b0a5813d5c4663145d (request id: 20260616035654326222666XatroGHA)', 'type': 'bad_response_status_code', 'param': '', 'code': 'bad_response_status_code'}}
FV-chain.py-_dynamic_chain_exec_with_cache_mp_core Error in test-45: too many retry times
1 options {'temperature': 0.0, 'n': 1, 'top_p': 1.0, 'max_tokens': 2048}
1 options {'temperature': 0.5, 'n': 8, 'top_p': 1.0, 'max_tokens': 150}
Error code: 429 - {'error': {'message': 'invalid request error trace_id: dd16c158837d1b7f1be80e8a6bcc8575 (request id: 20260616035851970684805Od5R8J18)', 'type': 'bad_response_status_code', 'param': '', 'code': 'bad_response_status_code'}}
1 options {'temperature': 0.5, 'n': 8, 'top_p': 1.0, 'max_tokens': 150}
Error code: 429 - {'error': {'message': 'invalid request error trace_id: a525cda6aa3b63c7aa55286b1b9b5aae (request id: 20260616040000982275233lCQiIc8L)', 'type': 'bad_response_status_code', 'param': '', 'code': 'bad_response_status_code'}}
1 options {'temperature': 0.5, 'n': 8, 'top_p': 1.0, 'max_tokens': 150}
Error code: 429 - {'error': {'message': 'invalid request error trace_id: 34ef1ffa767ca01bd90cfdfb3fe39a57 (request id: 20260616040110142911682veCsh7IR)', 'type': 'bad_response_status_code', 'param': '', 'code': 'bad_response_status_code'}}
1 options {'temperature': 0.5, 'n': 8, 'top_p': 1.0, 'max_tokens': 150}
Error code: 429 - {'error': {'message': 'invalid request error trace_id: ccf5de1d48359d71aafbf0e25465a0a2 (request id: 202606160402191860552YM4f5un8)', 'type': 'bad_response_status_code', 'param': '', 'code': 'bad_response_status_code'}}
FV-chain.py-_dynamic_chain_exec_with_cache_mp_core Error in test-46: too many retry times
1 options {'temperature': 0.0, 'n': 1, 'top_p': 1.0, 'max_tokens': 2048}
1 options {'temperature': 0.5, 'n': 8, 'top_p': 1.0, 'max_tokens': 150}
Error code: 429 - {'error': {'message': 'invalid request error trace_id: 2a0f335456a755d04a8a3f9029afa72e (request id: 20260616040316933449996L913igKp)', 'type': 'bad_response_status_code', 'param': '', 'code': 'bad_response_status_code'}}
1 options {'temperature': 0.5, 'n': 8, 'top_p': 1.0, 'max_tokens': 150}
Error code: 429 - {'error': {'message': 'invalid request error trace_id: a2c1bc42f08e8e0b283187eb0273dd10 (request id: 20260616040426139590116Vf2c76w)', 'type': 'bad_response_status_code', 'param': '', 'code': 'bad_response_status_code'}}
1 options {'temperature': 0.5, 'n': 8, 'top_p': 1.0, 'max_tokens': 150}
Error code: 429 - {'error': {'message': 'invalid request error trace_id: 61aaf11ca782b7eedecb410a4b514aba (request id: 20260616040534542303346wxhH2IRz)', 'type': 'bad_response_status_code', 'param': '', 'code': 'bad_response_status_code'}}
1 options {'temperature': 0.5, 'n': 8, 'top_p': 1.0, 'max_tokens': 150}
Error code: 429 - {'error': {'message': 'invalid request error trace_id: a3defa29e2d8b63ee52c867edd253bd2 (request id: 202606160406433503438265ATqy3RK)', 'type': 'bad_response_status_code', 'param': '', 'code': 'bad_response_status_code'}}
FV-chain.py-_dynamic_chain_exec_with_cache_mp_core Error in test-47: too many retry times
Dynamic chain execution:   2%|▏         | 45/2024 [6:57:20<237:25:01, 431.89s/it]1 options {'temperature': 0.0, 'n': 1, 'top_p': 1.0, 'max_tokens': 2048}
1 options {'temperature': 0.5, 'n': 8, 'top_p': 1.0, 'max_tokens': 150}
Error code: 429 - {'error': {'message': 'invalid request error trace_id: 47b403c15d0884e55196ee3f00b594a7 (request id: 20260616040750598334806Eh8EyTMP)', 'type': 'bad_response_status_code', 'param': '', 'code': 'bad_response_status_code'}}
1 options {'temperature': 0.5, 'n': 8, 'top_p': 1.0, 'max_tokens': 150}
Error code: 429 - {'error': {'message': 'invalid request error trace_id: 0d44afc6731eb55e1915728ce04eb525 (request id: 20260616040859901997312qZHA3pfb)', 'type': 'bad_response_status_code', 'param': '', 'code': 'bad_response_status_code'}}
1 options {'temperature': 0.5, 'n': 8, 'top_p': 1.0, 'max_tokens': 150}
Error code: 429 - {'error': {'message': 'invalid request error trace_id: a529fe5bb9a67bc06c1e18660edf521a (request id: 202606160410082175668198FLLRddx)', 'type': 'bad_response_status_code', 'param': '', 'code': 'bad_response_status_code'}}
1 options {'temperature': 0.5, 'n': 8, 'top_p': 1.0, 'max_tokens': 150}
Error code: 429 - {'error': {'message': 'invalid request error trace_id: dd3720b27bb05f320a27c718b497a5d3 (request id: 202606160411172037131265O61n7zK)', 'type': 'bad_response_status_code', 'param': '', 'code': 'bad_response_status_code'}}
FV-chain.py-_dynamic_chain_exec_with_cache_mp_core Error in test-48: too many retry times
1 options {'temperature': 0.0, 'n': 1, 'top_p': 1.0, 'max_tokens': 2048}
<html>
<head><title>504 Gateway Time-out</title></head>
<body>
<center><h1>504 Gateway Time-out</h1></center>
<hr><center>openresty</center>
</body>
</html>
1 options {'temperature': 0.0, 'n': 1, 'top_p': 1.0, 'max_tokens': 2048}
<html>
<head><title>504 Gateway Time-out</title></head>
<body>
<center><h1>504 Gateway Time-out</h1></center>
<hr><center>openresty</center>
</body>
</html>
1 options {'temperature': 0.0, 'n': 1, 'top_p': 1.0, 'max_tokens': 2048}
<html>
<head><title>504 Gateway Time-out</title></head>
<body>
<center><h1>504 Gateway Time-out</h1></center>
<hr><center>openresty</center>
</body>
</html>
1 options {'temperature': 0.0, 'n': 1, 'top_p': 1.0, 'max_tokens': 2048}
<html>
<head><title>504 Gateway Time-out</title></head>
<body>
<center><h1>504 Gateway Time-out</h1></center>
<hr><center>openresty</center>
</body>
</html>
FV-chain.py-_dynamic_chain_exec_with_cache_mp_core Error in test-49: too many retry times
1 options {'temperature': 0.0, 'n': 1, 'top_p': 1.0, 'max_tokens': 2048}
<html>
<head><title>504 Gateway Time-out</title></head>
<body>
<center><h1>504 Gateway Time-out</h1></center>
<hr><center>openresty</center>
</body>
</html>
1 options {'temperature': 0.0, 'n': 1, 'top_p': 1.0, 'max_tokens': 2048}
<html>
<head><title>504 Gateway Time-out</title></head>
<body>
<center><h1>504 Gateway Time-out</h1></center>
<hr><center>openresty</center>
</body>
</html>
1 options {'temperature': 0.0, 'n': 1, 'top_p': 1.0, 'max_tokens': 2048}
<html>
<head><title>504 Gateway Time-out</title></head>
<body>
<center><h1>504 Gateway Time-out</h1></center>
<hr><center>openresty</center>
</body>
</html>
1 options {'temperature': 0.0, 'n': 1, 'top_p': 1.0, 'max_tokens': 2048}
<html>
<head><title>504 Gateway Time-out</title></head>
<body>
<center><h1>504 Gateway Time-out</h1></center>
<hr><center>openresty</center>
</body>
</html>
FV-chain.py-_dynamic_chain_exec_with_cache_mp_core Error in test-50: too many retry times
1 options {'temperature': 0.0, 'n': 1, 'top_p': 1.0, 'max_tokens': 2048}
1 options {'temperature': 0.5, 'n': 8, 'top_p': 1.0, 'max_tokens': 150}
Error code: 429 - {'error': {'message': 'invalid request error trace_id: 9c547028cff0a8ed0e253ee2697e618d (request id: 2026061604433435805700o87oYjxa)', 'type': 'bad_response_status_code', 'param': '', 'code': 'bad_response_status_code'}}
1 options {'temperature': 0.5, 'n': 8, 'top_p': 1.0, 'max_tokens': 150}
Error code: 429 - {'error': {'message': 'invalid request error trace_id: 2cd0aba5940c3a20171944ed2d5d56fc (request id: 202606160444431438912406uAF44UW)', 'type': 'bad_response_status_code', 'param': '', 'code': 'bad_response_status_code'}}
1 options {'temperature': 0.5, 'n': 8, 'top_p': 1.0, 'max_tokens': 150}
Error code: 429 - {'error': {'message': 'invalid request error trace_id: 3408a5d0e6a8b5549d2b099224b442ba (request id: 20260616044551836685576StsLUESi)', 'type': 'bad_response_status_code', 'param': '', 'code': 'bad_response_status_code'}}
1 options {'temperature': 0.5, 'n': 8, 'top_p': 1.0, 'max_tokens': 150}
Error code: 429 - {'error': {'message': 'invalid request error trace_id: 70833b121e62ba2566092d82ce004341 (request id: 202606160447015377825118aTs0hDI)', 'type': 'bad_response_status_code', 'param': '', 'code': 'bad_response_status_code'}}
FV-chain.py-_dynamic_chain_exec_with_cache_mp_core Error in test-51: too many retry times
Dynamic chain execution:   2%|▏         | 49/2024 [7:37:38<265:43:06, 484.35s/it]1 options {'temperature': 0.0, 'n': 1, 'top_p': 1.0, 'max_tokens': 2048}
<html>
<head><title>504 Gateway Time-out</title></head>
<body>
<center><h1>504 Gateway Time-out</h1></center>
<hr><center>openresty</center>
</body>
</html>
1 options {'temperature': 0.0, 'n': 1, 'top_p': 1.0, 'max_tokens': 2048}
1 options {'temperature': 0.5, 'n': 8, 'top_p': 1.0, 'max_tokens': 150}
Error code: 429 - {'error': {'message': 'invalid request error trace_id: df028b7b174b446cfe720bb4a6233cf4 (request id: 20260616045309791108640xLt0INq0)', 'type': 'bad_response_status_code', 'param': '', 'code': 'bad_response_status_code'}}
1 options {'temperature': 0.5, 'n': 8, 'top_p': 1.0, 'max_tokens': 150}
Error code: 429 - {'error': {'message': 'invalid request error trace_id: 793ce5b81b0585016c6cd12bf34a18ec (request id: 20260616045418803093700Lx7NnfG2)', 'type': 'bad_response_status_code', 'param': '', 'code': 'bad_response_status_code'}}
1 options {'temperature': 0.5, 'n': 8, 'top_p': 1.0, 'max_tokens': 150}
Error code: 429 - {'error': {'message': 'invalid request error trace_id: c8223da4b597028c1693ba8bfe345461 (request id: 20260616045527723688152SqZctrjB)', 'type': 'bad_response_status_code', 'param': '', 'code': 'bad_response_status_code'}}
1 options {'temperature': 0.5, 'n': 8, 'top_p': 1.0, 'max_tokens': 150}
Error code: 429 - {'error': {'message': 'invalid request error trace_id: 1a7b1bf46bb4023191965e056504c218 (request id: 2026061604563787855776stwJKu3B)', 'type': 'bad_response_status_code', 'param': '', 'code': 'bad_response_status_code'}}
FV-chain.py-_dynamic_chain_exec_with_cache_mp_core Error in test-52: too many retry times
1 options {'temperature': 0.0, 'n': 1, 'top_p': 1.0, 'max_tokens': 2048}
<html>
<head><title>504 Gateway Time-out</title></head>
<body>
<center><h1>504 Gateway Time-out</h1></center>
<hr><center>openresty</center>
</body>
</html>
1 options {'temperature': 0.0, 'n': 1, 'top_p': 1.0, 'max_tokens': 2048}
1 options {'temperature': 0.5, 'n': 8, 'top_p': 1.0, 'max_tokens': 150}
Error code: 429 - {'error': {'message': 'invalid request error trace_id: 8865943e684561bdae222e297435cf38 (request id: 20260616050244171548419AaaO2372)', 'type': 'bad_response_status_code', 'param': '', 'code': 'bad_response_status_code'}}
1 options {'temperature': 0.5, 'n': 8, 'top_p': 1.0, 'max_tokens': 150}
Error code: 429 - {'error': {'message': 'invalid request error trace_id: d63d64338f1f14dbe4fe1d5a86c5058e (request id: 20260616050353637787418gzuN3sLx)', 'type': 'bad_response_status_code', 'param': '', 'code': 'bad_response_status_code'}}
1 options {'temperature': 0.5, 'n': 8, 'top_p': 1.0, 'max_tokens': 150}
Error code: 429 - {'error': {'message': 'invalid request error trace_id: e06d9031de8b31c1e6774509552a4f83 (request id: 202606160505023885744694GszuLkC)', 'type': 'bad_response_status_code', 'param': '', 'code': 'bad_response_status_code'}}
1 options {'temperature': 0.5, 'n': 8, 'top_p': 1.0, 'max_tokens': 150}
Error code: 429 - {'error': {'message': 'invalid request error trace_id: 4d5d425a41b3838ae7976706620125f8 (request id: 20260616050611673883435c9iDRX9q)', 'type': 'bad_response_status_code', 'param': '', 'code': 'bad_response_status_code'}}
FV-chain.py-_dynamic_chain_exec_with_cache_mp_core Error in test-53: too many retry times
1 options {'temperature': 0.0, 'n': 1, 'top_p': 1.0, 'max_tokens': 2048}
<html>
<head><title>504 Gateway Time-out</title></head>
<body>
<center><h1>504 Gateway Time-out</h1></center>
<hr><center>openresty</center>
</body>
</html>
1 options {'temperature': 0.0, 'n': 1, 'top_p': 1.0, 'max_tokens': 2048}
<html>
<head><title>504 Gateway Time-out</title></head>
<body>
<center><h1>504 Gateway Time-out</h1></center>
<hr><center>openresty</center>
</body>
</html>
1 options {'temperature': 0.0, 'n': 1, 'top_p': 1.0, 'max_tokens': 2048}
<html>
<head><title>504 Gateway Time-out</title></head>
<body>
<center><h1>504 Gateway Time-out</h1></center>
<hr><center>openresty</center>
</body>
</html>
1 options {'temperature': 0.0, 'n': 1, 'top_p': 1.0, 'max_tokens': 2048}
<html>
<head><title>504 Gateway Time-out</title></head>
<body>
<center><h1>504 Gateway Time-out</h1></center>
<hr><center>openresty</center>
</body>
</html>
FV-chain.py-_dynamic_chain_exec_with_cache_mp_core Error in test-54: too many retry times
1 options {'temperature': 0.0, 'n': 1, 'top_p': 1.0, 'max_tokens': 2048}
<html>
<head><title>504 Gateway Time-out</title></head>
<body>
<center><h1>504 Gateway Time-out</h1></center>
<hr><center>openresty</center>
</body>
</html>
1 options {'temperature': 0.0, 'n': 1, 'top_p': 1.0, 'max_tokens': 2048}
<html>
<head><title>504 Gateway Time-out</title></head>
<body>
<center><h1>504 Gateway Time-out</h1></center>
<hr><center>openresty</center>
</body>
</html>
1 options {'temperature': 0.0, 'n': 1, 'top_p': 1.0, 'max_tokens': 2048}
<html>
<head><title>504 Gateway Time-out</title></head>
<body>
<center><h1>504 Gateway Time-out</h1></center>
<hr><center>openresty</center>
</body>
</html>
1 options {'temperature': 0.0, 'n': 1, 'top_p': 1.0, 'max_tokens': 2048}
<html>
<head><title>504 Gateway Time-out</title></head>
<body>
<center><h1>504 Gateway Time-out</h1></center>
<hr><center>openresty</center>
</body>
</html>
FV-chain.py-_dynamic_chain_exec_with_cache_mp_core Error in test-55: too many retry times
Dynamic chain execution:   3%|▎         | 53/2024 [8:27:01<307:40:36, 561.97s/it]1 options {'temperature': 0.0, 'n': 1, 'top_p': 1.0, 'max_tokens': 2048}
1 options {'temperature': 0.5, 'n': 8, 'top_p': 1.0, 'max_tokens': 150}
Error code: 429 - {'error': {'message': 'invalid request error trace_id: 7d8439c727059c1e269e514c904e3342 (request id: 20260616053724226481806KmIxgEO9)', 'type': 'bad_response_status_code', 'param': '', 'code': 'bad_response_status_code'}}
1 options {'temperature': 0.5, 'n': 8, 'top_p': 1.0, 'max_tokens': 150}
Error code: 429 - {'error': {'message': 'invalid request error trace_id: 88301b089190a98bfffbbcd1c4774adc (request id: 20260616053833137829270acKqKKd7)', 'type': 'bad_response_status_code', 'param': '', 'code': 'bad_response_status_code'}}
1 options {'temperature': 0.5, 'n': 8, 'top_p': 1.0, 'max_tokens': 150}
Error code: 429 - {'error': {'message': 'invalid request error trace_id: 3aa4c89cccd10e5e67eb42578305f373 (request id: 2026061605394277529090523gQprX7)', 'type': 'bad_response_status_code', 'param': '', 'code': 'bad_response_status_code'}}
1 options {'temperature': 0.5, 'n': 8, 'top_p': 1.0, 'max_tokens': 150}
Error code: 429 - {'error': {'message': 'invalid request error trace_id: a3cc07402a84b3bb79c5f58eb1f54033 (request id: 20260616054052380253266Brm0BVHH)', 'type': 'bad_response_status_code', 'param': '', 'code': 'bad_response_status_code'}}
FV-chain.py-_dynamic_chain_exec_with_cache_mp_core Error in test-56: too many retry times
1 options {'temperature': 0.0, 'n': 1, 'top_p': 1.0, 'max_tokens': 2048}
1 options {'temperature': 0.5, 'n': 8, 'top_p': 1.0, 'max_tokens': 150}
Error code: 429 - {'error': {'message': 'invalid request error trace_id: cb76d3a5980ca9b3fcf7a08ab29bedf7 (request id: 20260616054143915738643mnmSPw1w)', 'type': 'bad_response_status_code', 'param': '', 'code': 'bad_response_status_code'}}
1 options {'temperature': 0.5, 'n': 8, 'top_p': 1.0, 'max_tokens': 150}
Error code: 429 - {'error': {'message': 'invalid request error trace_id: d630d21d190629d4f0e95a78bf1db785 (request id: 20260616054252707408919G9MhxHul)', 'type': 'bad_response_status_code', 'param': '', 'code': 'bad_response_status_code'}}
1 options {'temperature': 0.5, 'n': 8, 'top_p': 1.0, 'max_tokens': 150}
Error code: 429 - {'error': {'message': 'invalid request error trace_id: 3269eda4d6ccec6d4a7024d985d3ac71 (request id: 20260616054401983250268iDxdaoYR)', 'type': 'bad_response_status_code', 'param': '', 'code': 'bad_response_status_code'}}
1 options {'temperature': 0.5, 'n': 8, 'top_p': 1.0, 'max_tokens': 150}
Error code: 429 - {'error': {'message': 'invalid request error trace_id: 456be32a2391445a2aa509cdf59e406a (request id: 20260616054511375914205n7GjtIng)', 'type': 'bad_response_status_code', 'param': '', 'code': 'bad_response_status_code'}}
FV-chain.py-_dynamic_chain_exec_with_cache_mp_core Error in test-57: too many retry times
1 options {'temperature': 0.0, 'n': 1, 'top_p': 1.0, 'max_tokens': 2048}
1 options {'temperature': 0.5, 'n': 8, 'top_p': 1.0, 'max_tokens': 150}
Error code: 429 - {'error': {'message': 'invalid request error trace_id: da72c5e545a9a94d0c2640d2026803ff (request id: 20260616054615798807452jN5eoT5c)', 'type': 'bad_response_status_code', 'param': '', 'code': 'bad_response_status_code'}}
1 options {'temperature': 0.5, 'n': 8, 'top_p': 1.0, 'max_tokens': 150}
Error code: 429 - {'error': {'message': 'invalid request error trace_id: 2571ce1efef843a6d6d4e17e01fadb1a (request id: 20260616054724681072247L15HVUZ3)', 'type': 'bad_response_status_code', 'param': '', 'code': 'bad_response_status_code'}}
1 options {'temperature': 0.5, 'n': 8, 'top_p': 1.0, 'max_tokens': 150}
Error code: 429 - {'error': {'message': 'invalid request error trace_id: 70ba35587631928eab98bd6570cb5796 (request id: 20260616054833440104221LoxBzK97)', 'type': 'bad_response_status_code', 'param': '', 'code': 'bad_response_status_code'}}
1 options {'temperature': 0.5, 'n': 8, 'top_p': 1.0, 'max_tokens': 150}
Error code: 429 - {'error': {'message': 'invalid request error trace_id: 98521884a5d14eeee9fdb8b4e45da740 (request id: 20260616054942538423168ZCqABHTl)', 'type': 'bad_response_status_code', 'param': '', 'code': 'bad_response_status_code'}}
FV-chain.py-_dynamic_chain_exec_with_cache_mp_core Error in test-58: too many retry times
1 options {'temperature': 0.0, 'n': 1, 'top_p': 1.0, 'max_tokens': 2048}
1 options {'temperature': 0.5, 'n': 8, 'top_p': 1.0, 'max_tokens': 150}
Error code: 429 - {'error': {'message': 'invalid request error trace_id: f04bad7009ec9372f737babbb57eafe4 (request id: 20260616055140709136047laYMEQ8j)', 'type': 'bad_response_status_code', 'param': '', 'code': 'bad_response_status_code'}}
1 options {'temperature': 0.5, 'n': 8, 'top_p': 1.0, 'max_tokens': 150}
Error code: 429 - {'error': {'message': 'invalid request error trace_id: 16d2324f6469b6269a10d7994c1fc316 (request id: 20260616055248982857065rS0givES)', 'type': 'bad_response_status_code', 'param': '', 'code': 'bad_response_status_code'}}
1 options {'temperature': 0.5, 'n': 8, 'top_p': 1.0, 'max_tokens': 150}
Error code: 429 - {'error': {'message': 'invalid request error trace_id: ff10f827ec9c25e960cf2c108ef8b0c5 (request id: 20260616055357740202754LfZlshGy)', 'type': 'bad_response_status_code', 'param': '', 'code': 'bad_response_status_code'}}
1 options {'temperature': 0.5, 'n': 8, 'top_p': 1.0, 'max_tokens': 150}
Error code: 429 - {'error': {'message': 'invalid request error trace_id: b212297d7281e43e7ec982ea8ee79ad0 (request id: 20260616055505720785049P98Ocfff)', 'type': 'bad_response_status_code', 'param': '', 'code': 'bad_response_status_code'}}
FV-chain.py-_dynamic_chain_exec_with_cache_mp_core Error in test-59: too many retry times
Dynamic chain execution:   3%|▎         | 57/2024 [8:45:41<260:34:26, 476.90s/it]1 options {'temperature': 0.0, 'n': 1, 'top_p': 1.0, 'max_tokens': 2048}
1 options {'temperature': 0.5, 'n': 8, 'top_p': 1.0, 'max_tokens': 150}
Error code: 429 - {'error': {'message': 'invalid request error trace_id: 5e36e1a6bf58406ec14a81fa0281256a (request id: 202606160555483086113553mBpXQgQ)', 'type': 'bad_response_status_code', 'param': '', 'code': 'bad_response_status_code'}}
1 options {'temperature': 0.5, 'n': 8, 'top_p': 1.0, 'max_tokens': 150}
Error code: 429 - {'error': {'message': 'invalid request error trace_id: 06c18889b7f5498465316b9cca031d1b (request id: 20260616055656785659144kzVEcsaZ)', 'type': 'bad_response_status_code', 'param': '', 'code': 'bad_response_status_code'}}
1 options {'temperature': 0.5, 'n': 8, 'top_p': 1.0, 'max_tokens': 150}
Error code: 429 - {'error': {'message': 'invalid request error trace_id: afa392a0a3b8e0a0241ecfe2fabfa550 (request id: 20260616055805340120785aaF2Y5Ri)', 'type': 'bad_response_status_code', 'param': '', 'code': 'bad_response_status_code'}}
1 options {'temperature': 0.5, 'n': 8, 'top_p': 1.0, 'max_tokens': 150}
Error code: 429 - {'error': {'message': 'invalid request error trace_id: 51c9df8bf706f47371772d6d9f72d5fd (request id: 202606160559136035127751YGcS9Et)', 'type': 'bad_response_status_code', 'param': '', 'code': 'bad_response_status_code'}}
FV-chain.py-_dynamic_chain_exec_with_cache_mp_core Error in test-60: too many retry times
1 options {'temperature': 0.0, 'n': 1, 'top_p': 1.0, 'max_tokens': 2048}
1 options {'temperature': 0.5, 'n': 8, 'top_p': 1.0, 'max_tokens': 150}
Error code: 429 - {'error': {'message': 'invalid request error trace_id: 139cf3f448a3120316c3a518666f4ba7 (request id: 20260616060010219205532VqhkWl6W)', 'type': 'bad_response_status_code', 'param': '', 'code': 'bad_response_status_code'}}
1 options {'temperature': 0.5, 'n': 8, 'top_p': 1.0, 'max_tokens': 150}
Error code: 429 - {'error': {'message': 'invalid request error trace_id: 9578d6111c576d248c39012307bb9652 (request id: 20260616060119146888618cpBet9iO)', 'type': 'bad_response_status_code', 'param': '', 'code': 'bad_response_status_code'}}
1 options {'temperature': 0.5, 'n': 8, 'top_p': 1.0, 'max_tokens': 150}
Error code: 429 - {'error': {'message': 'invalid request error trace_id: a36b14beb83b869f179fcde8991ee291 (request id: 202606160602286764703552fjgcE87)', 'type': 'bad_response_status_code', 'param': '', 'code': 'bad_response_status_code'}}
1 options {'temperature': 0.5, 'n': 8, 'top_p': 1.0, 'max_tokens': 150}
Error code: 429 - {'error': {'message': 'invalid request error trace_id: cf57df5313f35640ec102cc5f7ad68c2 (request id: 20260616060337289400816SvD2Iqq9)', 'type': 'bad_response_status_code', 'param': '', 'code': 'bad_response_status_code'}}
FV-chain.py-_dynamic_chain_exec_with_cache_mp_core Error in test-61: too many retry times
1 options {'temperature': 0.0, 'n': 1, 'top_p': 1.0, 'max_tokens': 2048}
1 options {'temperature': 0.5, 'n': 8, 'top_p': 1.0, 'max_tokens': 150}
Error code: 429 - {'error': {'message': 'invalid request error trace_id: a7a5403ec8a9b9d071376a3a6b4b3517 (request id: 20260616060428841738863APWDWUJ2)', 'type': 'bad_response_status_code', 'param': '', 'code': 'bad_response_status_code'}}
1 options {'temperature': 0.5, 'n': 8, 'top_p': 1.0, 'max_tokens': 150}
Error code: 429 - {'error': {'message': 'invalid request error trace_id: 0ebc5a2446c746ee819c46d892627ce4 (request id: 202606160605392749972196WThLXrg)', 'type': 'bad_response_status_code', 'param': '', 'code': 'bad_response_status_code'}}
1 options {'temperature': 0.5, 'n': 8, 'top_p': 1.0, 'max_tokens': 150}
Error code: 429 - {'error': {'message': 'invalid request error trace_id: a7cee6b59d5da3471b538a9ec5d67c38 (request id: 202606160606481378504BoDsKo85)', 'type': 'bad_response_status_code', 'param': '', 'code': 'bad_response_status_code'}}
1 options {'temperature': 0.5, 'n': 8, 'top_p': 1.0, 'max_tokens': 150}
Error code: 429 - {'error': {'message': 'invalid request error trace_id: ccc1b660bdae03dcc68bdad58fa19ef9 (request id: 20260616060756538268227VKtxIk2u)', 'type': 'bad_response_status_code', 'param': '', 'code': 'bad_response_status_code'}}
FV-chain.py-_dynamic_chain_exec_with_cache_mp_core Error in test-62: too many retry times
1 options {'temperature': 0.0, 'n': 1, 'top_p': 1.0, 'max_tokens': 2048}
1 options {'temperature': 0.5, 'n': 8, 'top_p': 1.0, 'max_tokens': 150}
Error code: 429 - {'error': {'message': 'invalid request error trace_id: b2b8399d8ac9ac31acb02f7a2e20340a (request id: 20260616060853924927886w0UixI6f)', 'type': 'bad_response_status_code', 'param': '', 'code': 'bad_response_status_code'}}
1 options {'temperature': 0.5, 'n': 8, 'top_p': 1.0, 'max_tokens': 150}
Error code: 429 - {'error': {'message': 'invalid request error trace_id: c17646e360c297f3924fa0282a67a1f9 (request id: 20260616061003946017024HDLbaAP9)', 'type': 'bad_response_status_code', 'param': '', 'code': 'bad_response_status_code'}}
1 options {'temperature': 0.5, 'n': 8, 'top_p': 1.0, 'max_tokens': 150}
Error code: 429 - {'error': {'message': 'invalid request error trace_id: 3c0d33e5dda4b366336dffbd05ee8605 (request id: 20260616061112905594999IarZ7obl)', 'type': 'bad_response_status_code', 'param': '', 'code': 'bad_response_status_code'}}
1 options {'temperature': 0.5, 'n': 8, 'top_p': 1.0, 'max_tokens': 150}
Error code: 429 - {'error': {'message': 'invalid request error trace_id: f03afec915e38d1d1e65e932e299930e (request id: 20260616061222868426699PxWSDgXb)', 'type': 'bad_response_status_code', 'param': '', 'code': 'bad_response_status_code'}}
FV-chain.py-_dynamic_chain_exec_with_cache_mp_core Error in test-63: too many retry times
Dynamic chain execution:   3%|▎         | 61/2024 [9:02:59<224:18:41, 411.37s/it]1 options {'temperature': 0.0, 'n': 1, 'top_p': 1.0, 'max_tokens': 2048}
1 options {'temperature': 0.5, 'n': 8, 'top_p': 1.0, 'max_tokens': 150}
Error code: 429 - {'error': {'message': 'invalid request error trace_id: 678dda894a4065828328824885b42453 (request id: 202606160613048726240094Dy5U4lt)', 'type': 'bad_response_status_code', 'param': '', 'code': 'bad_response_status_code'}}
1 options {'temperature': 0.5, 'n': 8, 'top_p': 1.0, 'max_tokens': 150}
Error code: 429 - {'error': {'message': 'invalid request error trace_id: d3bee4dc517ff69517b7e7bddd66320e (request id: 20260616061414298829731mvx76exM)', 'type': 'bad_response_status_code', 'param': '', 'code': 'bad_response_status_code'}}
1 options {'temperature': 0.5, 'n': 8, 'top_p': 1.0, 'max_tokens': 150}
Error code: 429 - {'error': {'message': 'invalid request error trace_id: 0ba0a427b282207106f5cabac24ea51a (request id: 202606160615228223261025cxER4QH)', 'type': 'bad_response_status_code', 'param': '', 'code': 'bad_response_status_code'}}
1 options {'temperature': 0.5, 'n': 8, 'top_p': 1.0, 'max_tokens': 150}
Error code: 429 - {'error': {'message': 'invalid request error trace_id: 388539ae14bb01279e54c5cb56bb8e4a (request id: 20260616061631952090249wiojDyLx)', 'type': 'bad_response_status_code', 'param': '', 'code': 'bad_response_status_code'}}
FV-chain.py-_dynamic_chain_exec_with_cache_mp_core Error in test-64: too many retry times
1 options {'temperature': 0.0, 'n': 1, 'top_p': 1.0, 'max_tokens': 2048}
1 options {'temperature': 0.5, 'n': 8, 'top_p': 1.0, 'max_tokens': 150}
Error code: 429 - {'error': {'message': 'invalid request error trace_id: 74eaa8021adc80018fad9c01e8549dc1 (request id: 20260616061824913906673tS6yP2F0)', 'type': 'bad_response_status_code', 'param': '', 'code': 'bad_response_status_code'}}
1 options {'temperature': 0.5, 'n': 8, 'top_p': 1.0, 'max_tokens': 150}
Error code: 429 - {'error': {'message': 'invalid request error trace_id: 4f859bb66690dba4ec3dadf1678beaae (request id: 20260616061934400230062qin7BKBc)', 'type': 'bad_response_status_code', 'param': '', 'code': 'bad_response_status_code'}}
1 options {'temperature': 0.5, 'n': 8, 'top_p': 1.0, 'max_tokens': 150}
Error code: 429 - {'error': {'message': 'invalid request error trace_id: 1f9c005f01284acd3452d7cefe8ae279 (request id: 20260616062043911644115PsIfAfWL)', 'type': 'bad_response_status_code', 'param': '', 'code': 'bad_response_status_code'}}
1 options {'temperature': 0.5, 'n': 8, 'top_p': 1.0, 'max_tokens': 150}
Error code: 429 - {'error': {'message': 'invalid request error trace_id: f090e2a6a05cff6cb366fc0c13b681e8 (request id: 20260616062153115585907KcmDMnxn)', 'type': 'bad_response_status_code', 'param': '', 'code': 'bad_response_status_code'}}
FV-chain.py-_dynamic_chain_exec_with_cache_mp_core Error in test-65: too many retry times
1 options {'temperature': 0.0, 'n': 1, 'top_p': 1.0, 'max_tokens': 2048}
1 options {'temperature': 0.5, 'n': 8, 'top_p': 1.0, 'max_tokens': 150}
Error code: 429 - {'error': {'message': 'invalid request error trace_id: 7424bf6ccc0b4a696c6d7d68322ff604 (request id: 20260616062255797981762iFTu50vw)', 'type': 'bad_response_status_code', 'param': '', 'code': 'bad_response_status_code'}}
1 options {'temperature': 0.5, 'n': 8, 'top_p': 1.0, 'max_tokens': 150}
Error code: 429 - {'error': {'message': 'invalid request error trace_id: fd3ca08295c72900cf9c18e3d3601208 (request id: 20260616062404529714941HufF16a7)', 'type': 'bad_response_status_code', 'param': '', 'code': 'bad_response_status_code'}}
1 options {'temperature': 0.5, 'n': 8, 'top_p': 1.0, 'max_tokens': 150}
Error code: 429 - {'error': {'message': 'invalid request error trace_id: ef7cd51f5d3334e132b8c4ace55f401a (request id: 20260616062513391001608vgUYDI8x)', 'type': 'bad_response_status_code', 'param': '', 'code': 'bad_response_status_code'}}
1 options {'temperature': 0.5, 'n': 8, 'top_p': 1.0, 'max_tokens': 150}
Error code: 429 - {'error': {'message': 'invalid request error trace_id: cb9ef3af19ca9e733410a6e8c888bcb9 (request id: 20260616062623648212990HPGcWW6f)', 'type': 'bad_response_status_code', 'param': '', 'code': 'bad_response_status_code'}}
FV-chain.py-_dynamic_chain_exec_with_cache_mp_core Error in test-66: too many retry times
1 options {'temperature': 0.0, 'n': 1, 'top_p': 1.0, 'max_tokens': 2048}
1 options {'temperature': 0.5, 'n': 8, 'top_p': 1.0, 'max_tokens': 150}
Error code: 429 - {'error': {'message': 'invalid request error trace_id: ae65eec3b0c9f738373affa0f3ac0f97 (request id: 202606160628235431264783r8U0vG0)', 'type': 'bad_response_status_code', 'param': '', 'code': 'bad_response_status_code'}}
1 options {'temperature': 0.5, 'n': 8, 'top_p': 1.0, 'max_tokens': 150}
Error code: 429 - {'error': {'message': 'invalid request error trace_id: 5c16607cc43f66a5ebd8e9bd238d272e (request id: 20260616062932448298213sQxzewy9)', 'type': 'bad_response_status_code', 'param': '', 'code': 'bad_response_status_code'}}
1 options {'temperature': 0.5, 'n': 8, 'top_p': 1.0, 'max_tokens': 150}
Error code: 429 - {'error': {'message': 'invalid request error trace_id: c7f21853c72ffd7a1051d55f85084e9b (request id: 2026061606304149529038772oPrmAG)', 'type': 'bad_response_status_code', 'param': '', 'code': 'bad_response_status_code'}}
1 options {'temperature': 0.5, 'n': 8, 'top_p': 1.0, 'max_tokens': 150}
Error code: 429 - {'error': {'message': 'invalid request error trace_id: 18b06ce6a68ce7fdc1228f22c861e870 (request id: 20260616063149726881019p5UDs8B1)', 'type': 'bad_response_status_code', 'param': '', 'code': 'bad_response_status_code'}}
FV-chain.py-_dynamic_chain_exec_with_cache_mp_core Error in test-67: too many retry times
Dynamic chain execution:   3%|▎         | 65/2024 [9:22:26<204:16:35, 375.39s/it]1 options {'temperature': 0.0, 'n': 1, 'top_p': 1.0, 'max_tokens': 2048}
1 options {'temperature': 0.5, 'n': 8, 'top_p': 1.0, 'max_tokens': 150}
Error code: 429 - {'error': {'message': 'invalid request error trace_id: ff0cca3ceb44ba275b8a1be480dac657 (request id: 20260616063242429553177JSwnspou)', 'type': 'bad_response_status_code', 'param': '', 'code': 'bad_response_status_code'}}
1 options {'temperature': 0.5, 'n': 8, 'top_p': 1.0, 'max_tokens': 150}
Error code: 429 - {'error': {'message': 'invalid request error trace_id: e1c944cc80f4617f6567f1f577462c09 (request id: 2026061606335211973990pxJdSk35)', 'type': 'bad_response_status_code', 'param': '', 'code': 'bad_response_status_code'}}
1 options {'temperature': 0.5, 'n': 8, 'top_p': 1.0, 'max_tokens': 150}
Error code: 429 - {'error': {'message': 'invalid request error trace_id: 341f5edce171a2e2f1752caa286d3610 (request id: 20260616063500577705002ULNLZrR5)', 'type': 'bad_response_status_code', 'param': '', 'code': 'bad_response_status_code'}}
1 options {'temperature': 0.5, 'n': 8, 'top_p': 1.0, 'max_tokens': 150}
Error code: 429 - {'error': {'message': 'invalid request error trace_id: a74c6ec8fc7b249fdd3a3aa001dc280b (request id: 20260616063609304536901IBad85f)', 'type': 'bad_response_status_code', 'param': '', 'code': 'bad_response_status_code'}}
FV-chain.py-_dynamic_chain_exec_with_cache_mp_core Error in test-68: too many retry times
1 options {'temperature': 0.0, 'n': 1, 'top_p': 1.0, 'max_tokens': 2048}
1 options {'temperature': 0.5, 'n': 8, 'top_p': 1.0, 'max_tokens': 150}
Error code: 429 - {'error': {'message': 'invalid request error trace_id: 926af9734ea3b2c0b26aaea99c15cd18 (request id: 202606160637064887676859Y0ICO1P)', 'type': 'bad_response_status_code', 'param': '', 'code': 'bad_response_status_code'}}
1 options {'temperature': 0.5, 'n': 8, 'top_p': 1.0, 'max_tokens': 150}
Error code: 429 - {'error': {'message': 'invalid request error trace_id: 8cc3db8fa190eeaa43c13a48d4012ddb (request id: 20260616063816465348976xa84IYEb)', 'type': 'bad_response_status_code', 'param': '', 'code': 'bad_response_status_code'}}
1 options {'temperature': 0.5, 'n': 8, 'top_p': 1.0, 'max_tokens': 150}
Error code: 429 - {'error': {'message': 'invalid request error trace_id: 28fa9fb0ec86424dc09ca0ae35b871cf (request id: 20260616063925411127384xgSUUPSe)', 'type': 'bad_response_status_code', 'param': '', 'code': 'bad_response_status_code'}}
1 options {'temperature': 0.5, 'n': 8, 'top_p': 1.0, 'max_tokens': 150}
Error code: 429 - {'error': {'message': 'invalid request error trace_id: 102b7316c60ac4940d77c3bcb769e4f2 (request id: 20260616064034275497768jXI2NVem)', 'type': 'bad_response_status_code', 'param': '', 'code': 'bad_response_status_code'}}
FV-chain.py-_dynamic_chain_exec_with_cache_mp_core Error in test-69: too many retry times
1 options {'temperature': 0.0, 'n': 1, 'top_p': 1.0, 'max_tokens': 2048}
1 options {'temperature': 0.5, 'n': 8, 'top_p': 1.0, 'max_tokens': 150}
Error code: 429 - {'error': {'message': 'invalid request error trace_id: 7bf32922b6120709d9948e4a4548640c (request id: 20260616064128107542282s5zAG9LK)', 'type': 'bad_response_status_code', 'param': '', 'code': 'bad_response_status_code'}}
1 options {'temperature': 0.5, 'n': 8, 'top_p': 1.0, 'max_tokens': 150}
Error code: 429 - {'error': {'message': 'invalid request error trace_id: 37bb53844e13b1bb43c2abd6b0a7e431 (request id: 20260616064236214452977i0Y8Vitg)', 'type': 'bad_response_status_code', 'param': '', 'code': 'bad_response_status_code'}}
1 options {'temperature': 0.5, 'n': 8, 'top_p': 1.0, 'max_tokens': 150}
Error code: 429 - {'error': {'message': 'invalid request error trace_id: 53c73d2db74e9c850292141e18a65edc (request id: 20260616064344816689388F13j1Y9e)', 'type': 'bad_response_status_code', 'param': '', 'code': 'bad_response_status_code'}}
1 options {'temperature': 0.5, 'n': 8, 'top_p': 1.0, 'max_tokens': 150}
Error code: 429 - {'error': {'message': 'invalid request error trace_id: 5938d0165dc260adcd13ff90c4a67daa (request id: 20260616064453820205684ttSp0bLI)', 'type': 'bad_response_status_code', 'param': '', 'code': 'bad_response_status_code'}}
FV-chain.py-_dynamic_chain_exec_with_cache_mp_core Error in test-70: too many retry times
1 options {'temperature': 0.0, 'n': 1, 'top_p': 1.0, 'max_tokens': 2048}
1 options {'temperature': 0.5, 'n': 8, 'top_p': 1.0, 'max_tokens': 150}
Error code: 429 - {'error': {'message': 'invalid request error trace_id: b2c5e79d6269733fa24fcb1bcb530a09 (request id: 202606160645471469459942CIrdl9W)', 'type': 'bad_response_status_code', 'param': '', 'code': 'bad_response_status_code'}}
1 options {'temperature': 0.5, 'n': 8, 'top_p': 1.0, 'max_tokens': 150}
Error code: 429 - {'error': {'message': 'invalid request error trace_id: 6315ce37b9e5c9b953ae9aa2270a72f6 (request id: 20260616064655945659115boW0u9Il)', 'type': 'bad_response_status_code', 'param': '', 'code': 'bad_response_status_code'}}
1 options {'temperature': 0.5, 'n': 8, 'top_p': 1.0, 'max_tokens': 150}
Error code: 429 - {'error': {'message': 'invalid request error trace_id: 31c3407c153ca1130ffa68fdfb55d9bf (request id: 20260616064805410029426xzInk1XI)', 'type': 'bad_response_status_code', 'param': '', 'code': 'bad_response_status_code'}}
1 options {'temperature': 0.5, 'n': 8, 'top_p': 1.0, 'max_tokens': 150}
Error code: 429 - {'error': {'message': 'invalid request error trace_id: a8f2862e7def827a163301ce4e34d91b (request id: 20260616064914904094520zXJVRP7T)', 'type': 'bad_response_status_code', 'param': '', 'code': 'bad_response_status_code'}}
FV-chain.py-_dynamic_chain_exec_with_cache_mp_core Error in test-71: too many retry times
Dynamic chain execution:   3%|▎         | 69/2024 [9:39:51<185:12:00, 341.03s/it]1 options {'temperature': 0.0, 'n': 1, 'top_p': 1.0, 'max_tokens': 2048}
1 options {'temperature': 0.5, 'n': 8, 'top_p': 1.0, 'max_tokens': 150}
Error code: 429 - {'error': {'message': 'invalid request error trace_id: 1334596119c98c83ca28e5728159ce63 (request id: 20260616065014765160673FGgCzCWW)', 'type': 'bad_response_status_code', 'param': '', 'code': 'bad_response_status_code'}}
1 options {'temperature': 0.5, 'n': 8, 'top_p': 1.0, 'max_tokens': 150}
Error code: 429 - {'error': {'message': 'invalid request error trace_id: f4083b7c6af573a29ade8979d89bd00b (request id: 202606160651243002932856kLFi3A3)', 'type': 'bad_response_status_code', 'param': '', 'code': 'bad_response_status_code'}}
1 options {'temperature': 0.5, 'n': 8, 'top_p': 1.0, 'max_tokens': 150}
Error code: 429 - {'error': {'message': 'invalid request error trace_id: cb4acbc90052c24456864c7a4954f1e7 (request id: 202606160652336914464624RoBL3Fc)', 'type': 'bad_response_status_code', 'param': '', 'code': 'bad_response_status_code'}}
1 options {'temperature': 0.5, 'n': 8, 'top_p': 1.0, 'max_tokens': 150}
Error code: 429 - {'error': {'message': 'invalid request error trace_id: cc10aed7b9787a7e80c8cd72706d6e49 (request id: 20260616065342582890880JVQ4G9VX)', 'type': 'bad_response_status_code', 'param': '', 'code': 'bad_response_status_code'}}
FV-chain.py-_dynamic_chain_exec_with_cache_mp_core Error in test-72: too many retry times
1 options {'temperature': 0.0, 'n': 1, 'top_p': 1.0, 'max_tokens': 2048}
1 options {'temperature': 0.5, 'n': 8, 'top_p': 1.0, 'max_tokens': 150}
Error code: 429 - {'error': {'message': 'invalid request error trace_id: b4a748b9e8c66b5dccc001c4931dbfca (request id: 202606160654374596841008ssl3bBh)', 'type': 'bad_response_status_code', 'param': '', 'code': 'bad_response_status_code'}}
1 options {'temperature': 0.5, 'n': 8, 'top_p': 1.0, 'max_tokens': 150}
Error code: 429 - {'error': {'message': 'invalid request error trace_id: 14c85b5f6e7e8da5ea8fb37357f6115a (request id: 20260616065546798892458Tn1JNoHs)', 'type': 'bad_response_status_code', 'param': '', 'code': 'bad_response_status_code'}}
1 options {'temperature': 0.5, 'n': 8, 'top_p': 1.0, 'max_tokens': 150}
Error code: 429 - {'error': {'message': 'invalid request error trace_id: 6efacb788b9de6ed1d2eb7214b854edd (request id: 20260616065657116321103IvfbEVxo)', 'type': 'bad_response_status_code', 'param': '', 'code': 'bad_response_status_code'}}
1 options {'temperature': 0.5, 'n': 8, 'top_p': 1.0, 'max_tokens': 150}
Error code: 429 - {'error': {'message': 'invalid request error trace_id: 33c11d2a9f89edda1b63a48a6a52635b (request id: 20260616065805819638138yWDXlhrz)', 'type': 'bad_response_status_code', 'param': '', 'code': 'bad_response_status_code'}}
FV-chain.py-_dynamic_chain_exec_with_cache_mp_core Error in test-73: too many retry times
1 options {'temperature': 0.0, 'n': 1, 'top_p': 1.0, 'max_tokens': 2048}
1 options {'temperature': 0.5, 'n': 8, 'top_p': 1.0, 'max_tokens': 150}
Error code: 429 - {'error': {'message': 'invalid request error trace_id: 89a8997d9685671993c5dfcd4e0a19b0 (request id: 2026061606591368497091955LjDrD3)', 'type': 'bad_response_status_code', 'param': '', 'code': 'bad_response_status_code'}}
1 options {'temperature': 0.5, 'n': 8, 'top_p': 1.0, 'max_tokens': 150}
Error code: 429 - {'error': {'message': 'invalid request error trace_id: 7c6c7a48562cf667a21f0276dee5354b (request id: 20260616070022865469969lA4L0ON3)', 'type': 'bad_response_status_code', 'param': '', 'code': 'bad_response_status_code'}}
1 options {'temperature': 0.5, 'n': 8, 'top_p': 1.0, 'max_tokens': 150}
Error code: 429 - {'error': {'message': 'invalid request error trace_id: 43b075d363673401a876348d8add182a (request id: 20260616070131666884634VDitcnVM)', 'type': 'bad_response_status_code', 'param': '', 'code': 'bad_response_status_code'}}
1 options {'temperature': 0.5, 'n': 8, 'top_p': 1.0, 'max_tokens': 150}
Error code: 429 - {'error': {'message': 'invalid request error trace_id: dc73e132a2ad822384f397d5857c111c (request id: 20260616070240150409732Uc3yh2ii)', 'type': 'bad_response_status_code', 'param': '', 'code': 'bad_response_status_code'}}
FV-chain.py-_dynamic_chain_exec_with_cache_mp_core Error in test-74: too many retry times
1 options {'temperature': 0.0, 'n': 1, 'top_p': 1.0, 'max_tokens': 2048}
1 options {'temperature': 0.5, 'n': 8, 'top_p': 1.0, 'max_tokens': 150}
Error code: 429 - {'error': {'message': 'invalid request error trace_id: faca688763ee7eca31d538414b41adee (request id: 20260616070538240847131ie01RS6X)', 'type': 'bad_response_status_code', 'param': '', 'code': 'bad_response_status_code'}}
1 options {'temperature': 0.5, 'n': 8, 'top_p': 1.0, 'max_tokens': 150}
Error code: 429 - {'error': {'message': 'invalid request error trace_id: 830c42920b318126b10c92b5a2da4928 (request id: 20260616070647109127587Opk2Z2GZ)', 'type': 'bad_response_status_code', 'param': '', 'code': 'bad_response_status_code'}}
1 options {'temperature': 0.5, 'n': 8, 'top_p': 1.0, 'max_tokens': 150}
Error code: 429 - {'error': {'message': 'invalid request error trace_id: 690b8d4416017c583518a5dcdab4e0ed (request id: 20260616070756712635049YGk8fizu)', 'type': 'bad_response_status_code', 'param': '', 'code': 'bad_response_status_code'}}
1 options {'temperature': 0.5, 'n': 8, 'top_p': 1.0, 'max_tokens': 150}
Error code: 429 - {'error': {'message': 'invalid request error trace_id: 32f795dc7346638fa301c10818497431 (request id: 20260616070906199288142ilBewQh2)', 'type': 'bad_response_status_code', 'param': '', 'code': 'bad_response_status_code'}}
FV-chain.py-_dynamic_chain_exec_with_cache_mp_core Error in test-75: too many retry times
Dynamic chain execution:   4%|▎         | 73/2024 [9:59:43<177:48:31, 328.09s/it]1 options {'temperature': 0.0, 'n': 1, 'top_p': 1.0, 'max_tokens': 2048}
1 options {'temperature': 0.5, 'n': 8, 'top_p': 1.0, 'max_tokens': 150}
Error code: 429 - {'error': {'message': 'invalid request error trace_id: 2a0f27a653ffe162c87e68cb102220de (request id: 20260616071008214365817wnroZpb5)', 'type': 'bad_response_status_code', 'param': '', 'code': 'bad_response_status_code'}}
1 options {'temperature': 0.5, 'n': 8, 'top_p': 1.0, 'max_tokens': 150}
Error code: 429 - {'error': {'message': 'invalid request error trace_id: 9028c85396e6f00e8f1866c5b8b97bf5 (request id: 202606160711175678512272exm2YmA)', 'type': 'bad_response_status_code', 'param': '', 'code': 'bad_response_status_code'}}
1 options {'temperature': 0.5, 'n': 8, 'top_p': 1.0, 'max_tokens': 150}
Error code: 429 - {'error': {'message': 'invalid request error trace_id: a002172a6aa3bd020dd0b6e3c1879234 (request id: 20260616071226315612877ZD6q4gf2)', 'type': 'bad_response_status_code', 'param': '', 'code': 'bad_response_status_code'}}
1 options {'temperature': 0.5, 'n': 8, 'top_p': 1.0, 'max_tokens': 150}
Error code: 429 - {'error': {'message': 'invalid request error trace_id: 8d52bb1a56bf77b521e71c7c4141aa2c (request id: 202606160713363498477uYM0nNB5)', 'type': 'bad_response_status_code', 'param': '', 'code': 'bad_response_status_code'}}
FV-chain.py-_dynamic_chain_exec_with_cache_mp_core Error in test-76: too many retry times
1 options {'temperature': 0.0, 'n': 1, 'top_p': 1.0, 'max_tokens': 2048}
1 options {'temperature': 0.5, 'n': 8, 'top_p': 1.0, 'max_tokens': 150}
Error code: 429 - {'error': {'message': 'invalid request error trace_id: 355b1314ebe7c6dcffc383b26ca3ef2c (request id: 20260616071429823737907zVBFkKy7)', 'type': 'bad_response_status_code', 'param': '', 'code': 'bad_response_status_code'}}
1 options {'temperature': 0.5, 'n': 8, 'top_p': 1.0, 'max_tokens': 150}
Error code: 429 - {'error': {'message': 'invalid request error trace_id: fec71bb6a3b6c631203c63af1172ffca (request id: 20260616071537685852959JhqfkGfU)', 'type': 'bad_response_status_code', 'param': '', 'code': 'bad_response_status_code'}}
1 options {'temperature': 0.5, 'n': 8, 'top_p': 1.0, 'max_tokens': 150}
Error code: 429 - {'error': {'message': 'invalid request error trace_id: 5a64f63b4279733b063c89dc4c932608 (request id: 20260616071645860041220t6WD4UfK)', 'type': 'bad_response_status_code', 'param': '', 'code': 'bad_response_status_code'}}
1 options {'temperature': 0.5, 'n': 8, 'top_p': 1.0, 'max_tokens': 150}
Error code: 429 - {'error': {'message': 'invalid request error trace_id: 48e28d946af180afd09089f90ec84f14 (request id: 20260616071754309630655x1IIOZNQ)', 'type': 'bad_response_status_code', 'param': '', 'code': 'bad_response_status_code'}}
FV-chain.py-_dynamic_chain_exec_with_cache_mp_core Error in test-77: too many retry times
1 options {'temperature': 0.0, 'n': 1, 'top_p': 1.0, 'max_tokens': 2048}
1 options {'temperature': 0.5, 'n': 8, 'top_p': 1.0, 'max_tokens': 150}
Error code: 429 - {'error': {'message': 'invalid request error trace_id: f6e6815c40c7e06c947203480184fc08 (request id: 20260616071859886874038vdXluKmM)', 'type': 'bad_response_status_code', 'param': '', 'code': 'bad_response_status_code'}}
1 options {'temperature': 0.5, 'n': 8, 'top_p': 1.0, 'max_tokens': 150}
Error code: 429 - {'error': {'message': 'invalid request error trace_id: 0d302d0d08692ba984ee9c8bafca5f0a (request id: 20260616072008465743109KLIL09US)', 'type': 'bad_response_status_code', 'param': '', 'code': 'bad_response_status_code'}}
1 options {'temperature': 0.5, 'n': 8, 'top_p': 1.0, 'max_tokens': 150}
Error code: 429 - {'error': {'message': 'invalid request error trace_id: 2b1e4bada2edcc8da994a36982fe78ab (request id: 20260616072116907304572KolzAQqC)', 'type': 'bad_response_status_code', 'param': '', 'code': 'bad_response_status_code'}}
1 options {'temperature': 0.5, 'n': 8, 'top_p': 1.0, 'max_tokens': 150}
Error code: 429 - {'error': {'message': 'invalid request error trace_id: c8636db2d14ca71f1301c88c17990f1a (request id: 20260616072226598233719u6B7sjqT)', 'type': 'bad_response_status_code', 'param': '', 'code': 'bad_response_status_code'}}
FV-chain.py-_dynamic_chain_exec_with_cache_mp_core Error in test-78: too many retry times
1 options {'temperature': 0.0, 'n': 1, 'top_p': 1.0, 'max_tokens': 2048}
1 options {'temperature': 0.5, 'n': 8, 'top_p': 1.0, 'max_tokens': 150}
Error code: 429 - {'error': {'message': 'invalid request error trace_id: 16bdb43d3a16aaf9415ea62250b50b9c (request id: 20260616072314555214145bb6wwpgi)', 'type': 'bad_response_status_code', 'param': '', 'code': 'bad_response_status_code'}}
1 options {'temperature': 0.5, 'n': 8, 'top_p': 1.0, 'max_tokens': 150}
Error code: 429 - {'error': {'message': 'invalid request error trace_id: f31e97edde28ab7236e8080ccbf67517 (request id: 20260616072422429867229F7yz4xKj)', 'type': 'bad_response_status_code', 'param': '', 'code': 'bad_response_status_code'}}
1 options {'temperature': 0.5, 'n': 8, 'top_p': 1.0, 'max_tokens': 150}
Error code: 429 - {'error': {'message': 'invalid request error trace_id: a6f17f204a0451e1f60fcbb786d56584 (request id: 20260616072531144746727qTJeDJn5)', 'type': 'bad_response_status_code', 'param': '', 'code': 'bad_response_status_code'}}
1 options {'temperature': 0.5, 'n': 8, 'top_p': 1.0, 'max_tokens': 150}
Error code: 429 - {'error': {'message': 'invalid request error trace_id: bc931a1633d418d1af41eb31fdd420f3 (request id: 20260616072640761489885cIKEW3ql)', 'type': 'bad_response_status_code', 'param': '', 'code': 'bad_response_status_code'}}
FV-chain.py-_dynamic_chain_exec_with_cache_mp_core Error in test-79: too many retry times
Dynamic chain execution:   4%|▍         | 77/2024 [10:17:18<166:59:46, 308.78s/it]1 options {'temperature': 0.0, 'n': 1, 'top_p': 1.0, 'max_tokens': 2048}
1 options {'temperature': 0.5, 'n': 8, 'top_p': 1.0, 'max_tokens': 150}
Error code: 429 - {'error': {'message': 'invalid request error trace_id: e3bc4b25686511499e6e51f91010f13f (request id: 202606160728457061537341axsbVaj)', 'type': 'bad_response_status_code', 'param': '', 'code': 'bad_response_status_code'}}
1 options {'temperature': 0.5, 'n': 8, 'top_p': 1.0, 'max_tokens': 150}
Error code: 429 - {'error': {'message': 'invalid request error trace_id: 9c2d711a407b04b20c5b7a46cc27b9e4 (request id: 2026061607295464752695505ObmvTY)', 'type': 'bad_response_status_code', 'param': '', 'code': 'bad_response_status_code'}}
1 options {'temperature': 0.5, 'n': 8, 'top_p': 1.0, 'max_tokens': 150}
Error code: 429 - {'error': {'message': 'invalid request error trace_id: f82c46a0a4b78118ae1421495d8ca27c (request id: 2026061607310412966184VDCDWFFZ)', 'type': 'bad_response_status_code', 'param': '', 'code': 'bad_response_status_code'}}
1 options {'temperature': 0.5, 'n': 8, 'top_p': 1.0, 'max_tokens': 150}
Error code: 429 - {'error': {'message': 'invalid request error trace_id: 26759a70b688210a39d75096773180cd (request id: 20260616073212605640378d9F6NFTK)', 'type': 'bad_response_status_code', 'param': '', 'code': 'bad_response_status_code'}}
FV-chain.py-_dynamic_chain_exec_with_cache_mp_core Error in test-80: too many retry times
1 options {'temperature': 0.0, 'n': 1, 'top_p': 1.0, 'max_tokens': 2048}
1 options {'temperature': 0.5, 'n': 8, 'top_p': 1.0, 'max_tokens': 150}
Error code: 429 - {'error': {'message': 'invalid request error trace_id: 352f405fab65c4546c13c1c7a3c07963 (request id: 20260616073309759969338GLCwRLE5)', 'type': 'bad_response_status_code', 'param': '', 'code': 'bad_response_status_code'}}
1 options {'temperature': 0.5, 'n': 8, 'top_p': 1.0, 'max_tokens': 150}
Error code: 429 - {'error': {'message': 'invalid request error trace_id: c3de0a00abd417843250b70a2c979387 (request id: 20260616073419171428320kJevEO3d)', 'type': 'bad_response_status_code', 'param': '', 'code': 'bad_response_status_code'}}
1 options {'temperature': 0.5, 'n': 8, 'top_p': 1.0, 'max_tokens': 150}
Error code: 429 - {'error': {'message': 'invalid request error trace_id: 9776a644715f700a8752ed0cab968dfb (request id: 20260616073527780678569fLmiNzzm)', 'type': 'bad_response_status_code', 'param': '', 'code': 'bad_response_status_code'}}
1 options {'temperature': 0.5, 'n': 8, 'top_p': 1.0, 'max_tokens': 150}
Error code: 429 - {'error': {'message': 'invalid request error trace_id: d6e5743adda79569a8f70bb207419781 (request id: 202606160736376820211964C09hUUV)', 'type': 'bad_response_status_code', 'param': '', 'code': 'bad_response_status_code'}}
FV-chain.py-_dynamic_chain_exec_with_cache_mp_core Error in test-81: too many retry times
1 options {'temperature': 0.0, 'n': 1, 'top_p': 1.0, 'max_tokens': 2048}
<html>
<head><title>504 Gateway Time-out</title></head>
<body>
<center><h1>504 Gateway Time-out</h1></center>
<hr><center>openresty</center>
</body>
</html>
1 options {'temperature': 0.0, 'n': 1, 'top_p': 1.0, 'max_tokens': 2048}
<html>
<head><title>504 Gateway Time-out</title></head>
<body>
<center><h1>504 Gateway Time-out</h1></center>
<hr><center>openresty</center>
</body>
</html>
1 options {'temperature': 0.0, 'n': 1, 'top_p': 1.0, 'max_tokens': 2048}
<html>
<head><title>504 Gateway Time-out</title></head>
<body>
<center><h1>504 Gateway Time-out</h1></center>
<hr><center>openresty</center>
</body>
</html>
1 options {'temperature': 0.0, 'n': 1, 'top_p': 1.0, 'max_tokens': 2048}
<html>
<head><title>504 Gateway Time-out</title></head>
<body>
<center><h1>504 Gateway Time-out</h1></center>
<hr><center>openresty</center>
</body>
</html>
FV-chain.py-_dynamic_chain_exec_with_cache_mp_core Error in test-82: too many retry times
1 options {'temperature': 0.0, 'n': 1, 'top_p': 1.0, 'max_tokens': 2048}
<html>
<head><title>504 Gateway Time-out</title></head>
<body>
<center><h1>504 Gateway Time-out</h1></center>
<hr><center>openresty</center>
</body>
</html>
1 options {'temperature': 0.0, 'n': 1, 'top_p': 1.0, 'max_tokens': 2048}
<html>
<head><title>504 Gateway Time-out</title></head>
<body>
<center><h1>504 Gateway Time-out</h1></center>
<hr><center>openresty</center>
</body>
</html>
1 options {'temperature': 0.0, 'n': 1, 'top_p': 1.0, 'max_tokens': 2048}
1 options {'temperature': 0.5, 'n': 8, 'top_p': 1.0, 'max_tokens': 150}
Error code: 429 - {'error': {'message': 'invalid request error trace_id: 62e9d33bfb7d8c3850ddf64c2517b958 (request id: 20260616080152772879180PPNlW5Z)', 'type': 'bad_response_status_code', 'param': '', 'code': 'bad_response_status_code'}}
1 options {'temperature': 0.5, 'n': 8, 'top_p': 1.0, 'max_tokens': 150}
Error code: 429 - {'error': {'message': 'invalid request error trace_id: cc88e7ad26472ce3215ad0f260b2b450 (request id: 20260616080301411287757aSYFoomE)', 'type': 'bad_response_status_code', 'param': '', 'code': 'bad_response_status_code'}}
1 options {'temperature': 0.5, 'n': 8, 'top_p': 1.0, 'max_tokens': 150}
Error code: 429 - {'error': {'message': 'invalid request error trace_id: b56c49855c32594dcb7fb31c35416de8 (request id: 202606160804099588182494KfDlAQ2)', 'type': 'bad_response_status_code', 'param': '', 'code': 'bad_response_status_code'}}
1 options {'temperature': 0.5, 'n': 8, 'top_p': 1.0, 'max_tokens': 150}
Error code: 429 - {'error': {'message': 'invalid request error trace_id: a50d258a1956950cc417d045a9b23f88 (request id: 20260616080518761734598M3uQ8O5Q)', 'type': 'bad_response_status_code', 'param': '', 'code': 'bad_response_status_code'}}
FV-chain.py-_dynamic_chain_exec_with_cache_mp_core Error in test-83: too many retry times
Dynamic chain execution:   4%|▍         | 81/2024 [10:55:55<210:30:25, 390.03s/it]1 options {'temperature': 0.0, 'n': 1, 'top_p': 1.0, 'max_tokens': 2048}
<html>
<head><title>504 Gateway Time-out</title></head>
<body>
<center><h1>504 Gateway Time-out</h1></center>
<hr><center>openresty</center>
</body>
</html>
1 options {'temperature': 0.0, 'n': 1, 'top_p': 1.0, 'max_tokens': 2048}
1 options {'temperature': 0.0, 'n': 1, 'top_p': 1.0, 'max_tokens': 150}
1 options {'temperature': 0, 'n': 1, 'top_p': 1.0, 'max_tokens': 150}
1 options {'temperature': 0, 'n': 1, 'top_p': 1.0, 'max_tokens': 150}
1 options {'temperature': 0, 'n': 1, 'top_p': 1.0, 'max_tokens': 150}
1 options {'temperature': 0, 'n': 1, 'top_p': 1.0, 'max_tokens': 150}
1 options {'temperature': 0, 'n': 1, 'top_p': 1.0, 'max_tokens': 150}
1 options {'temperature': 0, 'n': 1, 'top_p': 1.0, 'max_tokens': 150}
1 options {'temperature': 0, 'n': 1, 'top_p': 1.0, 'max_tokens': 150}
1 options {'temperature': 0, 'n': 1, 'top_p': 1.0, 'max_tokens': 150}
1 options {'temperature': 0, 'n': 1, 'top_p': 1.0, 'max_tokens': 150}
1 options {'temperature': 0, 'n': 1, 'top_p': 1.0, 'max_tokens': 150}
1 options {'temperature': 0, 'n': 1, 'top_p': 1.0, 'max_tokens': 150}
1 options {'temperature': 0, 'n': 1, 'top_p': 1.0, 'max_tokens': 150}
1 options {'temperature': 0, 'n': 1, 'top_p': 1.0, 'max_tokens': 150}
1 options {'temperature': 0, 'n': 1, 'top_p': 1.0, 'max_tokens': 150}
1 options {'temperature': 0, 'n': 1, 'top_p': 1.0, 'max_tokens': 150}
1 options {'temperature': 0, 'n': 1, 'top_p': 1.0, 'max_tokens': 150}
1 options {'temperature': 0, 'n': 1, 'top_p': 1.0, 'max_tokens': 150}
1 options {'temperature': 0, 'n': 1, 'top_p': 1.0, 'max_tokens': 150}
1 options {'temperature': 0, 'n': 1, 'top_p': 1.0, 'max_tokens': 150}
1 options {'temperature': 0, 'n': 1, 'top_p': 1.0, 'max_tokens': 150}
1 options {'temperature': 0, 'n': 1, 'top_p': 1.0, 'max_tokens': 150}
1 options {'temperature': 0, 'n': 1, 'top_p': 1.0, 'max_tokens': 150}
1 options {'temperature': 0, 'n': 1, 'top_p': 1.0, 'max_tokens': 150}
1 options {'temperature': 0, 'n': 1, 'top_p': 1.0, 'max_tokens': 150}
1 options {'temperature': 0, 'n': 1, 'top_p': 1.0, 'max_tokens': 150}
1 options {'temperature': 0, 'n': 1, 'top_p': 1.0, 'max_tokens': 150}
1 options {'temperature': 0, 'n': 1, 'top_p': 1.0, 'max_tokens': 150}
1 options {'temperature': 0, 'n': 1, 'top_p': 1.0, 'max_tokens': 150}
1 options {'temperature': 0, 'n': 1, 'top_p': 1.0, 'max_tokens': 150}
1 options {'temperature': 0, 'n': 1, 'top_p': 1.0, 'max_tokens': 150}
1 options {'temperature': 0, 'n': 1, 'top_p': 1.0, 'max_tokens': 150}
1 options {'temperature': 0, 'n': 1, 'top_p': 1.0, 'max_tokens': 150}
1 options {'temperature': 0, 'n': 1, 'top_p': 1.0, 'max_tokens': 150}
1 options {'temperature': 0, 'n': 1, 'top_p': 1.0, 'max_tokens': 150}
1 options {'temperature': 0, 'n': 1, 'top_p': 1.0, 'max_tokens': 150}
1 options {'temperature': 0.0, 'n': 1, 'top_p': 1.0, 'max_tokens': 2048}
1 options {'temperature': 0.5, 'n': 8, 'top_p': 1.0, 'max_tokens': 150}
Error code: 429 - {'error': {'message': 'invalid request error trace_id: 4fa2191d0d085c8bdb7ca17da4a7d617 (request id: 20260616082950755630774d2uTBcEz)', 'type': 'bad_response_status_code', 'param': '', 'code': 'bad_response_status_code'}}
1 options {'temperature': 0.5, 'n': 8, 'top_p': 1.0, 'max_tokens': 150}
Error code: 429 - {'error': {'message': 'invalid request error trace_id: 6f1c35a076cfef39163e532aaf60cf84 (request id: 2026061608310160361701gzH4A4xG)', 'type': 'bad_response_status_code', 'param': '', 'code': 'bad_response_status_code'}}
1 options {'temperature': 0.5, 'n': 8, 'top_p': 1.0, 'max_tokens': 150}
Error code: 429 - {'error': {'message': 'invalid request error trace_id: 71108861bcec15ca66ed0df227c8f721 (request id: 202606160832099921613423pl30KK6)', 'type': 'bad_response_status_code', 'param': '', 'code': 'bad_response_status_code'}}
1 options {'temperature': 0.5, 'n': 8, 'top_p': 1.0, 'max_tokens': 150}
Error code: 429 - {'error': {'message': 'invalid request error trace_id: dd623842bc72653e37e538a24b3db05f (request id: 20260616083317840202316NlOGkmlB)', 'type': 'bad_response_status_code', 'param': '', 'code': 'bad_response_status_code'}}
FV-chain.py-_dynamic_chain_exec_with_cache_mp_core Error in test-84: too many retry times
1 options {'temperature': 0.0, 'n': 1, 'top_p': 1.0, 'max_tokens': 2048}
<html>
<head><title>504 Gateway Time-out</title></head>
<body>
<center><h1>504 Gateway Time-out</h1></center>
<hr><center>openresty</center>
</body>
</html>
1 options {'temperature': 0.0, 'n': 1, 'top_p': 1.0, 'max_tokens': 2048}
<html>
<head><title>504 Gateway Time-out</title></head>
<body>
<center><h1>504 Gateway Time-out</h1></center>
<hr><center>openresty</center>
</body>
</html>
1 options {'temperature': 0.0, 'n': 1, 'top_p': 1.0, 'max_tokens': 2048}
<html>
<head><title>504 Gateway Time-out</title></head>
<body>
<center><h1>504 Gateway Time-out</h1></center>
<hr><center>openresty</center>
</body>
</html>
1 options {'temperature': 0.0, 'n': 1, 'top_p': 1.0, 'max_tokens': 2048}
1 options {'temperature': 0.5, 'n': 8, 'top_p': 1.0, 'max_tokens': 150}
Error code: 429 - {'error': {'message': 'invalid request error trace_id: 24c0cf7e9ccaa37fb55c9c704fd4373b (request id: 20260616084821357073854hid1Lc4b)', 'type': 'bad_response_status_code', 'param': '', 'code': 'bad_response_status_code'}}
1 options {'temperature': 0.5, 'n': 8, 'top_p': 1.0, 'max_tokens': 150}
Error code: 429 - {'error': {'message': 'invalid request error trace_id: 373a059eb9e5cc2dd5b4e043a833d38a (request id: 20260616084930309550349xyeFLjVC)', 'type': 'bad_response_status_code', 'param': '', 'code': 'bad_response_status_code'}}
1 options {'temperature': 0.5, 'n': 8, 'top_p': 1.0, 'max_tokens': 150}
Error code: 429 - {'error': {'message': 'invalid request error trace_id: cba753f6a1b9f3a70c1f56845cfd37d3 (request id: 202606160850393063078905wML95q0)', 'type': 'bad_response_status_code', 'param': '', 'code': 'bad_response_status_code'}}
1 options {'temperature': 0.5, 'n': 8, 'top_p': 1.0, 'max_tokens': 150}
Error code: 429 - {'error': {'message': 'invalid request error trace_id: 253b1526a050e9616b9f5a78274b011c (request id: 20260616085148796446427tYLos8gX)', 'type': 'bad_response_status_code', 'param': '', 'code': 'bad_response_status_code'}}
FV-chain.py-_dynamic_chain_exec_with_cache_mp_core Error in test-85: too many retry times
1 options {'temperature': 0.0, 'n': 1, 'top_p': 1.0, 'max_tokens': 2048}
1 options {'temperature': 0.5, 'n': 8, 'top_p': 1.0, 'max_tokens': 150}
Error code: 429 - {'error': {'message': 'invalid request error trace_id: 327595f49ea1e85be8ff86e4a05e7274 (request id: 20260616085241254421275bFYnpM1S)', 'type': 'bad_response_status_code', 'param': '', 'code': 'bad_response_status_code'}}
1 options {'temperature': 0.5, 'n': 8, 'top_p': 1.0, 'max_tokens': 150}
Error code: 429 - {'error': {'message': 'invalid request error trace_id: bd0a10432b010f6dfb3d02aaa343154a (request id: 20260616085351328568145PH6sd5vo)', 'type': 'bad_response_status_code', 'param': '', 'code': 'bad_response_status_code'}}
1 options {'temperature': 0.5, 'n': 8, 'top_p': 1.0, 'max_tokens': 150}
Error code: 429 - {'error': {'message': 'invalid request error trace_id: 4e58add28a7bde6d487154c6b0f87130 (request id: 20260616085500268859536oEUzW8M0)', 'type': 'bad_response_status_code', 'param': '', 'code': 'bad_response_status_code'}}
1 options {'temperature': 0.5, 'n': 8, 'top_p': 1.0, 'max_tokens': 150}
Error code: 429 - {'error': {'message': 'invalid request error trace_id: 9b97733fe74f8ffa7492aa9b386b672c (request id: 20260616085608391036383LHTY9uqW)', 'type': 'bad_response_status_code', 'param': '', 'code': 'bad_response_status_code'}}
FV-chain.py-_dynamic_chain_exec_with_cache_mp_core Error in test-86: too many retry times
1 options {'temperature': 0.0, 'n': 1, 'top_p': 1.0, 'max_tokens': 2048}
1 options {'temperature': 0.5, 'n': 8, 'top_p': 1.0, 'max_tokens': 150}
Error code: 429 - {'error': {'message': 'invalid request error trace_id: 186fee8a109f0fc647ddd126bf7d0014 (request id: 20260616085715116563543ce7rynW3)', 'type': 'bad_response_status_code', 'param': '', 'code': 'bad_response_status_code'}}
1 options {'temperature': 0.5, 'n': 8, 'top_p': 1.0, 'max_tokens': 150}
Error code: 429 - {'error': {'message': 'invalid request error trace_id: 18377b6b0d853aabb92cb53dae255461 (request id: 20260616085823701864130mjsicX5S)', 'type': 'bad_response_status_code', 'param': '', 'code': 'bad_response_status_code'}}
1 options {'temperature': 0.5, 'n': 8, 'top_p': 1.0, 'max_tokens': 150}
Error code: 429 - {'error': {'message': 'invalid request error trace_id: ee1e1d51f274cc09627db59f6b5d1d6b (request id: 20260616085932440001274t9aFd1vA)', 'type': 'bad_response_status_code', 'param': '', 'code': 'bad_response_status_code'}}
1 options {'temperature': 0.5, 'n': 8, 'top_p': 1.0, 'max_tokens': 150}
Error code: 429 - {'error': {'message': 'invalid request error trace_id: 7e1287abf6f84a6187cb52c5eeabe325 (request id: 20260616090041966133267w7PlVUCN)', 'type': 'bad_response_status_code', 'param': '', 'code': 'bad_response_status_code'}}
FV-chain.py-_dynamic_chain_exec_with_cache_mp_core Error in test-87: too many retry times
Dynamic chain execution:   4%|▍         | 85/2024 [11:51:19<281:19:49, 522.33s/it]1 options {'temperature': 0.0, 'n': 1, 'top_p': 1.0, 'max_tokens': 2048}
<html>
<head><title>504 Gateway Time-out</title></head>
<body>
<center><h1>504 Gateway Time-out</h1></center>
<hr><center>openresty</center>
</body>
</html>
1 options {'temperature': 0.0, 'n': 1, 'top_p': 1.0, 'max_tokens': 2048}
<html>
<head><title>504 Gateway Time-out</title></head>
<body>
<center><h1>504 Gateway Time-out</h1></center>
<hr><center>openresty</center>
</body>
</html>
1 options {'temperature': 0.0, 'n': 1, 'top_p': 1.0, 'max_tokens': 2048}
<html>
<head><title>504 Gateway Time-out</title></head>
<body>
<center><h1>504 Gateway Time-out</h1></center>
<hr><center>openresty</center>
</body>
</html>
1 options {'temperature': 0.0, 'n': 1, 'top_p': 1.0, 'max_tokens': 2048}
1 options {'temperature': 0.5, 'n': 8, 'top_p': 1.0, 'max_tokens': 150}
Error code: 429 - {'error': {'message': 'invalid request error trace_id: 1d31e1eea18997f0853a45ba001408bd (request id: 20260616091453429738454pCTOFHNx)', 'type': 'bad_response_status_code', 'param': '', 'code': 'bad_response_status_code'}}
1 options {'temperature': 0.5, 'n': 8, 'top_p': 1.0, 'max_tokens': 150}
Error code: 429 - {'error': {'message': 'invalid request error trace_id: a49eb71d11f6178c8fc4c4281ce922d2 (request id: 20260616091602496241412ZEjVVGkL)', 'type': 'bad_response_status_code', 'param': '', 'code': 'bad_response_status_code'}}
1 options {'temperature': 0.5, 'n': 8, 'top_p': 1.0, 'max_tokens': 150}
Error code: 429 - {'error': {'message': 'invalid request error trace_id: 38988a620c4654c0f37618e2a80982de (request id: 20260616091711692114452oI0m2CrX)', 'type': 'bad_response_status_code', 'param': '', 'code': 'bad_response_status_code'}}
1 options {'temperature': 0.5, 'n': 8, 'top_p': 1.0, 'max_tokens': 150}
Error code: 429 - {'error': {'message': 'invalid request error trace_id: 7ba78527b8463797741a4b53b843fc4d (request id: 20260616091821727746224dYBlPfLO)', 'type': 'bad_response_status_code', 'param': '', 'code': 'bad_response_status_code'}}
FV-chain.py-_dynamic_chain_exec_with_cache_mp_core Error in test-88: too many retry times
1 options {'temperature': 0.0, 'n': 1, 'top_p': 1.0, 'max_tokens': 2048}
<html>
<head><title>504 Gateway Time-out</title></head>
<body>
<center><h1>504 Gateway Time-out</h1></center>
<hr><center>openresty</center>
</body>
</html>
1 options {'temperature': 0.0, 'n': 1, 'top_p': 1.0, 'max_tokens': 2048}
<html>
<head><title>504 Gateway Time-out</title></head>
<body>
<center><h1>504 Gateway Time-out</h1></center>
<hr><center>openresty</center>
</body>
</html>
1 options {'temperature': 0.0, 'n': 1, 'top_p': 1.0, 'max_tokens': 2048}
<html>
<head><title>504 Gateway Time-out</title></head>
<body>
<center><h1>504 Gateway Time-out</h1></center>
<hr><center>openresty</center>
</body>
</html>
1 options {'temperature': 0.0, 'n': 1, 'top_p': 1.0, 'max_tokens': 2048}
<html>
<head><title>504 Gateway Time-out</title></head>
<body>
<center><h1>504 Gateway Time-out</h1></center>
<hr><center>openresty</center>
</body>
</html>
FV-chain.py-_dynamic_chain_exec_with_cache_mp_core Error in test-89: too many retry times
1 options {'temperature': 0.0, 'n': 1, 'top_p': 1.0, 'max_tokens': 2048}
1 options {'temperature': 0.5, 'n': 8, 'top_p': 1.0, 'max_tokens': 150}
Error code: 429 - {'error': {'message': 'invalid request error trace_id: 24db1361d9a463611cbbe0798f03158a (request id: 20260616093418459698172WeId2Vw1)', 'type': 'bad_response_status_code', 'param': '', 'code': 'bad_response_status_code'}}
1 options {'temperature': 0.5, 'n': 8, 'top_p': 1.0, 'max_tokens': 150}
Error code: 429 - {'error': {'message': 'invalid request error trace_id: 40353a66a24095dab5a6ba90ccf789f8 (request id: 20260616093527489785435ICy9wcBl)', 'type': 'bad_response_status_code', 'param': '', 'code': 'bad_response_status_code'}}
1 options {'temperature': 0.5, 'n': 8, 'top_p': 1.0, 'max_tokens': 150}
Error code: 429 - {'error': {'message': 'invalid request error trace_id: f42fadda30bea0dbe8210170ebd0374b (request id: 20260616093638132437861249pILLo)', 'type': 'bad_response_status_code', 'param': '', 'code': 'bad_response_status_code'}}
1 options {'temperature': 0.5, 'n': 8, 'top_p': 1.0, 'max_tokens': 150}
Error code: 429 - {'error': {'message': 'invalid request error trace_id: 37e22b3482190a6f945a63b3b5111736 (request id: 20260616093748317910824DujRk7jp)', 'type': 'bad_response_status_code', 'param': '', 'code': 'bad_response_status_code'}}
FV-chain.py-_dynamic_chain_exec_with_cache_mp_core Error in test-90: too many retry times
1 options {'temperature': 0.0, 'n': 1, 'top_p': 1.0, 'max_tokens': 2048}
<html>
<head><title>504 Gateway Time-out</title></head>
<body>
<center><h1>504 Gateway Time-out</h1></center>
<hr><center>openresty</center>
</body>
</html>
1 options {'temperature': 0.0, 'n': 1, 'top_p': 1.0, 'max_tokens': 2048}
1 options {'temperature': 0.5, 'n': 8, 'top_p': 1.0, 'max_tokens': 150}
Error code: 429 - {'error': {'message': 'invalid request error trace_id: 071e91d2ce75419a137039c87699a891 (request id: 2026061609435539843917P3jDiX8R)', 'type': 'bad_response_status_code', 'param': '', 'code': 'bad_response_status_code'}}
1 options {'temperature': 0.5, 'n': 8, 'top_p': 1.0, 'max_tokens': 150}
Error code: 429 - {'error': {'message': 'invalid request error trace_id: bbbada747c2cc2395dd2a81972b6f63a (request id: 20260616094503915943679v1zc68KD)', 'type': 'bad_response_status_code', 'param': '', 'code': 'bad_response_status_code'}}
1 options {'temperature': 0.5, 'n': 8, 'top_p': 1.0, 'max_tokens': 150}
Error code: 429 - {'error': {'message': 'invalid request error trace_id: 2ef8570d02e8b4fdd368456e1d16cd95 (request id: 202606160946128000369TUbju1Gj)', 'type': 'bad_response_status_code', 'param': '', 'code': 'bad_response_status_code'}}
1 options {'temperature': 0.5, 'n': 8, 'top_p': 1.0, 'max_tokens': 150}
Error code: 429 - {'error': {'message': 'invalid request error trace_id: 22e5c69c763d944acfc854221e2ece29 (request id: 20260616094721171407781x4qAENuM)', 'type': 'bad_response_status_code', 'param': '', 'code': 'bad_response_status_code'}}
FV-chain.py-_dynamic_chain_exec_with_cache_mp_core Error in test-91: too many retry times
Dynamic chain execution:   4%|▍         | 89/2024 [12:37:59<309:25:03, 575.66s/it]1 options {'temperature': 0.0, 'n': 1, 'top_p': 1.0, 'max_tokens': 2048}
1 options {'temperature': 0.5, 'n': 8, 'top_p': 1.0, 'max_tokens': 150}
Error code: 429 - {'error': {'message': 'invalid request error trace_id: 5800db7be87b6a320c6756d9277edc9a (request id: 202606160948319274894021Dgz3w38)', 'type': 'bad_response_status_code', 'param': '', 'code': 'bad_response_status_code'}}
1 options {'temperature': 0.5, 'n': 8, 'top_p': 1.0, 'max_tokens': 150}
Error code: 429 - {'error': {'message': 'invalid request error trace_id: c14f9ebdc3295a5633a897f79e43bde9 (request id: 20260616094940964922720LocGqkt7)', 'type': 'bad_response_status_code', 'param': '', 'code': 'bad_response_status_code'}}
1 options {'temperature': 0.5, 'n': 8, 'top_p': 1.0, 'max_tokens': 150}
Error code: 429 - {'error': {'message': 'invalid request error trace_id: 728b19e1cf69874ea62872ed6ef33a65 (request id: 20260616095050329039667MfUIXKYu)', 'type': 'bad_response_status_code', 'param': '', 'code': 'bad_response_status_code'}}
1 options {'temperature': 0.5, 'n': 8, 'top_p': 1.0, 'max_tokens': 150}
Error code: 429 - {'error': {'message': 'invalid request error trace_id: f41e8dbfaacaad36e42f152a63763575 (request id: 20260616095159386362593STvrLKSV)', 'type': 'bad_response_status_code', 'param': '', 'code': 'bad_response_status_code'}}
FV-chain.py-_dynamic_chain_exec_with_cache_mp_core Error in test-92: too many retry times
1 options {'temperature': 0.0, 'n': 1, 'top_p': 1.0, 'max_tokens': 2048}
<html>
<head><title>504 Gateway Time-out</title></head>
<body>
<center><h1>504 Gateway Time-out</h1></center>
<hr><center>openresty</center>
</body>
</html>
1 options {'temperature': 0.0, 'n': 1, 'top_p': 1.0, 'max_tokens': 2048}
<html>
<head><title>504 Gateway Time-out</title></head>
<body>
<center><h1>504 Gateway Time-out</h1></center>
<hr><center>openresty</center>
</body>
</html>
1 options {'temperature': 0.0, 'n': 1, 'top_p': 1.0, 'max_tokens': 2048}
<html>
<head><title>504 Gateway Time-out</title></head>
<body>
<center><h1>504 Gateway Time-out</h1></center>
<hr><center>openresty</center>
</body>
</html>
1 options {'temperature': 0.0, 'n': 1, 'top_p': 1.0, 'max_tokens': 2048}
<html>
<head><title>504 Gateway Time-out</title></head>
<body>
<center><h1>504 Gateway Time-out</h1></center>
<hr><center>openresty</center>
</body>
</html>
FV-chain.py-_dynamic_chain_exec_with_cache_mp_core Error in test-93: too many retry times
1 options {'temperature': 0.0, 'n': 1, 'top_p': 1.0, 'max_tokens': 2048}
<html>
<head><title>504 Gateway Time-out</title></head>
<body>
<center><h1>504 Gateway Time-out</h1></center>
<hr><center>openresty</center>
</body>
</html>
1 options {'temperature': 0.0, 'n': 1, 'top_p': 1.0, 'max_tokens': 2048}
<html>
<head><title>504 Gateway Time-out</title></head>
<body>
<center><h1>504 Gateway Time-out</h1></center>
<hr><center>openresty</center>
</body>
</html>
1 options {'temperature': 0.0, 'n': 1, 'top_p': 1.0, 'max_tokens': 2048}
1 options {'temperature': 0.5, 'n': 8, 'top_p': 1.0, 'max_tokens': 150}
Error code: 429 - {'error': {'message': 'invalid request error trace_id: 46febd9636a791a61d118c0be33ae7c7 (request id: 20260616101713887955680ZkhN0mko)', 'type': 'bad_response_status_code', 'param': '', 'code': 'bad_response_status_code'}}
1 options {'temperature': 0.5, 'n': 8, 'top_p': 1.0, 'max_tokens': 150}
Error code: 429 - {'error': {'message': 'invalid request error trace_id: ffbf7a2d20ff0171f53f8b0baeaa6878 (request id: 20260616101824296237027dWaFu9hN)', 'type': 'bad_response_status_code', 'param': '', 'code': 'bad_response_status_code'}}
1 options {'temperature': 0.5, 'n': 8, 'top_p': 1.0, 'max_tokens': 150}
Error code: 429 - {'error': {'message': 'invalid request error trace_id: 7273bf64ac81ca8afc4683f7011ba5c3 (request id: 20260616101933656346322UZXeDWYL)', 'type': 'bad_response_status_code', 'param': '', 'code': 'bad_response_status_code'}}
1 options {'temperature': 0.5, 'n': 8, 'top_p': 1.0, 'max_tokens': 150}
Error code: 429 - {'error': {'message': 'invalid request error trace_id: a23bb1e736a3ca700d130cb171a33b48 (request id: 20260616102041684875047f3hUhd1t)', 'type': 'bad_response_status_code', 'param': '', 'code': 'bad_response_status_code'}}
FV-chain.py-_dynamic_chain_exec_with_cache_mp_core Error in test-94: too many retry times
1 options {'temperature': 0.0, 'n': 1, 'top_p': 1.0, 'max_tokens': 2048}
1 options {'temperature': 0.5, 'n': 8, 'top_p': 1.0, 'max_tokens': 150}
Error code: 429 - {'error': {'message': 'invalid request error trace_id: 2fc114600de94d29c70d8badae9c5c3d (request id: 2026061610224698833711pPgiFZyi)', 'type': 'bad_response_status_code', 'param': '', 'code': 'bad_response_status_code'}}
1 options {'temperature': 0.5, 'n': 8, 'top_p': 1.0, 'max_tokens': 150}
Error code: 429 - {'error': {'message': 'invalid request error trace_id: d0279815e9f9d5fb7bc806d0f8c5b125 (request id: 20260616102354609979278s6AkGgwH)', 'type': 'bad_response_status_code', 'param': '', 'code': 'bad_response_status_code'}}
1 options {'temperature': 0.5, 'n': 8, 'top_p': 1.0, 'max_tokens': 150}
Error code: 429 - {'error': {'message': 'invalid request error trace_id: 75d28675edc1db94796c3cf23d977ad4 (request id: 20260616102503614107947jXUaKdQ6)', 'type': 'bad_response_status_code', 'param': '', 'code': 'bad_response_status_code'}}
1 options {'temperature': 0.5, 'n': 8, 'top_p': 1.0, 'max_tokens': 150}
Error code: 429 - {'error': {'message': 'invalid request error trace_id: a1d56907e70faeb3f7633678857b36c0 (request id: 202606161026123293340243PQySYNU)', 'type': 'bad_response_status_code', 'param': '', 'code': 'bad_response_status_code'}}
FV-chain.py-_dynamic_chain_exec_with_cache_mp_core Error in test-95: too many retry times
Dynamic chain execution:   5%|▍         | 93/2024 [13:16:49<309:54:06, 577.76s/it]1 options {'temperature': 0.0, 'n': 1, 'top_p': 1.0, 'max_tokens': 2048}
1 options {'temperature': 0.5, 'n': 8, 'top_p': 1.0, 'max_tokens': 150}
Error code: 429 - {'error': {'message': 'invalid request error trace_id: 249f18f861540ab67b36f7b73f4afc6e (request id: 20260616102820628656758jB8J0MEt)', 'type': 'bad_response_status_code', 'param': '', 'code': 'bad_response_status_code'}}
1 options {'temperature': 0.5, 'n': 8, 'top_p': 1.0, 'max_tokens': 150}
Error code: 429 - {'error': {'message': 'invalid request error trace_id: d745b8ba3f408d3a9fa0057365789ebd (request id: 2026061610293064629374TC6lIiy)', 'type': 'bad_response_status_code', 'param': '', 'code': 'bad_response_status_code'}}
1 options {'temperature': 0.5, 'n': 8, 'top_p': 1.0, 'max_tokens': 150}
Error code: 429 - {'error': {'message': 'invalid request error trace_id: 16a542759d6c210e8e23b03460a66f52 (request id: 2026061610303918401883zSiTZFvl)', 'type': 'bad_response_status_code', 'param': '', 'code': 'bad_response_status_code'}}
1 options {'temperature': 0.5, 'n': 8, 'top_p': 1.0, 'max_tokens': 150}
Error code: 429 - {'error': {'message': 'invalid request error trace_id: ac07c72f141362ab24c19b2e6d3ecb90 (request id: 20260616103146391803381O4rVfpAs)', 'type': 'bad_response_status_code', 'param': '', 'code': 'bad_response_status_code'}}
FV-chain.py-_dynamic_chain_exec_with_cache_mp_core Error in test-96: too many retry times
1 options {'temperature': 0.0, 'n': 1, 'top_p': 1.0, 'max_tokens': 2048}
1 options {'temperature': 0.5, 'n': 8, 'top_p': 1.0, 'max_tokens': 150}
Error code: 429 - {'error': {'message': 'invalid request error trace_id: 94e515d001d2268e9fa6ac3d0b145bf0 (request id: 20260616103454865077726LdGDki8H)', 'type': 'bad_response_status_code', 'param': '', 'code': 'bad_response_status_code'}}
1 options {'temperature': 0.5, 'n': 8, 'top_p': 1.0, 'max_tokens': 150}
Error code: 429 - {'error': {'message': 'invalid request error trace_id: 8754a49d53d3048087e6b6abc6fbd0ee (request id: 20260616103605983814100pKA1nZNG)', 'type': 'bad_response_status_code', 'param': '', 'code': 'bad_response_status_code'}}
1 options {'temperature': 0.5, 'n': 8, 'top_p': 1.0, 'max_tokens': 150}
Error code: 429 - {'error': {'message': 'invalid request error trace_id: 7ccc306d00119a11950d55f5c171045c (request id: 20260616103714263213880WCN1M5eB)', 'type': 'bad_response_status_code', 'param': '', 'code': 'bad_response_status_code'}}
1 options {'temperature': 0.5, 'n': 8, 'top_p': 1.0, 'max_tokens': 150}
Error code: 429 - {'error': {'message': 'invalid request error trace_id: cd39850a92e5b3ee097b1c2413a0e4d7 (request id: 20260616103822880626427L4aRgntk)', 'type': 'bad_response_status_code', 'param': '', 'code': 'bad_response_status_code'}}
FV-chain.py-_dynamic_chain_exec_with_cache_mp_core Error in test-97: too many retry times
1 options {'temperature': 0.0, 'n': 1, 'top_p': 1.0, 'max_tokens': 2048}
<html>
<head><title>504 Gateway Time-out</title></head>
<body>
<center><h1>504 Gateway Time-out</h1></center>
<hr><center>openresty</center>
</body>
</html>
1 options {'temperature': 0.0, 'n': 1, 'top_p': 1.0, 'max_tokens': 2048}
<html>
<head><title>504 Gateway Time-out</title></head>
<body>
<center><h1>504 Gateway Time-out</h1></center>
<hr><center>openresty</center>
</body>
</html>
1 options {'temperature': 0.0, 'n': 1, 'top_p': 1.0, 'max_tokens': 2048}
<html>
<head><title>504 Gateway Time-out</title></head>
<body>
<center><h1>504 Gateway Time-out</h1></center>
<hr><center>openresty</center>
</body>
</html>
1 options {'temperature': 0.0, 'n': 1, 'top_p': 1.0, 'max_tokens': 2048}
<html>
<head><title>504 Gateway Time-out</title></head>
<body>
<center><h1>504 Gateway Time-out</h1></center>
<hr><center>openresty</center>
</body>
</html>
FV-chain.py-_dynamic_chain_exec_with_cache_mp_core Error in test-98: too many retry times
1 options {'temperature': 0.0, 'n': 1, 'top_p': 1.0, 'max_tokens': 2048}
Error code: 429 - {'error': {'message': '当前分组上游负载已饱和，请稍后再试 (request id: 20260616105235193964813GmwC3xUM)', 'type': 'new_api_error', 'param': '', 'code': 'model_not_found'}}
1 options {'temperature': 0.0, 'n': 1, 'top_p': 1.0, 'max_tokens': 2048}
Error code: 429 - {'error': {'message': '当前分组上游负载已饱和，请稍后再试 (request id: 202606161053389928731427J0lY6qy)', 'type': 'new_api_error', 'param': '', 'code': 'model_not_found'}}
1 options {'temperature': 0.0, 'n': 1, 'top_p': 1.0, 'max_tokens': 2048}
Error code: 429 - {'error': {'message': '当前分组上游负载已饱和，请稍后再试 (request id: 20260616105442702684678Ztj0NUKo)', 'type': 'new_api_error', 'param': '', 'code': 'model_not_found'}}
1 options {'temperature': 0.0, 'n': 1, 'top_p': 1.0, 'max_tokens': 2048}
Error code: 429 - {'error': {'message': '当前分组上游负载已饱和，请稍后再试 (request id: 20260616105545485177125YA20w90E)', 'type': 'new_api_error', 'param': '', 'code': 'model_not_found'}}
FV-chain.py-_dynamic_chain_exec_with_cache_mp_core Error in test-99: too many retry times
Dynamic chain execution:   5%|▍         | 97/2024 [13:46:20<287:34:32, 537.25s/it]1 options {'temperature': 0.0, 'n': 1, 'top_p': 1.0, 'max_tokens': 2048}
Error code: 429 - {'error': {'message': '当前分组上游负载已饱和，请稍后再试 (request id: 20260616105548341665866xNHgiq7Q)', 'type': 'new_api_error', 'param': '', 'code': 'model_not_found'}}
1 options {'temperature': 0.0, 'n': 1, 'top_p': 1.0, 'max_tokens': 2048}
Error code: 429 - {'error': {'message': '当前分组上游负载已饱和，请稍后再试 (request id: 20260616105651165891160Hx8eGRXv)', 'type': 'new_api_error', 'param': '', 'code': 'model_not_found'}}
1 options {'temperature': 0.0, 'n': 1, 'top_p': 1.0, 'max_tokens': 2048}
<html>
<head><title>504 Gateway Time-out</title></head>
<body>
<center><h1>504 Gateway Time-out</h1></center>
<hr><center>openresty</center>
</body>
</html>
1 options {'temperature': 0.0, 'n': 1, 'top_p': 1.0, 'max_tokens': 2048}
<html>
<head><title>504 Gateway Time-out</title></head>
<body>
<center><h1>504 Gateway Time-out</h1></center>
<hr><center>openresty</center>
</body>
</html>
FV-chain.py-_dynamic_chain_exec_with_cache_mp_core Error in test-100: too many retry times
1 options {'temperature': 0.0, 'n': 1, 'top_p': 1.0, 'max_tokens': 2048}
1 options {'temperature': 0.5, 'n': 8, 'top_p': 1.0, 'max_tokens': 150}
Error code: 429 - {'error': {'message': 'invalid request error trace_id: dc04d8be18af1837e59e0cd4974cacdc (request id: 202606161105562136078967zX6FOCL)', 'type': 'bad_response_status_code', 'param': '', 'code': 'bad_response_status_code'}}
1 options {'temperature': 0.5, 'n': 8, 'top_p': 1.0, 'max_tokens': 150}
Error code: 429 - {'error': {'message': 'invalid request error trace_id: 29d4a459b438aac4b3768a1ab82e62f2 (request id: 20260616110705217278185PyJljkh4)', 'type': 'bad_response_status_code', 'param': '', 'code': 'bad_response_status_code'}}
1 options {'temperature': 0.5, 'n': 8, 'top_p': 1.0, 'max_tokens': 150}
Error code: 429 - {'error': {'message': 'invalid request error trace_id: 1b9354a283416871ad86bd2dcbdab789 (request id: 20260616110815189173698qSeXrUS4)', 'type': 'bad_response_status_code', 'param': '', 'code': 'bad_response_status_code'}}
1 options {'temperature': 0.5, 'n': 8, 'top_p': 1.0, 'max_tokens': 150}
Error code: 429 - {'error': {'message': 'invalid request error trace_id: 158dd649999c39a15ed1b930766aa9a1 (request id: 202606161109235039427262DtDpAX4)', 'type': 'bad_response_status_code', 'param': '', 'code': 'bad_response_status_code'}}
FV-chain.py-_dynamic_chain_exec_with_cache_mp_core Error in test-101: too many retry times
1 options {'temperature': 0.0, 'n': 1, 'top_p': 1.0, 'max_tokens': 2048}
1 options {'temperature': 0.5, 'n': 8, 'top_p': 1.0, 'max_tokens': 150}
Error code: 429 - {'error': {'message': 'invalid request error trace_id: c834eb695ece1bdad741bed394f546ef (request id: 2026061611103047244589mdxWJdLs)', 'type': 'bad_response_status_code', 'param': '', 'code': 'bad_response_status_code'}}
1 options {'temperature': 0.5, 'n': 8, 'top_p': 1.0, 'max_tokens': 150}
Error code: 429 - {'error': {'message': 'invalid request error trace_id: 276a2acb06e31bcc3073bb70ce291786 (request id: 2026061611114188886606glHIz1YR)', 'type': 'bad_response_status_code', 'param': '', 'code': 'bad_response_status_code'}}
1 options {'temperature': 0.5, 'n': 8, 'top_p': 1.0, 'max_tokens': 150}
Error code: 429 - {'error': {'message': 'invalid request error trace_id: 4f8bf309189cd4852b0be4312654336c (request id: 20260616111250181336090pAOCR2ot)', 'type': 'bad_response_status_code', 'param': '', 'code': 'bad_response_status_code'}}
1 options {'temperature': 0.5, 'n': 8, 'top_p': 1.0, 'max_tokens': 150}
Error code: 429 - {'error': {'message': 'invalid request error trace_id: 4472fc4b0832212292591d927a794bbc (request id: 20260616111401395820921Xcb4hOxQ)', 'type': 'bad_response_status_code', 'param': '', 'code': 'bad_response_status_code'}}
FV-chain.py-_dynamic_chain_exec_with_cache_mp_core Error in test-102: too many retry times
1 options {'temperature': 0.0, 'n': 1, 'top_p': 1.0, 'max_tokens': 2048}
1 options {'temperature': 0.5, 'n': 8, 'top_p': 1.0, 'max_tokens': 150}
Error code: 429 - {'error': {'message': 'invalid request error trace_id: 9c89d5878b98400eee89d99e90bb88cb (request id: 20260616111450762584775xezkZdXR)', 'type': 'bad_response_status_code', 'param': '', 'code': 'bad_response_status_code'}}
1 options {'temperature': 0.5, 'n': 8, 'top_p': 1.0, 'max_tokens': 150}
Error code: 429 - {'error': {'message': 'invalid request error trace_id: c14c64a6e2cc2e2399d8df09261facba (request id: 2026061611160286560423hVHGdO44)', 'type': 'bad_response_status_code', 'param': '', 'code': 'bad_response_status_code'}}
1 options {'temperature': 0.5, 'n': 8, 'top_p': 1.0, 'max_tokens': 150}
Error code: 429 - {'error': {'message': 'invalid request error trace_id: 2cf8b5fc297127ff7b35f80b8683b0b3 (request id: 2026061611171155767533gOBJM2CN)', 'type': 'bad_response_status_code', 'param': '', 'code': 'bad_response_status_code'}}
1 options {'temperature': 0.5, 'n': 8, 'top_p': 1.0, 'max_tokens': 150}
Error code: 429 - {'error': {'message': 'invalid request error trace_id: 5674345d49198da8fe36000256c9eeff (request id: 20260616111819648361734gwenZSyY)', 'type': 'bad_response_status_code', 'param': '', 'code': 'bad_response_status_code'}}
FV-chain.py-_dynamic_chain_exec_with_cache_mp_core Error in test-103: too many retry times
Dynamic chain execution:   5%|▍         | 101/2024 [14:08:57<255:14:04, 477.82s/it]1 options {'temperature': 0.0, 'n': 1, 'top_p': 1.0, 'max_tokens': 2048}
1 options {'temperature': 0.5, 'n': 8, 'top_p': 1.0, 'max_tokens': 150}
Error code: 429 - {'error': {'message': 'invalid request error trace_id: b9c0149c4ad89d7ae7fc2148ed8aeb20 (request id: 20260616112017623256799SIQpG8Eb)', 'type': 'bad_response_status_code', 'param': '', 'code': 'bad_response_status_code'}}
1 options {'temperature': 0.5, 'n': 8, 'top_p': 1.0, 'max_tokens': 150}
Error code: 429 - {'error': {'message': 'invalid request error trace_id: d01538e474f04f481c3ef182ef39e713 (request id: 20260616112127100330986tFdCavh)', 'type': 'bad_response_status_code', 'param': '', 'code': 'bad_response_status_code'}}
1 options {'temperature': 0.5, 'n': 8, 'top_p': 1.0, 'max_tokens': 150}
Error code: 429 - {'error': {'message': 'invalid request error trace_id: bc9d0c3090ffa41cf96750943a36979d (request id: 20260616112236856212291zGfP0wdc)', 'type': 'bad_response_status_code', 'param': '', 'code': 'bad_response_status_code'}}
1 options {'temperature': 0.5, 'n': 8, 'top_p': 1.0, 'max_tokens': 150}
Error code: 429 - {'error': {'message': 'invalid request error trace_id: 75d8aeead1b642f6bc85deca2c6cc469 (request id: 202606161123504205820048Km55M8e)', 'type': 'bad_response_status_code', 'param': '', 'code': 'bad_response_status_code'}}
FV-chain.py-_dynamic_chain_exec_with_cache_mp_core Error in test-104: too many retry times
1 options {'temperature': 0.0, 'n': 1, 'top_p': 1.0, 'max_tokens': 2048}
1 options {'temperature': 0.5, 'n': 8, 'top_p': 1.0, 'max_tokens': 150}
Error code: 429 - {'error': {'message': 'invalid request error trace_id: 0e7a994756831206db195836e78a4598 (request id: 20260616112456667366119826QyDfq)', 'type': 'bad_response_status_code', 'param': '', 'code': 'bad_response_status_code'}}
1 options {'temperature': 0.5, 'n': 8, 'top_p': 1.0, 'max_tokens': 150}
Error code: 429 - {'error': {'message': 'invalid request error trace_id: e0105a1f408c7c1ee59905ad72fa314a (request id: 20260616112605269095870BbgyCUxw)', 'type': 'bad_response_status_code', 'param': '', 'code': 'bad_response_status_code'}}
1 options {'temperature': 0.5, 'n': 8, 'top_p': 1.0, 'max_tokens': 150}
Error code: 429 - {'error': {'message': 'invalid request error trace_id: 46ee9ce7f7ba9b83116500a6901ab235 (request id: 202606161127144797572428lmfFh0V)', 'type': 'bad_response_status_code', 'param': '', 'code': 'bad_response_status_code'}}
1 options {'temperature': 0.5, 'n': 8, 'top_p': 1.0, 'max_tokens': 150}
Error code: 429 - {'error': {'message': 'invalid request error trace_id: a2148dc1e8ff68504d75e134664e5e9b (request id: 20260616112823490681426zDcL5sUM)', 'type': 'bad_response_status_code', 'param': '', 'code': 'bad_response_status_code'}}
FV-chain.py-_dynamic_chain_exec_with_cache_mp_core Error in test-105: too many retry times
1 options {'temperature': 0.0, 'n': 1, 'top_p': 1.0, 'max_tokens': 2048}
1 options {'temperature': 0.5, 'n': 8, 'top_p': 1.0, 'max_tokens': 150}
Error code: 429 - {'error': {'message': 'invalid request error trace_id: 098a94c3cab539bd92e9119bb1dd765b (request id: 20260616112912122280522GaraQABA)', 'type': 'bad_response_status_code', 'param': '', 'code': 'bad_response_status_code'}}
1 options {'temperature': 0.5, 'n': 8, 'top_p': 1.0, 'max_tokens': 150}
Error code: 429 - {'error': {'message': 'invalid request error trace_id: 5c27d2b591bff077d9c3cdfab2a2c789 (request id: 20260616113021873281432CMwtJZbV)', 'type': 'bad_response_status_code', 'param': '', 'code': 'bad_response_status_code'}}
1 options {'temperature': 0.5, 'n': 8, 'top_p': 1.0, 'max_tokens': 150}
Error code: 429 - {'error': {'message': 'invalid request error trace_id: 434f856b51a551c569ca62838e0ac02d (request id: 20260616113130992610856fU3TpZjV)', 'type': 'bad_response_status_code', 'param': '', 'code': 'bad_response_status_code'}}
1 options {'temperature': 0.5, 'n': 8, 'top_p': 1.0, 'max_tokens': 150}
Error code: 429 - {'error': {'message': 'invalid request error trace_id: a971629a91df7f1ac5eb85ef7a93a32b (request id: 20260616113243241786481jjCHnD9x)', 'type': 'bad_response_status_code', 'param': '', 'code': 'bad_response_status_code'}}
FV-chain.py-_dynamic_chain_exec_with_cache_mp_core Error in test-106: too many retry times
1 options {'temperature': 0.0, 'n': 1, 'top_p': 1.0, 'max_tokens': 2048}
1 options {'temperature': 0.5, 'n': 8, 'top_p': 1.0, 'max_tokens': 150}
Error code: 429 - {'error': {'message': 'invalid request error trace_id: 08e31408c217f63fad101474af59553e (request id: 20260616113439882646653AK3PgkNd)', 'type': 'bad_response_status_code', 'param': '', 'code': 'bad_response_status_code'}}
1 options {'temperature': 0.5, 'n': 8, 'top_p': 1.0, 'max_tokens': 150}
Error code: 429 - {'error': {'message': 'invalid request error trace_id: ab2cc381b7fc81e2769b04dff3646dc2 (request id: 20260616113549562807318jSSEPnpZ)', 'type': 'bad_response_status_code', 'param': '', 'code': 'bad_response_status_code'}}
1 options {'temperature': 0.5, 'n': 8, 'top_p': 1.0, 'max_tokens': 150}
Error code: 429 - {'error': {'message': 'invalid request error trace_id: 78b67627de2e1e544f9df6af543cdd13 (request id: 20260616113659340231691hQdkjKPp)', 'type': 'bad_response_status_code', 'param': '', 'code': 'bad_response_status_code'}}
1 options {'temperature': 0.5, 'n': 8, 'top_p': 1.0, 'max_tokens': 150}
Error code: 429 - {'error': {'message': 'invalid request error trace_id: 978f6ca7fddcf299f56a6eb92a4ae851 (request id: 20260616113809144570593J0kT84Yf)', 'type': 'bad_response_status_code', 'param': '', 'code': 'bad_response_status_code'}}
FV-chain.py-_dynamic_chain_exec_with_cache_mp_core Error in test-107: too many retry times
Dynamic chain execution:   5%|▌         | 105/2024 [14:28:46<225:50:30, 423.67s/it]1 options {'temperature': 0.0, 'n': 1, 'top_p': 1.0, 'max_tokens': 2048}
1 options {'temperature': 0.5, 'n': 8, 'top_p': 1.0, 'max_tokens': 150}
Error code: 429 - {'error': {'message': 'invalid request error trace_id: cf621a7cd26984616f79a22fb326a40f (request id: 20260616113853122392642icQpfiRK)', 'type': 'bad_response_status_code', 'param': '', 'code': 'bad_response_status_code'}}
1 options {'temperature': 0.5, 'n': 8, 'top_p': 1.0, 'max_tokens': 150}
Error code: 429 - {'error': {'message': 'invalid request error trace_id: 78cc70ab44dea2e34ec4625a2e3fc5d5 (request id: 20260616114002840178666ZcCzEM0X)', 'type': 'bad_response_status_code', 'param': '', 'code': 'bad_response_status_code'}}
1 options {'temperature': 0.5, 'n': 8, 'top_p': 1.0, 'max_tokens': 150}
Error code: 429 - {'error': {'message': 'invalid request error trace_id: f8c5e4debcbb89ac90484d7d81df28bc (request id: 20260616114114740259579ENhKlkNH)', 'type': 'bad_response_status_code', 'param': '', 'code': 'bad_response_status_code'}}
1 options {'temperature': 0.5, 'n': 8, 'top_p': 1.0, 'max_tokens': 150}
Error code: 429 - {'error': {'message': 'invalid request error trace_id: c6a1eeb7f731274c91ed12aafebf54df (request id: 202606161142236983367444skhSKH7)', 'type': 'bad_response_status_code', 'param': '', 'code': 'bad_response_status_code'}}
FV-chain.py-_dynamic_chain_exec_with_cache_mp_core Error in test-108: too many retry times
1 options {'temperature': 0.0, 'n': 1, 'top_p': 1.0, 'max_tokens': 2048}
1 options {'temperature': 0.5, 'n': 8, 'top_p': 1.0, 'max_tokens': 150}
Error code: 429 - {'error': {'message': 'invalid request error trace_id: ec2238cea101994badf32a24d5c2c208 (request id: 20260616114324699089514LVqpkxjU)', 'type': 'bad_response_status_code', 'param': '', 'code': 'bad_response_status_code'}}
1 options {'temperature': 0.5, 'n': 8, 'top_p': 1.0, 'max_tokens': 150}
Error code: 429 - {'error': {'message': 'invalid request error trace_id: 9e232954b2a7de81155dd7be120bb6f2 (request id: 20260616114433509955616nqZg4F2J)', 'type': 'bad_response_status_code', 'param': '', 'code': 'bad_response_status_code'}}
1 options {'temperature': 0.5, 'n': 8, 'top_p': 1.0, 'max_tokens': 150}
Error code: 429 - {'error': {'message': 'invalid request error trace_id: 5bee72218772d92640c1cf141c801157 (request id: 20260616114542347403296LANYvwuF)', 'type': 'bad_response_status_code', 'param': '', 'code': 'bad_response_status_code'}}
1 options {'temperature': 0.5, 'n': 8, 'top_p': 1.0, 'max_tokens': 150}
Error code: 429 - {'error': {'message': 'invalid request error trace_id: e93d38144ef17ddb5efb4c7eeabfa281 (request id: 20260616114653318706544N2YpyTPH)', 'type': 'bad_response_status_code', 'param': '', 'code': 'bad_response_status_code'}}
FV-chain.py-_dynamic_chain_exec_with_cache_mp_core Error in test-109: too many retry times
1 options {'temperature': 0.0, 'n': 1, 'top_p': 1.0, 'max_tokens': 2048}
1 options {'temperature': 0.5, 'n': 8, 'top_p': 1.0, 'max_tokens': 150}
Error code: 429 - {'error': {'message': 'invalid request error trace_id: c213909940b239b89e0c9dafa87e9476 (request id: 20260616114738675485634m6jc082a)', 'type': 'bad_response_status_code', 'param': '', 'code': 'bad_response_status_code'}}
1 options {'temperature': 0.5, 'n': 8, 'top_p': 1.0, 'max_tokens': 150}
Error code: 429 - {'error': {'message': 'invalid request error trace_id: 8b43dbf5c701b1943468ffd729e52c50 (request id: 20260616114848816720496sYtWviMA)', 'type': 'bad_response_status_code', 'param': '', 'code': 'bad_response_status_code'}}
1 options {'temperature': 0.5, 'n': 8, 'top_p': 1.0, 'max_tokens': 150}
Error code: 429 - {'error': {'message': 'invalid request error trace_id: 696eda96b32fbab2c3add1b7ac3ffcc3 (request id: 20260616114957420248794ge9gS7lw)', 'type': 'bad_response_status_code', 'param': '', 'code': 'bad_response_status_code'}}
1 options {'temperature': 0.5, 'n': 8, 'top_p': 1.0, 'max_tokens': 150}
Error code: 429 - {'error': {'message': 'invalid request error trace_id: a741b1f4aad93971062327d5566763e4 (request id: 20260616115107760616182kSGbpxff)', 'type': 'bad_response_status_code', 'param': '', 'code': 'bad_response_status_code'}}
FV-chain.py-_dynamic_chain_exec_with_cache_mp_core Error in test-110: too many retry times
1 options {'temperature': 0.0, 'n': 1, 'top_p': 1.0, 'max_tokens': 2048}
1 options {'temperature': 0.5, 'n': 8, 'top_p': 1.0, 'max_tokens': 150}
Error code: 429 - {'error': {'message': 'invalid request error trace_id: d017ac03070adae75fa767965814b7e7 (request id: 20260616115208444758172b93nwjDq)', 'type': 'bad_response_status_code', 'param': '', 'code': 'bad_response_status_code'}}
1 options {'temperature': 0.5, 'n': 8, 'top_p': 1.0, 'max_tokens': 150}
Error code: 429 - {'error': {'message': 'invalid request error trace_id: 1acb6b6e0935a8c9ffdbaf8b6882393e (request id: 202606161153181636892728glbQgic)', 'type': 'bad_response_status_code', 'param': '', 'code': 'bad_response_status_code'}}
1 options {'temperature': 0.5, 'n': 8, 'top_p': 1.0, 'max_tokens': 150}
Error code: 429 - {'error': {'message': 'invalid request error trace_id: 5bdcbdbf6ec8b91052b1b6703ce5de76 (request id: 20260616115428635620714AhkaHrAQ)', 'type': 'bad_response_status_code', 'param': '', 'code': 'bad_response_status_code'}}
1 options {'temperature': 0.5, 'n': 8, 'top_p': 1.0, 'max_tokens': 150}
Error code: 429 - {'error': {'message': 'invalid request error trace_id: f02eaa2cbb06db0c209d94b618b17a71 (request id: 20260616115539271136009bUPqQjpX)', 'type': 'bad_response_status_code', 'param': '', 'code': 'bad_response_status_code'}}
FV-chain.py-_dynamic_chain_exec_with_cache_mp_core Error in test-111: too many retry times
Dynamic chain execution:   5%|▌         | 109/2024 [14:46:17<199:39:14, 375.33s/it]1 options {'temperature': 0.0, 'n': 1, 'top_p': 1.0, 'max_tokens': 2048}
1 options {'temperature': 0.5, 'n': 8, 'top_p': 1.0, 'max_tokens': 150}
Error code: 429 - {'error': {'message': 'invalid request error trace_id: 5a84cd03e7bf8c7979c6881bf3a13869 (request id: 20260616115632763217012SeJGZ4tm)', 'type': 'bad_response_status_code', 'param': '', 'code': 'bad_response_status_code'}}
1 options {'temperature': 0.5, 'n': 8, 'top_p': 1.0, 'max_tokens': 150}
Error code: 429 - {'error': {'message': 'invalid request error trace_id: f8392eb2253fd6c47ce623b2d516b69e (request id: 20260616115741536291246trYPTwwa)', 'type': 'bad_response_status_code', 'param': '', 'code': 'bad_response_status_code'}}
1 options {'temperature': 0.5, 'n': 8, 'top_p': 1.0, 'max_tokens': 150}
Error code: 429 - {'error': {'message': 'invalid request error trace_id: fd57677755cdf37cb43446b784ec6e16 (request id: 20260616115853279245987E80dYCYX)', 'type': 'bad_response_status_code', 'param': '', 'code': 'bad_response_status_code'}}
1 options {'temperature': 0.5, 'n': 8, 'top_p': 1.0, 'max_tokens': 150}
Error code: 429 - {'error': {'message': 'invalid request error trace_id: 3107c38b5d755e0d1b6aee3a5d1be8cc (request id: 20260616120004584715253IpsG1tke)', 'type': 'bad_response_status_code', 'param': '', 'code': 'bad_response_status_code'}}
FV-chain.py-_dynamic_chain_exec_with_cache_mp_core Error in test-112: too many retry times
1 options {'temperature': 0.0, 'n': 1, 'top_p': 1.0, 'max_tokens': 2048}
1 options {'temperature': 0.5, 'n': 8, 'top_p': 1.0, 'max_tokens': 150}
Error code: 429 - {'error': {'message': 'invalid request error trace_id: e1ce4e0f29e07ffb69db92e52d4228ee (request id: 20260616120107847218451IPCYKvlW)', 'type': 'bad_response_status_code', 'param': '', 'code': 'bad_response_status_code'}}
1 options {'temperature': 0.5, 'n': 8, 'top_p': 1.0, 'max_tokens': 150}
Error code: 429 - {'error': {'message': 'invalid request error trace_id: cf2b104c764a79236262081894b3c87d (request id: 20260616120216561965712nD3wbUCs)', 'type': 'bad_response_status_code', 'param': '', 'code': 'bad_response_status_code'}}
1 options {'temperature': 0.5, 'n': 8, 'top_p': 1.0, 'max_tokens': 150}
Error code: 429 - {'error': {'message': 'invalid request error trace_id: dccfad97042d06d230590fe9d65890cb (request id: 20260616120326166294316qWSrvrS3)', 'type': 'bad_response_status_code', 'param': '', 'code': 'bad_response_status_code'}}
1 options {'temperature': 0.5, 'n': 8, 'top_p': 1.0, 'max_tokens': 150}
Error code: 429 - {'error': {'message': 'invalid request error trace_id: 36a6a32595811fa012ceba3f8bb9214b (request id: 20260616120436348471167LOYVyq1R)', 'type': 'bad_response_status_code', 'param': '', 'code': 'bad_response_status_code'}}
FV-chain.py-_dynamic_chain_exec_with_cache_mp_core Error in test-113: too many retry times
1 options {'temperature': 0.0, 'n': 1, 'top_p': 1.0, 'max_tokens': 2048}
1 options {'temperature': 0.5, 'n': 8, 'top_p': 1.0, 'max_tokens': 150}
Error code: 429 - {'error': {'message': 'invalid request error trace_id: 8dd70aa0d1cc563191fe89876cd781d9 (request id: 20260616120541307928620JLpUCOGs)', 'type': 'bad_response_status_code', 'param': '', 'code': 'bad_response_status_code'}}
1 options {'temperature': 0.5, 'n': 8, 'top_p': 1.0, 'max_tokens': 150}
Error code: 429 - {'error': {'message': 'invalid request error trace_id: 34ebc0e5a9c9f149b16fc3c3c0c17ac7 (request id: 20260616120651155537275OKhbM6O4)', 'type': 'bad_response_status_code', 'param': '', 'code': 'bad_response_status_code'}}
1 options {'temperature': 0.5, 'n': 8, 'top_p': 1.0, 'max_tokens': 150}
Error code: 429 - {'error': {'message': 'invalid request error trace_id: f24549065cd484d7c01343bc6d7a5df7 (request id: 2026061612080045427043EOFVnRtT)', 'type': 'bad_response_status_code', 'param': '', 'code': 'bad_response_status_code'}}
1 options {'temperature': 0.5, 'n': 8, 'top_p': 1.0, 'max_tokens': 150}
Error code: 429 - {'error': {'message': 'invalid request error trace_id: c19342918eebcfe956b0bdc2187c8c2d (request id: 20260616120911527864071g6IMtIeX)', 'type': 'bad_response_status_code', 'param': '', 'code': 'bad_response_status_code'}}
FV-chain.py-_dynamic_chain_exec_with_cache_mp_core Error in test-114: too many retry times
1 options {'temperature': 0.0, 'n': 1, 'top_p': 1.0, 'max_tokens': 2048}
<html>
<head><title>504 Gateway Time-out</title></head>
<body>
<center><h1>504 Gateway Time-out</h1></center>
<hr><center>openresty</center>
</body>
</html>
1 options {'temperature': 0.0, 'n': 1, 'top_p': 1.0, 'max_tokens': 2048}
1 options {'temperature': 0.5, 'n': 8, 'top_p': 1.0, 'max_tokens': 150}
Error code: 429 - {'error': {'message': 'invalid request error trace_id: b2c13c21ecdb3db6d96af5ad7b165bc3 (request id: 202606161216209723011187o6zldmT)', 'type': 'bad_response_status_code', 'param': '', 'code': 'bad_response_status_code'}}
1 options {'temperature': 0.5, 'n': 8, 'top_p': 1.0, 'max_tokens': 150}
Error code: 429 - {'error': {'message': 'invalid request error trace_id: 37fe807b6099b48798f42fc16f12e7b0 (request id: 202606161217294887365955ThVer61)', 'type': 'bad_response_status_code', 'param': '', 'code': 'bad_response_status_code'}}
1 options {'temperature': 0.5, 'n': 8, 'top_p': 1.0, 'max_tokens': 150}
Error code: 429 - {'error': {'message': 'invalid request error trace_id: be591dfcc6709abba5fa4665df533ddd (request id: 20260616121838313647433kCgUDtTw)', 'type': 'bad_response_status_code', 'param': '', 'code': 'bad_response_status_code'}}
1 options {'temperature': 0.5, 'n': 8, 'top_p': 1.0, 'max_tokens': 150}
Error code: 429 - {'error': {'message': 'invalid request error trace_id: ed85d4c32224f24dbe05a1e0909389ff (request id: 20260616121947877453013iXQeKU86)', 'type': 'bad_response_status_code', 'param': '', 'code': 'bad_response_status_code'}}
FV-chain.py-_dynamic_chain_exec_with_cache_mp_core Error in test-115: too many retry times
Dynamic chain execution:   6%|▌         | 113/2024 [15:10:25<197:06:40, 371.32s/it]1 options {'temperature': 0.0, 'n': 1, 'top_p': 1.0, 'max_tokens': 2048}
1 options {'temperature': 0.5, 'n': 8, 'top_p': 1.0, 'max_tokens': 150}
Error code: 429 - {'error': {'message': 'invalid request error trace_id: 3a0fac38de725ece998220a3df579c62 (request id: 20260616122053209769532GJbsNVaD)', 'type': 'bad_response_status_code', 'param': '', 'code': 'bad_response_status_code'}}
1 options {'temperature': 0.5, 'n': 8, 'top_p': 1.0, 'max_tokens': 150}
Error code: 429 - {'error': {'message': 'invalid request error trace_id: 6a86b27f0f9969ef6b04420935fec959 (request id: 20260616122202843457310YYqUe17G)', 'type': 'bad_response_status_code', 'param': '', 'code': 'bad_response_status_code'}}
1 options {'temperature': 0.5, 'n': 8, 'top_p': 1.0, 'max_tokens': 150}
Error code: 429 - {'error': {'message': 'invalid request error trace_id: 89b93594fc3fea69e5e02f252db9d7e3 (request id: 20260616122312156507758LL4jcupq)', 'type': 'bad_response_status_code', 'param': '', 'code': 'bad_response_status_code'}}
1 options {'temperature': 0.5, 'n': 8, 'top_p': 1.0, 'max_tokens': 150}
Error code: 429 - {'error': {'message': 'invalid request error trace_id: 93fcdf7f178960ce5af655f2f97ca752 (request id: 202606161224237457125740mO6zvLS)', 'type': 'bad_response_status_code', 'param': '', 'code': 'bad_response_status_code'}}
FV-chain.py-_dynamic_chain_exec_with_cache_mp_core Error in test-116: too many retry times
1 options {'temperature': 0.0, 'n': 1, 'top_p': 1.0, 'max_tokens': 2048}
1 options {'temperature': 0.5, 'n': 8, 'top_p': 1.0, 'max_tokens': 150}
Error code: 429 - {'error': {'message': 'invalid request error trace_id: 3c8d3b720a9a21cbd944780c13f844d9 (request id: 20260616122730421006616oawgMYnR)', 'type': 'bad_response_status_code', 'param': '', 'code': 'bad_response_status_code'}}
1 options {'temperature': 0.5, 'n': 8, 'top_p': 1.0, 'max_tokens': 150}
Error code: 429 - {'error': {'message': 'invalid request error trace_id: 934b1c5f3aa9681def9dff6c96b28aff (request id: 20260616122839829179892xxNhjvS3)', 'type': 'bad_response_status_code', 'param': '', 'code': 'bad_response_status_code'}}
1 options {'temperature': 0.5, 'n': 8, 'top_p': 1.0, 'max_tokens': 150}
Error code: 429 - {'error': {'message': 'invalid request error trace_id: 947c0cfc3dd166a9b02ca073796a81f2 (request id: 2026061612295054759440dvEnd6Xk)', 'type': 'bad_response_status_code', 'param': '', 'code': 'bad_response_status_code'}}
1 options {'temperature': 0.5, 'n': 8, 'top_p': 1.0, 'max_tokens': 150}
Error code: 429 - {'error': {'message': 'invalid request error trace_id: a481c6b65b79db4a327c7d9c4e1d2342 (request id: 20260616123102319522599mPxpeknV)', 'type': 'bad_response_status_code', 'param': '', 'code': 'bad_response_status_code'}}
FV-chain.py-_dynamic_chain_exec_with_cache_mp_core Error in test-117: too many retry times
1 options {'temperature': 0.0, 'n': 1, 'top_p': 1.0, 'max_tokens': 2048}
<html>
<head><title>504 Gateway Time-out</title></head>
<body>
<center><h1>504 Gateway Time-out</h1></center>
<hr><center>openresty</center>
</body>
</html>
1 options {'temperature': 0.0, 'n': 1, 'top_p': 1.0, 'max_tokens': 2048}
<html>
<head><title>504 Gateway Time-out</title></head>
<body>
<center><h1>504 Gateway Time-out</h1></center>
<hr><center>openresty</center>
</body>
</html>
1 options {'temperature': 0.0, 'n': 1, 'top_p': 1.0, 'max_tokens': 2048}
<html>
<head><title>504 Gateway Time-out</title></head>
<body>
<center><h1>504 Gateway Time-out</h1></center>
<hr><center>openresty</center>
</body>
</html>
1 options {'temperature': 0.0, 'n': 1, 'top_p': 1.0, 'max_tokens': 2048}
<html>
<head><title>504 Gateway Time-out</title></head>
<body>
<center><h1>504 Gateway Time-out</h1></center>
<hr><center>openresty</center>
</body>
</html>
FV-chain.py-_dynamic_chain_exec_with_cache_mp_core Error in test-118: too many retry times
1 options {'temperature': 0.0, 'n': 1, 'top_p': 1.0, 'max_tokens': 2048}
1 options {'temperature': 0.5, 'n': 8, 'top_p': 1.0, 'max_tokens': 150}
Error code: 429 - {'error': {'message': 'invalid request error trace_id: b20bee66602da372590a11fe3e4bbedd (request id: 20260616124717935348833HdPHdwJ3)', 'type': 'bad_response_status_code', 'param': '', 'code': 'bad_response_status_code'}}
1 options {'temperature': 0.5, 'n': 8, 'top_p': 1.0, 'max_tokens': 150}
Error code: 429 - {'error': {'message': 'invalid request error trace_id: 255dff57014874dedea2c47f936debfe (request id: 202606161248293625399733HWH0OCG)', 'type': 'bad_response_status_code', 'param': '', 'code': 'bad_response_status_code'}}
1 options {'temperature': 0.5, 'n': 8, 'top_p': 1.0, 'max_tokens': 150}
Error code: 429 - {'error': {'message': 'invalid request error trace_id: 5f5f59b78c1f49dd966dd09fa526cbbd (request id: 20260616124938367016635n5SMDmqe)', 'type': 'bad_response_status_code', 'param': '', 'code': 'bad_response_status_code'}}
1 options {'temperature': 0.5, 'n': 8, 'top_p': 1.0, 'max_tokens': 150}
Error code: 429 - {'error': {'message': 'invalid request error trace_id: 4e8ccc27b340ca9e45b68a942a2d0577 (request id: 202606161250502275860436D9tUjZq)', 'type': 'bad_response_status_code', 'param': '', 'code': 'bad_response_status_code'}}
FV-chain.py-_dynamic_chain_exec_with_cache_mp_core Error in test-119: too many retry times
Dynamic chain execution:   6%|▌         | 117/2024 [15:41:28<211:43:04, 399.68s/it]1 options {'temperature': 0.0, 'n': 1, 'top_p': 1.0, 'max_tokens': 2048}
1 options {'temperature': 0.5, 'n': 8, 'top_p': 1.0, 'max_tokens': 150}
Error code: 429 - {'error': {'message': 'invalid request error trace_id: d6363c7102d332ed1d7a25d9cffd4bc9 (request id: 20260616125252892103830YhwFEJ6M)', 'type': 'bad_response_status_code', 'param': '', 'code': 'bad_response_status_code'}}
1 options {'temperature': 0.5, 'n': 8, 'top_p': 1.0, 'max_tokens': 150}
Error code: 429 - {'error': {'message': 'invalid request error trace_id: b46c65026ac51ef7d6c46a8a4534ceb8 (request id: 20260616125403347281112BB11swcT)', 'type': 'bad_response_status_code', 'param': '', 'code': 'bad_response_status_code'}}
1 options {'temperature': 0.5, 'n': 8, 'top_p': 1.0, 'max_tokens': 150}
Error code: 429 - {'error': {'message': 'invalid request error trace_id: 0575ade568ccfc96f0cb39f655e0daea (request id: 20260616125514104552147piLGGGFr)', 'type': 'bad_response_status_code', 'param': '', 'code': 'bad_response_status_code'}}
1 options {'temperature': 0.5, 'n': 8, 'top_p': 1.0, 'max_tokens': 150}
Error code: 429 - {'error': {'message': 'invalid request error trace_id: 6dab65ce0cf757c8f94d45384d28d399 (request id: 20260616125625106559416VxugX9nE)', 'type': 'bad_response_status_code', 'param': '', 'code': 'bad_response_status_code'}}
FV-chain.py-_dynamic_chain_exec_with_cache_mp_core Error in test-120: too many retry times
1 options {'temperature': 0.0, 'n': 1, 'top_p': 1.0, 'max_tokens': 2048}
<html>
<head><title>504 Gateway Time-out</title></head>
<body>
<center><h1>504 Gateway Time-out</h1></center>
<hr><center>openresty</center>
</body>
</html>
1 options {'temperature': 0.0, 'n': 1, 'top_p': 1.0, 'max_tokens': 2048}
1 options {'temperature': 0.5, 'n': 8, 'top_p': 1.0, 'max_tokens': 150}
Error code: 429 - {'error': {'message': 'invalid request error trace_id: efc41bb7ec31828b1a4d045a6632833c (request id: 20260616130338713903pGVgD2Bd)', 'type': 'bad_response_status_code', 'param': '', 'code': 'bad_response_status_code'}}
1 options {'temperature': 0.5, 'n': 8, 'top_p': 1.0, 'max_tokens': 150}
Error code: 429 - {'error': {'message': 'invalid request error trace_id: d6b3ca49d88a94e9c0a1444700719d79 (request id: 20260616130449144646448xAiip6f5)', 'type': 'bad_response_status_code', 'param': '', 'code': 'bad_response_status_code'}}
1 options {'temperature': 0.5, 'n': 8, 'top_p': 1.0, 'max_tokens': 150}
Error code: 429 - {'error': {'message': 'invalid request error trace_id: 9ddbb13cc46faa7792819d62c72b3585 (request id: 20260616130559761748411rvDXdj8h)', 'type': 'bad_response_status_code', 'param': '', 'code': 'bad_response_status_code'}}
1 options {'temperature': 0.5, 'n': 8, 'top_p': 1.0, 'max_tokens': 150}
Error code: 429 - {'error': {'message': 'invalid request error trace_id: dea1005733aae11d772952bcf1f004af (request id: 20260616130710517359454CU0dFCWg)', 'type': 'bad_response_status_code', 'param': '', 'code': 'bad_response_status_code'}}
FV-chain.py-_dynamic_chain_exec_with_cache_mp_core Error in test-121: too many retry times
1 options {'temperature': 0.0, 'n': 1, 'top_p': 1.0, 'max_tokens': 2048}
<html>
<head><title>504 Gateway Time-out</title></head>
<body>
<center><h1>504 Gateway Time-out</h1></center>
<hr><center>openresty</center>
</body>
</html>
1 options {'temperature': 0.0, 'n': 1, 'top_p': 1.0, 'max_tokens': 2048}
1 options {'temperature': 0.5, 'n': 8, 'top_p': 1.0, 'max_tokens': 150}
Error code: 429 - {'error': {'message': 'invalid request error trace_id: 2ffd20f4543a82c401a38c8b06cc1f2a (request id: 20260616131217869431486k6yRRAn0)', 'type': 'bad_response_status_code', 'param': '', 'code': 'bad_response_status_code'}}
1 options {'temperature': 0.5, 'n': 8, 'top_p': 1.0, 'max_tokens': 150}
Error code: 429 - {'error': {'message': 'invalid request error trace_id: 89a197ad86df68a3ff44bcbe108abc35 (request id: 20260616131329873636833PdGr3yDt)', 'type': 'bad_response_status_code', 'param': '', 'code': 'bad_response_status_code'}}
1 options {'temperature': 0.5, 'n': 8, 'top_p': 1.0, 'max_tokens': 150}
Error code: 429 - {'error': {'message': 'invalid request error trace_id: d683afef8491532888ba518bb59a45b0 (request id: 20260616131439833247569TT63Ujnp)', 'type': 'bad_response_status_code', 'param': '', 'code': 'bad_response_status_code'}}
1 options {'temperature': 0.5, 'n': 8, 'top_p': 1.0, 'max_tokens': 150}
Error code: 429 - {'error': {'message': 'invalid request error trace_id: 557de99b773ddd98d2d547d705dc5f84 (request id: 20260616131549769461097rWjr07CL)', 'type': 'bad_response_status_code', 'param': '', 'code': 'bad_response_status_code'}}
FV-chain.py-_dynamic_chain_exec_with_cache_mp_core Error in test-122: too many retry times
1 options {'temperature': 0.0, 'n': 1, 'top_p': 1.0, 'max_tokens': 2048}
1 options {'temperature': 0.5, 'n': 8, 'top_p': 1.0, 'max_tokens': 150}
Error code: 429 - {'error': {'message': 'invalid request error trace_id: 5420aea006d09fe8393fc46b44894384 (request id: 20260616131648322053201cLXhJqEv)', 'type': 'bad_response_status_code', 'param': '', 'code': 'bad_response_status_code'}}
1 options {'temperature': 0.5, 'n': 8, 'top_p': 1.0, 'max_tokens': 150}
Error code: 429 - {'error': {'message': 'invalid request error trace_id: 28360709ac9b64998b102b48a2885271 (request id: 20260616131759967109441EPeRmYtG)', 'type': 'bad_response_status_code', 'param': '', 'code': 'bad_response_status_code'}}
1 options {'temperature': 0.5, 'n': 8, 'top_p': 1.0, 'max_tokens': 150}
Error code: 429 - {'error': {'message': 'invalid request error trace_id: 303e503a833163bcd529b601170b5385 (request id: 20260616131913819204252zU5fKUcb)', 'type': 'bad_response_status_code', 'param': '', 'code': 'bad_response_status_code'}}
1 options {'temperature': 0.5, 'n': 8, 'top_p': 1.0, 'max_tokens': 150}
Error code: 429 - {'error': {'message': 'invalid request error trace_id: fc9c26d507ba1e9fe9c3989ef5d65ccb (request id: 20260616132023628303900z58iYOHM)', 'type': 'bad_response_status_code', 'param': '', 'code': 'bad_response_status_code'}}
FV-chain.py-_dynamic_chain_exec_with_cache_mp_core Error in test-123: too many retry times
Dynamic chain execution:   6%|▌         | 121/2024 [16:11:01<218:11:02, 412.75s/it]1 options {'temperature': 0.0, 'n': 1, 'top_p': 1.0, 'max_tokens': 2048}
1 options {'temperature': 0.5, 'n': 8, 'top_p': 1.0, 'max_tokens': 150}
Error code: 429 - {'error': {'message': 'invalid request error trace_id: 44651520d6c48f6aacd25017c80f0b9c (request id: 20260616132125533567522LGKz9aCY)', 'type': 'bad_response_status_code', 'param': '', 'code': 'bad_response_status_code'}}
1 options {'temperature': 0.5, 'n': 8, 'top_p': 1.0, 'max_tokens': 150}
Error code: 429 - {'error': {'message': 'invalid request error trace_id: 1678866506fa72a83e4174b80f1df25a (request id: 2026061613223573423138bYLn3LvU)', 'type': 'bad_response_status_code', 'param': '', 'code': 'bad_response_status_code'}}
1 options {'temperature': 0.5, 'n': 8, 'top_p': 1.0, 'max_tokens': 150}
Error code: 429 - {'error': {'message': 'invalid request error trace_id: 5bb71ed54122319250d16a7796756c77 (request id: 20260616132345619638688rAeYzW8)', 'type': 'bad_response_status_code', 'param': '', 'code': 'bad_response_status_code'}}
1 options {'temperature': 0.5, 'n': 8, 'top_p': 1.0, 'max_tokens': 150}
Error code: 429 - {'error': {'message': 'invalid request error trace_id: c50170d137bb8cdf3eb4cbb511279208 (request id: 2026061613245799943169Q4QfA521)', 'type': 'bad_response_status_code', 'param': '', 'code': 'bad_response_status_code'}}
FV-chain.py-_dynamic_chain_exec_with_cache_mp_core Error in test-124: too many retry times
1 options {'temperature': 0.0, 'n': 1, 'top_p': 1.0, 'max_tokens': 2048}
1 options {'temperature': 0.5, 'n': 8, 'top_p': 1.0, 'max_tokens': 150}
Error code: 429 - {'error': {'message': 'invalid request error trace_id: d3cb4c84f3a623797afd49faee7e5819 (request id: 20260616132609595491948M6ep4IST)', 'type': 'bad_response_status_code', 'param': '', 'code': 'bad_response_status_code'}}
1 options {'temperature': 0.5, 'n': 8, 'top_p': 1.0, 'max_tokens': 150}
Error code: 429 - {'error': {'message': 'invalid request error trace_id: a19b25f8d104ff4aa24e6689ee982a36 (request id: 2026061613272054629428161Ua5BvY)', 'type': 'bad_response_status_code', 'param': '', 'code': 'bad_response_status_code'}}
1 options {'temperature': 0.5, 'n': 8, 'top_p': 1.0, 'max_tokens': 150}
Error code: 429 - {'error': {'message': 'invalid request error trace_id: aad346283172a79541873260f272c79d (request id: 20260616132831719719317xmoES65x)', 'type': 'bad_response_status_code', 'param': '', 'code': 'bad_response_status_code'}}
1 options {'temperature': 0.5, 'n': 8, 'top_p': 1.0, 'max_tokens': 150}
Error code: 429 - {'error': {'message': 'invalid request error trace_id: 85243f750a3ddb4efdffb4147193b9b9 (request id: 20260616132940200949576ql8cSYA1)', 'type': 'bad_response_status_code', 'param': '', 'code': 'bad_response_status_code'}}
FV-chain.py-_dynamic_chain_exec_with_cache_mp_core Error in test-125: too many retry times
1 options {'temperature': 0.0, 'n': 1, 'top_p': 1.0, 'max_tokens': 2048}
1 options {'temperature': 0.5, 'n': 8, 'top_p': 1.0, 'max_tokens': 150}
Error code: 429 - {'error': {'message': 'invalid request error trace_id: 80ac2353922c47a012a6024a74874e92 (request id: 20260616133249244374501Djcq2TYU)', 'type': 'bad_response_status_code', 'param': '', 'code': 'bad_response_status_code'}}
1 options {'temperature': 0.5, 'n': 8, 'top_p': 1.0, 'max_tokens': 150}
Error code: 429 - {'error': {'message': 'invalid request error trace_id: c3dccf017d295ea63be900a058aa1e4f (request id: 20260616133403924331703IHbIxeij)', 'type': 'bad_response_status_code', 'param': '', 'code': 'bad_response_status_code'}}
1 options {'temperature': 0.5, 'n': 8, 'top_p': 1.0, 'max_tokens': 150}
Error code: 429 - {'error': {'message': 'invalid request error trace_id: d9cde0c0109df9e1bc63b41062782e4d (request id: 2026061613351314610372G3J4b1WO)', 'type': 'bad_response_status_code', 'param': '', 'code': 'bad_response_status_code'}}
1 options {'temperature': 0.5, 'n': 8, 'top_p': 1.0, 'max_tokens': 150}
Error code: 429 - {'error': {'message': 'invalid request error trace_id: 8dc5710acaa559ef521006fc532c832e (request id: 20260616133625502136630qKZDJhzt)', 'type': 'bad_response_status_code', 'param': '', 'code': 'bad_response_status_code'}}
FV-chain.py-_dynamic_chain_exec_with_cache_mp_core Error in test-126: too many retry times
1 options {'temperature': 0.0, 'n': 1, 'top_p': 1.0, 'max_tokens': 2048}
1 options {'temperature': 0.5, 'n': 8, 'top_p': 1.0, 'max_tokens': 150}
Error code: 429 - {'error': {'message': 'invalid request error trace_id: b351263debd5cb21d8069e161b720781 (request id: 20260616133718957327149oV7TLnc5)', 'type': 'bad_response_status_code', 'param': '', 'code': 'bad_response_status_code'}}
1 options {'temperature': 0.5, 'n': 8, 'top_p': 1.0, 'max_tokens': 150}
Error code: 429 - {'error': {'message': 'invalid request error trace_id: c897a776563f8b89a0cc2c50349c1a2f (request id: 20260616133829347141719HGOIR7CN)', 'type': 'bad_response_status_code', 'param': '', 'code': 'bad_response_status_code'}}
1 options {'temperature': 0.5, 'n': 8, 'top_p': 1.0, 'max_tokens': 150}
Error code: 429 - {'error': {'message': 'invalid request error trace_id: d1f495a12caae7956ef9055bbfdb66c4 (request id: 202606161339392119997065kAm7SKq)', 'type': 'bad_response_status_code', 'param': '', 'code': 'bad_response_status_code'}}
1 options {'temperature': 0.5, 'n': 8, 'top_p': 1.0, 'max_tokens': 150}
Error code: 429 - {'error': {'message': 'invalid request error trace_id: 3bd666ac0047f16446bb6f46649c4708 (request id: 20260616134051311466834Hxty7a2E)', 'type': 'bad_response_status_code', 'param': '', 'code': 'bad_response_status_code'}}
FV-chain.py-_dynamic_chain_exec_with_cache_mp_core Error in test-127: too many retry times
Dynamic chain execution:   6%|▌         | 125/2024 [16:31:29<200:59:12, 381.02s/it]1 options {'temperature': 0.0, 'n': 1, 'top_p': 1.0, 'max_tokens': 2048}
1 options {'temperature': 0.5, 'n': 8, 'top_p': 1.0, 'max_tokens': 150}
Error code: 429 - {'error': {'message': 'invalid request error trace_id: b31e0d7b9b19759885ac1c8bcc39c441 (request id: 20260616134155937076861Gk4SzjC4)', 'type': 'bad_response_status_code', 'param': '', 'code': 'bad_response_status_code'}}
1 options {'temperature': 0.5, 'n': 8, 'top_p': 1.0, 'max_tokens': 150}
Error code: 429 - {'error': {'message': 'invalid request error trace_id: ed5fa2108456e93841026efaf3463f5f (request id: 20260616134305743556541P9yXkxdR)', 'type': 'bad_response_status_code', 'param': '', 'code': 'bad_response_status_code'}}
1 options {'temperature': 0.5, 'n': 8, 'top_p': 1.0, 'max_tokens': 150}
Error code: 429 - {'error': {'message': 'invalid request error trace_id: 78e4ed9e26dc1a232836cb1a84c04648 (request id: 20260616134415808545252pMCcNFP5)', 'type': 'bad_response_status_code', 'param': '', 'code': 'bad_response_status_code'}}
1 options {'temperature': 0.5, 'n': 8, 'top_p': 1.0, 'max_tokens': 150}
Error code: 429 - {'error': {'message': 'invalid request error trace_id: 846714eea442b37927125e5d98b2adc5 (request id: 20260616134526733555417X4W8lF4d)', 'type': 'bad_response_status_code', 'param': '', 'code': 'bad_response_status_code'}}
FV-chain.py-_dynamic_chain_exec_with_cache_mp_core Error in test-128: too many retry times
1 options {'temperature': 0.0, 'n': 1, 'top_p': 1.0, 'max_tokens': 2048}
1 options {'temperature': 0.5, 'n': 8, 'top_p': 1.0, 'max_tokens': 150}
Error code: 429 - {'error': {'message': 'invalid request error trace_id: f9d604737834da82377e84c39ae751e2 (request id: 20260616134630451437143oMXrfad7)', 'type': 'bad_response_status_code', 'param': '', 'code': 'bad_response_status_code'}}
1 options {'temperature': 0.5, 'n': 8, 'top_p': 1.0, 'max_tokens': 150}
Error code: 429 - {'error': {'message': 'invalid request error trace_id: 6c71c9aa4f880219e97c77a028a258eb (request id: 20260616134740999311354FJPwcdTT)', 'type': 'bad_response_status_code', 'param': '', 'code': 'bad_response_status_code'}}
1 options {'temperature': 0.5, 'n': 8, 'top_p': 1.0, 'max_tokens': 150}
Error code: 429 - {'error': {'message': 'invalid request error trace_id: 576e6e51560f5ee3ebffd1b331456e23 (request id: 20260616134851378026564z0xZQ2n4)', 'type': 'bad_response_status_code', 'param': '', 'code': 'bad_response_status_code'}}
1 options {'temperature': 0.5, 'n': 8, 'top_p': 1.0, 'max_tokens': 150}
Error code: 429 - {'error': {'message': 'invalid request error trace_id: e41d82f84d73d4b829e46e7ac506955a (request id: 20260616134959910675024uMFcwdNO)', 'type': 'bad_response_status_code', 'param': '', 'code': 'bad_response_status_code'}}
FV-chain.py-_dynamic_chain_exec_with_cache_mp_core Error in test-129: too many retry times
1 options {'temperature': 0.0, 'n': 1, 'top_p': 1.0, 'max_tokens': 2048}
1 options {'temperature': 0.5, 'n': 8, 'top_p': 1.0, 'max_tokens': 150}
Error code: 429 - {'error': {'message': 'invalid request error trace_id: c64921a4d15f25b438a60a11c72184a6 (request id: 20260616135103207458311wGRYFo3S)', 'type': 'bad_response_status_code', 'param': '', 'code': 'bad_response_status_code'}}
1 options {'temperature': 0.5, 'n': 8, 'top_p': 1.0, 'max_tokens': 150}
Error code: 429 - {'error': {'message': 'invalid request error trace_id: 226fb0213786f988da0302088c68d03f (request id: 2026061613522585857112AfITafLO)', 'type': 'bad_response_status_code', 'param': '', 'code': 'bad_response_status_code'}}
1 options {'temperature': 0.5, 'n': 8, 'top_p': 1.0, 'max_tokens': 150}
Error code: 429 - {'error': {'message': 'invalid request error trace_id: 74d20e5bbb399f9eea0399c7c6293d17 (request id: 202606161353365789562809ekappPU)', 'type': 'bad_response_status_code', 'param': '', 'code': 'bad_response_status_code'}}
1 options {'temperature': 0.5, 'n': 8, 'top_p': 1.0, 'max_tokens': 150}
Error code: 429 - {'error': {'message': 'invalid request error trace_id: 6d1d8841b96270582aa5f574c178b5ec (request id: 2026061613544726155787t8C4WbQV)', 'type': 'bad_response_status_code', 'param': '', 'code': 'bad_response_status_code'}}
FV-chain.py-_dynamic_chain_exec_with_cache_mp_core Error in test-130: too many retry times
1 options {'temperature': 0.0, 'n': 1, 'top_p': 1.0, 'max_tokens': 2048}
1 options {'temperature': 0.5, 'n': 8, 'top_p': 1.0, 'max_tokens': 150}
Error code: 429 - {'error': {'message': 'invalid request error trace_id: b503bff5420f5672795bc8b637f4e4fe (request id: 20260616135554635041735zZAizMAs)', 'type': 'bad_response_status_code', 'param': '', 'code': 'bad_response_status_code'}}
1 options {'temperature': 0.5, 'n': 8, 'top_p': 1.0, 'max_tokens': 150}
Error code: 429 - {'error': {'message': 'invalid request error trace_id: 220373b14256384a515cbabfb0db00a8 (request id: 20260616135705396297596qH0vnf5k)', 'type': 'bad_response_status_code', 'param': '', 'code': 'bad_response_status_code'}}
1 options {'temperature': 0.5, 'n': 8, 'top_p': 1.0, 'max_tokens': 150}
Error code: 429 - {'error': {'message': 'invalid request error trace_id: 9a7ba763b86ceebda84a23fda6a7d35d (request id: 20260616135814282205162CBvhhZ4P)', 'type': 'bad_response_status_code', 'param': '', 'code': 'bad_response_status_code'}}
1 options {'temperature': 0.5, 'n': 8, 'top_p': 1.0, 'max_tokens': 150}
Error code: 429 - {'error': {'message': 'invalid request error trace_id: 1eb49a621d14a2d7b4e561460030db64 (request id: 20260616135925183304020lMNouHnx)', 'type': 'bad_response_status_code', 'param': '', 'code': 'bad_response_status_code'}}
FV-chain.py-_dynamic_chain_exec_with_cache_mp_core Error in test-131: too many retry times
Dynamic chain execution:   6%|▋         | 129/2024 [16:50:13<184:46:10, 351.01s/it]1 options {'temperature': 0.0, 'n': 1, 'top_p': 1.0, 'max_tokens': 2048}
1 options {'temperature': 0.5, 'n': 8, 'top_p': 1.0, 'max_tokens': 150}
Error code: 429 - {'error': {'message': 'invalid request error trace_id: 07dad5158ef78a7bdc05b4419258b333 (request id: 20260616140043514466071SKQCpuEo)', 'type': 'bad_response_status_code', 'param': '', 'code': 'bad_response_status_code'}}
1 options {'temperature': 0.5, 'n': 8, 'top_p': 1.0, 'max_tokens': 150}
Error code: 429 - {'error': {'message': 'invalid request error trace_id: e357be1a2dc405ad7daef430d704d8a6 (request id: 20260616140154317889481BZ6QdQsr)', 'type': 'bad_response_status_code', 'param': '', 'code': 'bad_response_status_code'}}
1 options {'temperature': 0.5, 'n': 8, 'top_p': 1.0, 'max_tokens': 150}
Error code: 429 - {'error': {'message': 'invalid request error trace_id: b5a2e54bd80c0ddcf750ba29e727bac8 (request id: 20260616140312394023116Dn6cFG09)', 'type': 'bad_response_status_code', 'param': '', 'code': 'bad_response_status_code'}}
1 options {'temperature': 0.5, 'n': 8, 'top_p': 1.0, 'max_tokens': 150}
Error code: 429 - {'error': {'message': 'invalid request error trace_id: 27497fc4d0cf0a855bf0e903c13a4cc4 (request id: 20260616140424387293286K71yZG2C)', 'type': 'bad_response_status_code', 'param': '', 'code': 'bad_response_status_code'}}
FV-chain.py-_dynamic_chain_exec_with_cache_mp_core Error in test-132: too many retry times
1 options {'temperature': 0.0, 'n': 1, 'top_p': 1.0, 'max_tokens': 2048}
1 options {'temperature': 0.5, 'n': 8, 'top_p': 1.0, 'max_tokens': 150}
Error code: 429 - {'error': {'message': 'invalid request error trace_id: 2aac565d1d150e7fa6876a2f32f1cdc3 (request id: 20260616140529415933314Rc8x6T8W)', 'type': 'bad_response_status_code', 'param': '', 'code': 'bad_response_status_code'}}
1 options {'temperature': 0.5, 'n': 8, 'top_p': 1.0, 'max_tokens': 150}
Error code: 429 - {'error': {'message': 'invalid request error trace_id: 18588f51cb224ae3fa9cb6a78da9a01e (request id: 20260616140639707304872IepVOFoO)', 'type': 'bad_response_status_code', 'param': '', 'code': 'bad_response_status_code'}}
1 options {'temperature': 0.5, 'n': 8, 'top_p': 1.0, 'max_tokens': 150}
Error code: 429 - {'error': {'message': 'invalid request error trace_id: 060e085dfb3fa09d301d7a0e33f25635 (request id: 2026061614075315151856600lCcYft)', 'type': 'bad_response_status_code', 'param': '', 'code': 'bad_response_status_code'}}
1 options {'temperature': 0.5, 'n': 8, 'top_p': 1.0, 'max_tokens': 150}
Error code: 429 - {'error': {'message': 'invalid request error trace_id: cf27506e39945ee574d59cef1ebab3b5 (request id: 20260616140905860883649btFg8uwK)', 'type': 'bad_response_status_code', 'param': '', 'code': 'bad_response_status_code'}}
FV-chain.py-_dynamic_chain_exec_with_cache_mp_core Error in test-133: too many retry times
1 options {'temperature': 0.0, 'n': 1, 'top_p': 1.0, 'max_tokens': 2048}
1 options {'temperature': 0.5, 'n': 8, 'top_p': 1.0, 'max_tokens': 150}
Error code: 429 - {'error': {'message': 'invalid request error trace_id: 3c245ae06916480f33621464376158a0 (request id: 20260616141105390835189dIB68DQl)', 'type': 'bad_response_status_code', 'param': '', 'code': 'bad_response_status_code'}}
1 options {'temperature': 0.5, 'n': 8, 'top_p': 1.0, 'max_tokens': 150}
Error code: 429 - {'error': {'message': 'invalid request error trace_id: 81e69a7bc5188da83933d6fe0b59a48a (request id: 20260616141216808270515oCHYGjci)', 'type': 'bad_response_status_code', 'param': '', 'code': 'bad_response_status_code'}}
1 options {'temperature': 0.5, 'n': 8, 'top_p': 1.0, 'max_tokens': 150}
Error code: 429 - {'error': {'message': 'invalid request error trace_id: 658b1cbffe050f0766d62de7b47435ba (request id: 202606161413277181997335tPmmkdU)', 'type': 'bad_response_status_code', 'param': '', 'code': 'bad_response_status_code'}}
1 options {'temperature': 0.5, 'n': 8, 'top_p': 1.0, 'max_tokens': 150}
Error code: 429 - {'error': {'message': 'invalid request error trace_id: c586e6e7a91df9348c03cfe4fc47bbf8 (request id: 20260616141437517490165trkwwi6f)', 'type': 'bad_response_status_code', 'param': '', 'code': 'bad_response_status_code'}}
FV-chain.py-_dynamic_chain_exec_with_cache_mp_core Error in test-134: too many retry times
1 options {'temperature': 0.0, 'n': 1, 'top_p': 1.0, 'max_tokens': 2048}
<html>
<head><title>504 Gateway Time-out</title></head>
<body>
<center><h1>504 Gateway Time-out</h1></center>
<hr><center>openresty</center>
</body>
</html>
1 options {'temperature': 0.0, 'n': 1, 'top_p': 1.0, 'max_tokens': 2048}
<html>
<head><title>504 Gateway Time-out</title></head>
<body>
<center><h1>504 Gateway Time-out</h1></center>
<hr><center>openresty</center>
</body>
</html>
1 options {'temperature': 0.0, 'n': 1, 'top_p': 1.0, 'max_tokens': 2048}
<html>
<head><title>504 Gateway Time-out</title></head>
<body>
<center><h1>504 Gateway Time-out</h1></center>
<hr><center>openresty</center>
</body>
</html>
1 options {'temperature': 0.0, 'n': 1, 'top_p': 1.0, 'max_tokens': 2048}
<html>
<head><title>504 Gateway Time-out</title></head>
<body>
<center><h1>504 Gateway Time-out</h1></center>
<hr><center>openresty</center>
</body>
</html>
FV-chain.py-_dynamic_chain_exec_with_cache_mp_core Error in test-135: too many retry times
Dynamic chain execution:   7%|▋         | 133/2024 [17:20:23<200:22:34, 381.47s/it]1 options {'temperature': 0.0, 'n': 1, 'top_p': 1.0, 'max_tokens': 2048}
1 options {'temperature': 0.5, 'n': 8, 'top_p': 1.0, 'max_tokens': 150}
Error code: 429 - {'error': {'message': 'invalid request error trace_id: 758a9342bfcd82f5027e7647042850fc (request id: 20260616143053848248177xoJeE7zB)', 'type': 'bad_response_status_code', 'param': '', 'code': 'bad_response_status_code'}}
1 options {'temperature': 0.5, 'n': 8, 'top_p': 1.0, 'max_tokens': 150}
Error code: 429 - {'error': {'message': 'invalid request error trace_id: 4335a19ff0cee1ceb285ef63743d1496 (request id: 202606161432032396203788LVXyzXf)', 'type': 'bad_response_status_code', 'param': '', 'code': 'bad_response_status_code'}}
1 options {'temperature': 0.5, 'n': 8, 'top_p': 1.0, 'max_tokens': 150}
Error code: 429 - {'error': {'message': 'invalid request error trace_id: ff432f9a7fc253f3d4a34822b13859c7 (request id: 202606161433153211745216c3M8AZi)', 'type': 'bad_response_status_code', 'param': '', 'code': 'bad_response_status_code'}}
1 options {'temperature': 0.5, 'n': 8, 'top_p': 1.0, 'max_tokens': 150}
Error code: 429 - {'error': {'message': 'invalid request error trace_id: 012e9696e23b79a9c5171ca346c0c66a (request id: 20260616143426613659305mks0AyPx)', 'type': 'bad_response_status_code', 'param': '', 'code': 'bad_response_status_code'}}
FV-chain.py-_dynamic_chain_exec_with_cache_mp_core Error in test-136: too many retry times
1 options {'temperature': 0.0, 'n': 1, 'top_p': 1.0, 'max_tokens': 2048}
<html>
<head><title>504 Gateway Time-out</title></head>
<body>
<center><h1>504 Gateway Time-out</h1></center>
<hr><center>openresty</center>
</body>
</html>
1 options {'temperature': 0.0, 'n': 1, 'top_p': 1.0, 'max_tokens': 2048}
<html>
<head><title>504 Gateway Time-out</title></head>
<body>
<center><h1>504 Gateway Time-out</h1></center>
<hr><center>openresty</center>
</body>
</html>
1 options {'temperature': 0.0, 'n': 1, 'top_p': 1.0, 'max_tokens': 2048}
<html>
<head><title>504 Gateway Time-out</title></head>
<body>
<center><h1>504 Gateway Time-out</h1></center>
<hr><center>openresty</center>
</body>
</html>
1 options {'temperature': 0.0, 'n': 1, 'top_p': 1.0, 'max_tokens': 2048}
<html>
<head><title>504 Gateway Time-out</title></head>
<body>
<center><h1>504 Gateway Time-out</h1></center>
<hr><center>openresty</center>
</body>
</html>
FV-chain.py-_dynamic_chain_exec_with_cache_mp_core Error in test-137: too many retry times
1 options {'temperature': 0.0, 'n': 1, 'top_p': 1.0, 'max_tokens': 2048}
1 options {'temperature': 0.5, 'n': 8, 'top_p': 1.0, 'max_tokens': 150}
Error code: 429 - {'error': {'message': 'invalid request error trace_id: a7f2c7a186d6c88d8ac7c6d31890369e (request id: 2026061614524545827250ulh5n5MC)', 'type': 'bad_response_status_code', 'param': '', 'code': 'bad_response_status_code'}}
1 options {'temperature': 0.5, 'n': 8, 'top_p': 1.0, 'max_tokens': 150}
Error code: 429 - {'error': {'message': 'invalid request error trace_id: 3a02ed3c0909858a8686ddd12301cca4 (request id: 20260616145354694982211W8DC1Mkg)', 'type': 'bad_response_status_code', 'param': '', 'code': 'bad_response_status_code'}}
1 options {'temperature': 0.5, 'n': 8, 'top_p': 1.0, 'max_tokens': 150}
Error code: 429 - {'error': {'message': 'invalid request error trace_id: 5c116acfa31fb6d225df89ecd41785b2 (request id: 20260616145505958773044ImXQpOoB)', 'type': 'bad_response_status_code', 'param': '', 'code': 'bad_response_status_code'}}
1 options {'temperature': 0.5, 'n': 8, 'top_p': 1.0, 'max_tokens': 150}
Error code: 429 - {'error': {'message': 'invalid request error trace_id: cf4c2aadfd8a06916d549c67365635d7 (request id: 20260616145616680945932pGHGgfjD)', 'type': 'bad_response_status_code', 'param': '', 'code': 'bad_response_status_code'}}
FV-chain.py-_dynamic_chain_exec_with_cache_mp_core Error in test-138: too many retry times
1 options {'temperature': 0.0, 'n': 1, 'top_p': 1.0, 'max_tokens': 2048}
1 options {'temperature': 0.5, 'n': 8, 'top_p': 1.0, 'max_tokens': 150}
Error code: 429 - {'error': {'message': 'invalid request error trace_id: 4baeb5d10d5b02da1905a85c6a8845dc (request id: 20260616145722401332797OeBJHpyw)', 'type': 'bad_response_status_code', 'param': '', 'code': 'bad_response_status_code'}}
1 options {'temperature': 0.5, 'n': 8, 'top_p': 1.0, 'max_tokens': 150}
Error code: 429 - {'error': {'message': 'invalid request error trace_id: 0d4cc10cd6cb870e9868dc2b6a5e3604 (request id: 20260616145844467263885wSO7NxHj)', 'type': 'bad_response_status_code', 'param': '', 'code': 'bad_response_status_code'}}
1 options {'temperature': 0.5, 'n': 8, 'top_p': 1.0, 'max_tokens': 150}
Error code: 429 - {'error': {'message': 'invalid request error trace_id: 121f4da22a53f5d995c6fd2b61f80046 (request id: 20260616145955790784941OfppZAzd)', 'type': 'bad_response_status_code', 'param': '', 'code': 'bad_response_status_code'}}
1 options {'temperature': 0.5, 'n': 8, 'top_p': 1.0, 'max_tokens': 150}
Error code: 429 - {'error': {'message': 'invalid request error trace_id: 4e27401df7c915be3fe69f16a6b78217 (request id: 202606161501076973097494JN6TDXZ)', 'type': 'bad_response_status_code', 'param': '', 'code': 'bad_response_status_code'}}
FV-chain.py-_dynamic_chain_exec_with_cache_mp_core Error in test-139: too many retry times
Dynamic chain execution:   7%|▋         | 137/2024 [17:51:45<213:57:39, 408.19s/it]1 options {'temperature': 0.0, 'n': 1, 'top_p': 1.0, 'max_tokens': 2048}
1 options {'temperature': 0.5, 'n': 8, 'top_p': 1.0, 'max_tokens': 150}
Error code: 429 - {'error': {'message': 'invalid request error trace_id: 8a01a98c931a1626ecd79c9b5442810d (request id: 20260616150158472114196SVk864hS)', 'type': 'bad_response_status_code', 'param': '', 'code': 'bad_response_status_code'}}
1 options {'temperature': 0.5, 'n': 8, 'top_p': 1.0, 'max_tokens': 150}
Error code: 429 - {'error': {'message': 'invalid request error trace_id: 2d9777b924270c4599a7aa62a097f40f (request id: 2026061615032053342415wN4E7Wdi)', 'type': 'bad_response_status_code', 'param': '', 'code': 'bad_response_status_code'}}
1 options {'temperature': 0.5, 'n': 8, 'top_p': 1.0, 'max_tokens': 150}
Error code: 429 - {'error': {'message': 'invalid request error trace_id: 6076c5bc39a72312f224eaf4ed9118a2 (request id: 202606161504368444878642m6aiKVa)', 'type': 'bad_response_status_code', 'param': '', 'code': 'bad_response_status_code'}}
1 options {'temperature': 0.5, 'n': 8, 'top_p': 1.0, 'max_tokens': 150}
Error code: 429 - {'error': {'message': 'invalid request error trace_id: 52640af1669e791d7be1fe8074da54b2 (request id: 20260616150552645010268LxDKrlsH)', 'type': 'bad_response_status_code', 'param': '', 'code': 'bad_response_status_code'}}
FV-chain.py-_dynamic_chain_exec_with_cache_mp_core Error in test-140: too many retry times
1 options {'temperature': 0.0, 'n': 1, 'top_p': 1.0, 'max_tokens': 2048}
1 options {'temperature': 0.5, 'n': 8, 'top_p': 1.0, 'max_tokens': 150}
Error code: 429 - {'error': {'message': 'invalid request error trace_id: 4fc61ac03534ab0bd06ea13f78aa197c (request id: 20260616150658249596648c3GkzVAF)', 'type': 'bad_response_status_code', 'param': '', 'code': 'bad_response_status_code'}}
1 options {'temperature': 0.5, 'n': 8, 'top_p': 1.0, 'max_tokens': 150}
Error code: 429 - {'error': {'message': 'invalid request error trace_id: 4387b7a71d041acc27c6a4685105b2a8 (request id: 202606161508074036142290Frc2hOm)', 'type': 'bad_response_status_code', 'param': '', 'code': 'bad_response_status_code'}}
1 options {'temperature': 0.5, 'n': 8, 'top_p': 1.0, 'max_tokens': 150}
Error code: 429 - {'error': {'message': 'invalid request error trace_id: 159a10cd0413105d6ba27cd7d0803275 (request id: 20260616150917982878318k7Jqakkl)', 'type': 'bad_response_status_code', 'param': '', 'code': 'bad_response_status_code'}}
1 options {'temperature': 0.5, 'n': 8, 'top_p': 1.0, 'max_tokens': 150}
Error code: 429 - {'error': {'message': 'invalid request error trace_id: ba5bc8dec5f65cc4157d82a0c842a328 (request id: 20260616151026987378091ZXl5jj7c)', 'type': 'bad_response_status_code', 'param': '', 'code': 'bad_response_status_code'}}
FV-chain.py-_dynamic_chain_exec_with_cache_mp_core Error in test-141: too many retry times
1 options {'temperature': 0.0, 'n': 1, 'top_p': 1.0, 'max_tokens': 2048}
1 options {'temperature': 0.5, 'n': 8, 'top_p': 1.0, 'max_tokens': 150}
Error code: 429 - {'error': {'message': 'invalid request error trace_id: de0ddd5d8d425ba1e97bc4296f586b05 (request id: 20260616151123288926754M6fOiKi2)', 'type': 'bad_response_status_code', 'param': '', 'code': 'bad_response_status_code'}}
1 options {'temperature': 0.5, 'n': 8, 'top_p': 1.0, 'max_tokens': 150}
Error code: 429 - {'error': {'message': 'invalid request error trace_id: eb3fc059e400c67df1e4d6aea6a22a5d (request id: 20260616151233583979626Xz4fz8o3)', 'type': 'bad_response_status_code', 'param': '', 'code': 'bad_response_status_code'}}
1 options {'temperature': 0.5, 'n': 8, 'top_p': 1.0, 'max_tokens': 150}
Error code: 429 - {'error': {'message': 'invalid request error trace_id: a18d55c173f5018697f8c3b44f84cbea (request id: 202606161513434304082160MRviiT2)', 'type': 'bad_response_status_code', 'param': '', 'code': 'bad_response_status_code'}}
1 options {'temperature': 0.5, 'n': 8, 'top_p': 1.0, 'max_tokens': 150}
Error code: 429 - {'error': {'message': 'invalid request error trace_id: 4f25728d236c9d41b68f399df177d0ef (request id: 20260616151453548618444MxHAzR2C)', 'type': 'bad_response_status_code', 'param': '', 'code': 'bad_response_status_code'}}
FV-chain.py-_dynamic_chain_exec_with_cache_mp_core Error in test-142: too many retry times
1 options {'temperature': 0.0, 'n': 1, 'top_p': 1.0, 'max_tokens': 2048}
1 options {'temperature': 0.5, 'n': 8, 'top_p': 1.0, 'max_tokens': 150}
Error code: 429 - {'error': {'message': 'invalid request error trace_id: 44e9976f8795bc7ba1b015b44983308d (request id: 20260616151800319540598MCKHHr4w)', 'type': 'bad_response_status_code', 'param': '', 'code': 'bad_response_status_code'}}
1 options {'temperature': 0.5, 'n': 8, 'top_p': 1.0, 'max_tokens': 150}
Error code: 429 - {'error': {'message': 'invalid request error trace_id: aa3ca314c4ce107f364e84eb8e55c25e (request id: 20260616151908777508124BvAewsLE)', 'type': 'bad_response_status_code', 'param': '', 'code': 'bad_response_status_code'}}
1 options {'temperature': 0.5, 'n': 8, 'top_p': 1.0, 'max_tokens': 150}
Error code: 429 - {'error': {'message': 'invalid request error trace_id: 0f983e1af14a2ef40010aedfbc907b1b (request id: 20260616152018512940649jFXzmz9z)', 'type': 'bad_response_status_code', 'param': '', 'code': 'bad_response_status_code'}}
1 options {'temperature': 0.5, 'n': 8, 'top_p': 1.0, 'max_tokens': 150}
Error code: 429 - {'error': {'message': 'invalid request error trace_id: dac72d007b33337fb117a123842ffad3 (request id: 202606161521282665732063UaQJPcK)', 'type': 'bad_response_status_code', 'param': '', 'code': 'bad_response_status_code'}}
FV-chain.py-_dynamic_chain_exec_with_cache_mp_core Error in test-143: too many retry times
Dynamic chain execution:   7%|▋         | 141/2024 [18:12:07<197:22:28, 377.35s/it]1 options {'temperature': 0.0, 'n': 1, 'top_p': 1.0, 'max_tokens': 2048}
1 options {'temperature': 0.5, 'n': 8, 'top_p': 1.0, 'max_tokens': 150}
Error code: 429 - {'error': {'message': 'invalid request error trace_id: 2b3c5b8ec4626161000d755908335478 (request id: 20260616152229353600680nX4GXRED)', 'type': 'bad_response_status_code', 'param': '', 'code': 'bad_response_status_code'}}
1 options {'temperature': 0.5, 'n': 8, 'top_p': 1.0, 'max_tokens': 150}
Error code: 429 - {'error': {'message': 'invalid request error trace_id: b89bf71c1672cadf29d4a6f0243bf840 (request id: 20260616152337522258669jzZr9CaE)', 'type': 'bad_response_status_code', 'param': '', 'code': 'bad_response_status_code'}}
1 options {'temperature': 0.5, 'n': 8, 'top_p': 1.0, 'max_tokens': 150}
Error code: 429 - {'error': {'message': 'invalid request error trace_id: 454fd166edaa93b3cb22528026aec05b (request id: 20260616152446791708777Wx7zhgq8)', 'type': 'bad_response_status_code', 'param': '', 'code': 'bad_response_status_code'}}
1 options {'temperature': 0.5, 'n': 8, 'top_p': 1.0, 'max_tokens': 150}
Error code: 429 - {'error': {'message': 'invalid request error trace_id: a36cfcd91081a00841dc36376a357bb2 (request id: 20260616152556862324494gr4EAjD9)', 'type': 'bad_response_status_code', 'param': '', 'code': 'bad_response_status_code'}}
FV-chain.py-_dynamic_chain_exec_with_cache_mp_core Error in test-144: too many retry times
1 options {'temperature': 0.0, 'n': 1, 'top_p': 1.0, 'max_tokens': 2048}
1 options {'temperature': 0.5, 'n': 8, 'top_p': 1.0, 'max_tokens': 150}
Error code: 429 - {'error': {'message': 'invalid request error trace_id: 197fd8d0392f146dab64fcdb5aaa4c7a (request id: 2026061615270768169045P0XSxAjc)', 'type': 'bad_response_status_code', 'param': '', 'code': 'bad_response_status_code'}}
1 options {'temperature': 0.5, 'n': 8, 'top_p': 1.0, 'max_tokens': 150}
Error code: 429 - {'error': {'message': 'invalid request error trace_id: b776996aa8341e7f169e68a29a7571aa (request id: 20260616152815706684742mqWnTqiv)', 'type': 'bad_response_status_code', 'param': '', 'code': 'bad_response_status_code'}}
1 options {'temperature': 0.5, 'n': 8, 'top_p': 1.0, 'max_tokens': 150}
Error code: 429 - {'error': {'message': 'invalid request error trace_id: 25aad9b58be4dc5e87eda3bf91bd603d (request id: 20260616152926659185901XMs4xzIi)', 'type': 'bad_response_status_code', 'param': '', 'code': 'bad_response_status_code'}}
1 options {'temperature': 0.5, 'n': 8, 'top_p': 1.0, 'max_tokens': 150}
Error code: 429 - {'error': {'message': 'invalid request error trace_id: 65fb4d0ad69ce0669f3db747fe9fd444 (request id: 20260616153038709844783xJVp08xa)', 'type': 'bad_response_status_code', 'param': '', 'code': 'bad_response_status_code'}}
FV-chain.py-_dynamic_chain_exec_with_cache_mp_core Error in test-145: too many retry times
1 options {'temperature': 0.0, 'n': 1, 'top_p': 1.0, 'max_tokens': 2048}
1 options {'temperature': 0.5, 'n': 8, 'top_p': 1.0, 'max_tokens': 150}
Error code: 429 - {'error': {'message': 'invalid request error trace_id: a10e1ddc4c10338648d4e0f353a98e5a (request id: 20260616153141444486094LykKHg8e)', 'type': 'bad_response_status_code', 'param': '', 'code': 'bad_response_status_code'}}
1 options {'temperature': 0.5, 'n': 8, 'top_p': 1.0, 'max_tokens': 150}
Error code: 429 - {'error': {'message': 'invalid request error trace_id: 407d6e152d31a514705e78a50e1d3582 (request id: 202606161532533789936643FVP7KCV)', 'type': 'bad_response_status_code', 'param': '', 'code': 'bad_response_status_code'}}
1 options {'temperature': 0.5, 'n': 8, 'top_p': 1.0, 'max_tokens': 150}
Error code: 429 - {'error': {'message': 'invalid request error trace_id: 0c39ad0204693052a7fa43d39adbbe96 (request id: 20260616153404317136684rZKOjxzq)', 'type': 'bad_response_status_code', 'param': '', 'code': 'bad_response_status_code'}}
1 options {'temperature': 0.5, 'n': 8, 'top_p': 1.0, 'max_tokens': 150}
Error code: 429 - {'error': {'message': 'invalid request error trace_id: 242883e3412c82f18309930f840cca52 (request id: 20260616153514347614338a260241J)', 'type': 'bad_response_status_code', 'param': '', 'code': 'bad_response_status_code'}}
FV-chain.py-_dynamic_chain_exec_with_cache_mp_core Error in test-146: too many retry times
1 options {'temperature': 0.0, 'n': 1, 'top_p': 1.0, 'max_tokens': 2048}
1 options {'temperature': 0.5, 'n': 8, 'top_p': 1.0, 'max_tokens': 150}
Error code: 429 - {'error': {'message': 'invalid request error trace_id: 5b511f57de7992eedc40f2464cada7a3 (request id: 202606161536172117483158N6WoYsl)', 'type': 'bad_response_status_code', 'param': '', 'code': 'bad_response_status_code'}}
1 options {'temperature': 0.5, 'n': 8, 'top_p': 1.0, 'max_tokens': 150}
Error code: 429 - {'error': {'message': 'invalid request error trace_id: 4203eaf81bb4b0b63886155e89aaf530 (request id: 20260616153726168854633tX0nqMye)', 'type': 'bad_response_status_code', 'param': '', 'code': 'bad_response_status_code'}}
1 options {'temperature': 0.5, 'n': 8, 'top_p': 1.0, 'max_tokens': 150}
Error code: 429 - {'error': {'message': 'invalid request error trace_id: fa5d7cc85e208acb60d67324713b8f40 (request id: 20260616153836115422616IAmdK3Mb)', 'type': 'bad_response_status_code', 'param': '', 'code': 'bad_response_status_code'}}
1 options {'temperature': 0.5, 'n': 8, 'top_p': 1.0, 'max_tokens': 150}
Error code: 429 - {'error': {'message': 'invalid request error trace_id: 3839c5060f08c4acd92af246fda7ff68 (request id: 20260616153946414573705xexCCUz8)', 'type': 'bad_response_status_code', 'param': '', 'code': 'bad_response_status_code'}}
FV-chain.py-_dynamic_chain_exec_with_cache_mp_core Error in test-147: too many retry times
Dynamic chain execution:   7%|▋         | 145/2024 [18:30:24<180:48:22, 346.41s/it]1 options {'temperature': 0.0, 'n': 1, 'top_p': 1.0, 'max_tokens': 2048}
1 options {'temperature': 0.5, 'n': 8, 'top_p': 1.0, 'max_tokens': 150}
Error code: 429 - {'error': {'message': 'invalid request error trace_id: c6e456de41fb4b5a0b12d612358caf54 (request id: 20260616154045970875736bSKqX0nI)', 'type': 'bad_response_status_code', 'param': '', 'code': 'bad_response_status_code'}}
1 options {'temperature': 0.5, 'n': 8, 'top_p': 1.0, 'max_tokens': 150}
Error code: 429 - {'error': {'message': 'invalid request error trace_id: ba0acc849cd683c8b230a5cce76ab01a (request id: 202606161541555513354595xP9ux2f)', 'type': 'bad_response_status_code', 'param': '', 'code': 'bad_response_status_code'}}
1 options {'temperature': 0.5, 'n': 8, 'top_p': 1.0, 'max_tokens': 150}
Error code: 429 - {'error': {'message': 'invalid request error trace_id: 46a56a8a665ecbaa1f5c0317b1141f8e (request id: 20260616154310581670942eLV7qYci)', 'type': 'bad_response_status_code', 'param': '', 'code': 'bad_response_status_code'}}
1 options {'temperature': 0.5, 'n': 8, 'top_p': 1.0, 'max_tokens': 150}
Error code: 429 - {'error': {'message': 'invalid request error trace_id: 01395fe23551d4d1a3ac177c74b7796b (request id: 20260616154420139433744o58dGmEo)', 'type': 'bad_response_status_code', 'param': '', 'code': 'bad_response_status_code'}}
FV-chain.py-_dynamic_chain_exec_with_cache_mp_core Error in test-148: too many retry times
1 options {'temperature': 0.0, 'n': 1, 'top_p': 1.0, 'max_tokens': 2048}
1 options {'temperature': 0.5, 'n': 8, 'top_p': 1.0, 'max_tokens': 150}
Error code: 429 - {'error': {'message': 'invalid request error trace_id: b6428d247cbd8eef493569daeedacc20 (request id: 20260616154626283885188htHRkIzh)', 'type': 'bad_response_status_code', 'param': '', 'code': 'bad_response_status_code'}}
1 options {'temperature': 0.5, 'n': 8, 'top_p': 1.0, 'max_tokens': 150}
Error code: 429 - {'error': {'message': 'invalid request error trace_id: 2a53547fe5815e6df1a5d7999432a91c (request id: 202606161547358063429213CrD7mpj)', 'type': 'bad_response_status_code', 'param': '', 'code': 'bad_response_status_code'}}
1 options {'temperature': 0.5, 'n': 8, 'top_p': 1.0, 'max_tokens': 150}
Error code: 429 - {'error': {'message': 'invalid request error trace_id: 9f7b1127e50ed3be1f8ff21d289f5f78 (request id: 20260616154847227442367LMpAUQX0)', 'type': 'bad_response_status_code', 'param': '', 'code': 'bad_response_status_code'}}
1 options {'temperature': 0.5, 'n': 8, 'top_p': 1.0, 'max_tokens': 150}
Error code: 429 - {'error': {'message': 'invalid request error trace_id: 23da66c8c59eaec474e8e0acb0270653 (request id: 20260616155003612942423F92Yx5b)', 'type': 'bad_response_status_code', 'param': '', 'code': 'bad_response_status_code'}}
FV-chain.py-_dynamic_chain_exec_with_cache_mp_core Error in test-149: too many retry times
1 options {'temperature': 0.0, 'n': 1, 'top_p': 1.0, 'max_tokens': 2048}
1 options {'temperature': 0.5, 'n': 8, 'top_p': 1.0, 'max_tokens': 150}
Error code: 429 - {'error': {'message': 'invalid request error trace_id: db00c038aab4db6417ad75d4b4554869 (request id: 20260616155105442891431Cybr1PR5)', 'type': 'bad_response_status_code', 'param': '', 'code': 'bad_response_status_code'}}
1 options {'temperature': 0.5, 'n': 8, 'top_p': 1.0, 'max_tokens': 150}
Error code: 429 - {'error': {'message': 'invalid request error trace_id: e0b0e90e38841504b101c6b6f3d43813 (request id: 20260616155214149555676SbERpUyy)', 'type': 'bad_response_status_code', 'param': '', 'code': 'bad_response_status_code'}}
1 options {'temperature': 0.5, 'n': 8, 'top_p': 1.0, 'max_tokens': 150}
Error code: 429 - {'error': {'message': 'invalid request error trace_id: c722a1af7b32df8b24b5910dceed58b8 (request id: 20260616155324566901292bxcmR9lT)', 'type': 'bad_response_status_code', 'param': '', 'code': 'bad_response_status_code'}}
1 options {'temperature': 0.5, 'n': 8, 'top_p': 1.0, 'max_tokens': 150}
Error code: 429 - {'error': {'message': 'invalid request error trace_id: a704db6a67f1c38f567d6ad7c14fa09c (request id: 20260616155433670269273yv8PzPge)', 'type': 'bad_response_status_code', 'param': '', 'code': 'bad_response_status_code'}}
FV-chain.py-_dynamic_chain_exec_with_cache_mp_core Error in test-150: too many retry times
1 options {'temperature': 0.0, 'n': 1, 'top_p': 1.0, 'max_tokens': 2048}
1 options {'temperature': 0.5, 'n': 8, 'top_p': 1.0, 'max_tokens': 150}
Error code: 429 - {'error': {'message': 'invalid request error trace_id: 020f0f2c9148079fb73f27f434813703 (request id: 20260616155641140301307gRSSDIe8)', 'type': 'bad_response_status_code', 'param': '', 'code': 'bad_response_status_code'}}
1 options {'temperature': 0.5, 'n': 8, 'top_p': 1.0, 'max_tokens': 150}
Error code: 429 - {'error': {'message': 'invalid request error trace_id: 4fab75ce3dabe7eab4fa8e3845f6f68f (request id: 202606161557509382456604jdA9Lqn)', 'type': 'bad_response_status_code', 'param': '', 'code': 'bad_response_status_code'}}
1 options {'temperature': 0.5, 'n': 8, 'top_p': 1.0, 'max_tokens': 150}
Error code: 429 - {'error': {'message': 'invalid request error trace_id: 6c92bd5ec0ce56a4059d40845e9105d8 (request id: 20260616155906257145058BnXbsxhi)', 'type': 'bad_response_status_code', 'param': '', 'code': 'bad_response_status_code'}}
1 options {'temperature': 0.5, 'n': 8, 'top_p': 1.0, 'max_tokens': 150}
Error code: 429 - {'error': {'message': 'invalid request error trace_id: 70f6e49c3d4e7e29dfbadc0043fab962 (request id: 20260616160015511951452fmloVfHZ)', 'type': 'bad_response_status_code', 'param': '', 'code': 'bad_response_status_code'}}
FV-chain.py-_dynamic_chain_exec_with_cache_mp_core Error in test-151: too many retry times
Dynamic chain execution:   7%|▋         | 149/2024 [18:50:53<174:19:01, 334.69s/it]1 options {'temperature': 0.0, 'n': 1, 'top_p': 1.0, 'max_tokens': 2048}
1 options {'temperature': 0.5, 'n': 8, 'top_p': 1.0, 'max_tokens': 150}
Error code: 429 - {'error': {'message': 'invalid request error trace_id: 00dd3e9dc2d539e18abe7a41b02f0860 (request id: 20260616160106987931104d1L5bRyc)', 'type': 'bad_response_status_code', 'param': '', 'code': 'bad_response_status_code'}}
1 options {'temperature': 0.5, 'n': 8, 'top_p': 1.0, 'max_tokens': 150}
Error code: 429 - {'error': {'message': 'invalid request error trace_id: 34dc9b74e3a262a1d2482f3df0dadf96 (request id: 2026061616021736296689542qgJo3F)', 'type': 'bad_response_status_code', 'param': '', 'code': 'bad_response_status_code'}}
1 options {'temperature': 0.5, 'n': 8, 'top_p': 1.0, 'max_tokens': 150}
Error code: 429 - {'error': {'message': 'invalid request error trace_id: 490da787f1cd5f5cfc4bb902473efdba (request id: 20260616160327835564562yNI7dZZV)', 'type': 'bad_response_status_code', 'param': '', 'code': 'bad_response_status_code'}}
1 options {'temperature': 0.5, 'n': 8, 'top_p': 1.0, 'max_tokens': 150}
Error code: 429 - {'error': {'message': 'invalid request error trace_id: 30d293554c8e08326cedbb85583c4597 (request id: 20260616160443890384459pFypD7Z)', 'type': 'bad_response_status_code', 'param': '', 'code': 'bad_response_status_code'}}
FV-chain.py-_dynamic_chain_exec_with_cache_mp_core Error in test-152: too many retry times
1 options {'temperature': 0.0, 'n': 1, 'top_p': 1.0, 'max_tokens': 2048}
1 options {'temperature': 0.5, 'n': 8, 'top_p': 1.0, 'max_tokens': 150}
Error code: 429 - {'error': {'message': 'invalid request error trace_id: 54ecd970213746f38dd07440dd6d702d (request id: 20260616160752881795331DRgHnifa)', 'type': 'bad_response_status_code', 'param': '', 'code': 'bad_response_status_code'}}
1 options {'temperature': 0.5, 'n': 8, 'top_p': 1.0, 'max_tokens': 150}
Error code: 429 - {'error': {'message': 'invalid request error trace_id: 9edcdbeb6f3712b5f41e7aa4f63596d0 (request id: 202606161609085044672940fUePgFX)', 'type': 'bad_response_status_code', 'param': '', 'code': 'bad_response_status_code'}}
1 options {'temperature': 0.5, 'n': 8, 'top_p': 1.0, 'max_tokens': 150}
Error code: 429 - {'error': {'message': 'invalid request error trace_id: 6f51f449467a87d196b0a94426581328 (request id: 20260616161019117204476gPKWLO9T)', 'type': 'bad_response_status_code', 'param': '', 'code': 'bad_response_status_code'}}
1 options {'temperature': 0.5, 'n': 8, 'top_p': 1.0, 'max_tokens': 150}
Error code: 429 - {'error': {'message': 'invalid request error trace_id: 039bfc2713129eb72c5cdd9105437e95 (request id: 2026061616113033774619kZgUtnL6)', 'type': 'bad_response_status_code', 'param': '', 'code': 'bad_response_status_code'}}
FV-chain.py-_dynamic_chain_exec_with_cache_mp_core Error in test-153: too many retry times
1 options {'temperature': 0.0, 'n': 1, 'top_p': 1.0, 'max_tokens': 2048}
1 options {'temperature': 0.5, 'n': 8, 'top_p': 1.0, 'max_tokens': 150}
Error code: 429 - {'error': {'message': 'invalid request error trace_id: 31077c6fa8ada041fc859ff1a7224105 (request id: 20260616161230433193795i96AC3cU)', 'type': 'bad_response_status_code', 'param': '', 'code': 'bad_response_status_code'}}
1 options {'temperature': 0.5, 'n': 8, 'top_p': 1.0, 'max_tokens': 150}
Error code: 429 - {'error': {'message': 'invalid request error trace_id: b29a6394d0dcc1529fd886ff923ac2ce (request id: 202606161613421645930655LzBeDVs)', 'type': 'bad_response_status_code', 'param': '', 'code': 'bad_response_status_code'}}
1 options {'temperature': 0.5, 'n': 8, 'top_p': 1.0, 'max_tokens': 150}
Error code: 429 - {'error': {'message': 'invalid request error trace_id: 80d4e2c71221b793c9d4292536f318cb (request id: 20260616161454959508598Cc0HSjck)', 'type': 'bad_response_status_code', 'param': '', 'code': 'bad_response_status_code'}}
1 options {'temperature': 0.5, 'n': 8, 'top_p': 1.0, 'max_tokens': 150}
Error code: 429 - {'error': {'message': 'invalid request error trace_id: e304ee0209d8805ef894ad0ccca2d6c5 (request id: 20260616161605511024874jTaP019x)', 'type': 'bad_response_status_code', 'param': '', 'code': 'bad_response_status_code'}}
FV-chain.py-_dynamic_chain_exec_with_cache_mp_core Error in test-154: too many retry times
1 options {'temperature': 0.0, 'n': 1, 'top_p': 1.0, 'max_tokens': 2048}
<html>
<head><title>504 Gateway Time-out</title></head>
<body>
<center><h1>504 Gateway Time-out</h1></center>
<hr><center>openresty</center>
</body>
</html>
1 options {'temperature': 0.0, 'n': 1, 'top_p': 1.0, 'max_tokens': 2048}
<html>
<head><title>504 Gateway Time-out</title></head>
<body>
<center><h1>504 Gateway Time-out</h1></center>
<hr><center>openresty</center>
</body>
</html>
1 options {'temperature': 0.0, 'n': 1, 'top_p': 1.0, 'max_tokens': 2048}
<html>
<head><title>504 Gateway Time-out</title></head>
<body>
<center><h1>504 Gateway Time-out</h1></center>
<hr><center>openresty</center>
</body>
</html>
1 options {'temperature': 0.0, 'n': 1, 'top_p': 1.0, 'max_tokens': 2048}
<html>
<head><title>504 Gateway Time-out</title></head>
<body>
<center><h1>504 Gateway Time-out</h1></center>
<hr><center>openresty</center>
</body>
</html>
FV-chain.py-_dynamic_chain_exec_with_cache_mp_core Error in test-155: too many retry times
Dynamic chain execution:   8%|▊         | 153/2024 [19:21:49<194:07:09, 373.51s/it]1 options {'temperature': 0.0, 'n': 1, 'top_p': 1.0, 'max_tokens': 2048}
1 options {'temperature': 0.5, 'n': 8, 'top_p': 1.0, 'max_tokens': 150}
Error code: 429 - {'error': {'message': 'invalid request error trace_id: acb7c9a72e3d345bb5217d6c5f78af33 (request id: 2026061616332030858631526H1pp3T)', 'type': 'bad_response_status_code', 'param': '', 'code': 'bad_response_status_code'}}
1 options {'temperature': 0.5, 'n': 8, 'top_p': 1.0, 'max_tokens': 150}
Error code: 429 - {'error': {'message': 'invalid request error trace_id: b8728cb078237a52713da0a287e39840 (request id: 20260616163431731035755LEJ3LbuL)', 'type': 'bad_response_status_code', 'param': '', 'code': 'bad_response_status_code'}}
1 options {'temperature': 0.5, 'n': 8, 'top_p': 1.0, 'max_tokens': 150}
Error code: 429 - {'error': {'message': 'invalid request error trace_id: 2eb5d4977bb7465afab936305f202b52 (request id: 20260616163540295652027Wc32Zl1y)', 'type': 'bad_response_status_code', 'param': '', 'code': 'bad_response_status_code'}}
1 options {'temperature': 0.5, 'n': 8, 'top_p': 1.0, 'max_tokens': 150}
Error code: 429 - {'error': {'message': 'invalid request error trace_id: 35afbac6a8fefd45948490a732ac2b88 (request id: 20260616163649549866277gp43DMtt)', 'type': 'bad_response_status_code', 'param': '', 'code': 'bad_response_status_code'}}
FV-chain.py-_dynamic_chain_exec_with_cache_mp_core Error in test-156: too many retry times
1 options {'temperature': 0.0, 'n': 1, 'top_p': 1.0, 'max_tokens': 2048}
<html>
<head><title>504 Gateway Time-out</title></head>
<body>
<center><h1>504 Gateway Time-out</h1></center>
<hr><center>openresty</center>
</body>
</html>
1 options {'temperature': 0.0, 'n': 1, 'top_p': 1.0, 'max_tokens': 2048}
<html>
<head><title>504 Gateway Time-out</title></head>
<body>
<center><h1>504 Gateway Time-out</h1></center>
<hr><center>openresty</center>
</body>
</html>
1 options {'temperature': 0.0, 'n': 1, 'top_p': 1.0, 'max_tokens': 2048}
<html>
<head><title>504 Gateway Time-out</title></head>
<body>
<center><h1>504 Gateway Time-out</h1></center>
<hr><center>openresty</center>
</body>
</html>
1 options {'temperature': 0.0, 'n': 1, 'top_p': 1.0, 'max_tokens': 2048}
<html>
<head><title>504 Gateway Time-out</title></head>
<body>
<center><h1>504 Gateway Time-out</h1></center>
<hr><center>openresty</center>
</body>
</html>
FV-chain.py-_dynamic_chain_exec_with_cache_mp_core Error in test-157: too many retry times
1 options {'temperature': 0.0, 'n': 1, 'top_p': 1.0, 'max_tokens': 2048}
1 options {'temperature': 0.5, 'n': 8, 'top_p': 1.0, 'max_tokens': 150}
Error code: 429 - {'error': {'message': 'invalid request error trace_id: f3cf94aac5297dbba039b123f3b106de (request id: 20260616165404402911069gqnscEO2)', 'type': 'bad_response_status_code', 'param': '', 'code': 'bad_response_status_code'}}
1 options {'temperature': 0.5, 'n': 8, 'top_p': 1.0, 'max_tokens': 150}
Error code: 429 - {'error': {'message': 'invalid request error trace_id: 6513b69f65b8568b37ffa6632c983764 (request id: 20260616165514296940426uPMnREmA)', 'type': 'bad_response_status_code', 'param': '', 'code': 'bad_response_status_code'}}
1 options {'temperature': 0.5, 'n': 8, 'top_p': 1.0, 'max_tokens': 150}
Error code: 429 - {'error': {'message': 'invalid request error trace_id: a77860f8ff118e3c93b2c99325a56d90 (request id: 20260616165628661112171S70cDaU2)', 'type': 'bad_response_status_code', 'param': '', 'code': 'bad_response_status_code'}}
1 options {'temperature': 0.5, 'n': 8, 'top_p': 1.0, 'max_tokens': 150}
Error code: 429 - {'error': {'message': 'invalid request error trace_id: c8c793ce785cf9652920b06e7db29997 (request id: 20260616165738737820837x5g5qiGq)', 'type': 'bad_response_status_code', 'param': '', 'code': 'bad_response_status_code'}}
FV-chain.py-_dynamic_chain_exec_with_cache_mp_core Error in test-158: too many retry times
1 options {'temperature': 0.0, 'n': 1, 'top_p': 1.0, 'max_tokens': 2048}
1 options {'temperature': 0.5, 'n': 8, 'top_p': 1.0, 'max_tokens': 150}
Error code: 429 - {'error': {'message': 'invalid request error trace_id: ec2df966e30f996694c81e1d0c674634 (request id: 20260616165954363683971FSvKLeK5)', 'type': 'bad_response_status_code', 'param': '', 'code': 'bad_response_status_code'}}
1 options {'temperature': 0.5, 'n': 8, 'top_p': 1.0, 'max_tokens': 150}
Error code: 429 - {'error': {'message': 'invalid request error trace_id: 6eed16c5bf3a220185e80599ded962d2 (request id: 202606161701065435804813pOP2OCw)', 'type': 'bad_response_status_code', 'param': '', 'code': 'bad_response_status_code'}}
1 options {'temperature': 0.5, 'n': 8, 'top_p': 1.0, 'max_tokens': 150}
Error code: 429 - {'error': {'message': 'invalid request error trace_id: c97937a89bbd13621cba259da2b65191 (request id: 2026061617021887601445LX4WCTHy)', 'type': 'bad_response_status_code', 'param': '', 'code': 'bad_response_status_code'}}
1 options {'temperature': 0.5, 'n': 8, 'top_p': 1.0, 'max_tokens': 150}
Error code: 429 - {'error': {'message': 'invalid request error trace_id: 502298b48971b52ee4cc2721a1d841f8 (request id: 2026061617032958050082Vt4c4lXC)', 'type': 'bad_response_status_code', 'param': '', 'code': 'bad_response_status_code'}}
FV-chain.py-_dynamic_chain_exec_with_cache_mp_core Error in test-159: too many retry times
Dynamic chain execution:   8%|▊         | 157/2024 [19:54:06<210:56:29, 406.74s/it]1 options {'temperature': 0.0, 'n': 1, 'top_p': 1.0, 'max_tokens': 2048}
<html>
<head><title>504 Gateway Time-out</title></head>
<body>
<center><h1>504 Gateway Time-out</h1></center>
<hr><center>openresty</center>
</body>
</html>
1 options {'temperature': 0.0, 'n': 1, 'top_p': 1.0, 'max_tokens': 2048}
<html>
<head><title>504 Gateway Time-out</title></head>
<body>
<center><h1>504 Gateway Time-out</h1></center>
<hr><center>openresty</center>
</body>
</html>
1 options {'temperature': 0.0, 'n': 1, 'top_p': 1.0, 'max_tokens': 2048}
<html>
<head><title>504 Gateway Time-out</title></head>
<body>
<center><h1>504 Gateway Time-out</h1></center>
<hr><center>openresty</center>
</body>
</html>
1 options {'temperature': 0.0, 'n': 1, 'top_p': 1.0, 'max_tokens': 2048}
<html>
<head><title>504 Gateway Time-out</title></head>
<body>
<center><h1>504 Gateway Time-out</h1></center>
<hr><center>openresty</center>
</body>
</html>
FV-chain.py-_dynamic_chain_exec_with_cache_mp_core Error in test-160: too many retry times
1 options {'temperature': 0.0, 'n': 1, 'top_p': 1.0, 'max_tokens': 2048}
1 options {'temperature': 0.5, 'n': 8, 'top_p': 1.0, 'max_tokens': 150}
Error code: 429 - {'error': {'message': 'invalid request error trace_id: 8bef244906500a1c6e90c0a4ddd65e75 (request id: 20260616172137941193850JJRjRYBW)', 'type': 'bad_response_status_code', 'param': '', 'code': 'bad_response_status_code'}}
1 options {'temperature': 0.5, 'n': 8, 'top_p': 1.0, 'max_tokens': 150}
Error code: 429 - {'error': {'message': 'invalid request error trace_id: ed491cfa8882352f1ecc789f4caa8952 (request id: 20260616172248291352977AsAKJpsY)', 'type': 'bad_response_status_code', 'param': '', 'code': 'bad_response_status_code'}}
1 options {'temperature': 0.5, 'n': 8, 'top_p': 1.0, 'max_tokens': 150}
Error code: 429 - {'error': {'message': 'invalid request error trace_id: b7e3aece812f6e41942b5b0d9d39a617 (request id: 20260616172358857253958mirwnIOY)', 'type': 'bad_response_status_code', 'param': '', 'code': 'bad_response_status_code'}}
1 options {'temperature': 0.5, 'n': 8, 'top_p': 1.0, 'max_tokens': 150}
Error code: 429 - {'error': {'message': 'invalid request error trace_id: 4c34537f15af431d77f0f02881a07399 (request id: 202606161725091922504586WEOL1vo)', 'type': 'bad_response_status_code', 'param': '', 'code': 'bad_response_status_code'}}
FV-chain.py-_dynamic_chain_exec_with_cache_mp_core Error in test-161: too many retry times
1 options {'temperature': 0.0, 'n': 1, 'top_p': 1.0, 'max_tokens': 2048}
<html>
<head><title>504 Gateway Time-out</title></head>
<body>
<center><h1>504 Gateway Time-out</h1></center>
<hr><center>openresty</center>
</body>
</html>
1 options {'temperature': 0.0, 'n': 1, 'top_p': 1.0, 'max_tokens': 2048}
<html>
<head><title>504 Gateway Time-out</title></head>
<body>
<center><h1>504 Gateway Time-out</h1></center>
<hr><center>openresty</center>
</body>
</html>
1 options {'temperature': 0.0, 'n': 1, 'top_p': 1.0, 'max_tokens': 2048}
<html>
<head><title>504 Gateway Time-out</title></head>
<body>
<center><h1>504 Gateway Time-out</h1></center>
<hr><center>openresty</center>
</body>
</html>
1 options {'temperature': 0.0, 'n': 1, 'top_p': 1.0, 'max_tokens': 2048}
<html>
<head><title>504 Gateway Time-out</title></head>
<body>
<center><h1>504 Gateway Time-out</h1></center>
<hr><center>openresty</center>
</body>
</html>
FV-chain.py-_dynamic_chain_exec_with_cache_mp_core Error in test-162: too many retry times
1 options {'temperature': 0.0, 'n': 1, 'top_p': 1.0, 'max_tokens': 2048}
1 options {'temperature': 0.5, 'n': 8, 'top_p': 1.0, 'max_tokens': 150}
Error code: 429 - {'error': {'message': 'invalid request error trace_id: 9bf7e04da6ba69aa583c015609b199b1 (request id: 20260616174103151764717lBIm9tWc)', 'type': 'bad_response_status_code', 'param': '', 'code': 'bad_response_status_code'}}
1 options {'temperature': 0.5, 'n': 8, 'top_p': 1.0, 'max_tokens': 150}
Error code: 429 - {'error': {'message': 'invalid request error trace_id: 611cf96c64b0ad3fe65ec3a4f04c8405 (request id: 20260616174212882769740TidJQfTp)', 'type': 'bad_response_status_code', 'param': '', 'code': 'bad_response_status_code'}}
1 options {'temperature': 0.5, 'n': 8, 'top_p': 1.0, 'max_tokens': 150}
Error code: 429 - {'error': {'message': 'invalid request error trace_id: b74e9ef43b1dbe00fac83ae527ecfb5d (request id: 20260616174322606778798QGerZ2pz)', 'type': 'bad_response_status_code', 'param': '', 'code': 'bad_response_status_code'}}
1 options {'temperature': 0.5, 'n': 8, 'top_p': 1.0, 'max_tokens': 150}
Error code: 429 - {'error': {'message': 'invalid request error trace_id: a85d57805f4678e7c99730c36a707fe1 (request id: 20260616174433773085845iLJ8zRsz)', 'type': 'bad_response_status_code', 'param': '', 'code': 'bad_response_status_code'}}
FV-chain.py-_dynamic_chain_exec_with_cache_mp_core Error in test-163: too many retry times
Dynamic chain execution:   8%|▊         | 161/2024 [20:35:12<243:01:20, 469.61s/it]1 options {'temperature': 0.0, 'n': 1, 'top_p': 1.0, 'max_tokens': 2048}
1 options {'temperature': 0.5, 'n': 8, 'top_p': 1.0, 'max_tokens': 150}
Error code: 429 - {'error': {'message': 'invalid request error trace_id: 0f46753f2d4d71e819c9547192666869 (request id: 20260616174542289450692QRVuQ0Ux)', 'type': 'bad_response_status_code', 'param': '', 'code': 'bad_response_status_code'}}
1 options {'temperature': 0.5, 'n': 8, 'top_p': 1.0, 'max_tokens': 150}
Error code: 429 - {'error': {'message': 'invalid request error trace_id: fc1242bba26d47e0283a413b286a3ac3 (request id: 202606161746514597316112F0duiMi)', 'type': 'bad_response_status_code', 'param': '', 'code': 'bad_response_status_code'}}
1 options {'temperature': 0.5, 'n': 8, 'top_p': 1.0, 'max_tokens': 150}
Error code: 429 - {'error': {'message': 'invalid request error trace_id: eb00b47bf206cb38d78ac772d9b70ade (request id: 202606161748004251376717p7E5Gg)', 'type': 'bad_response_status_code', 'param': '', 'code': 'bad_response_status_code'}}
1 options {'temperature': 0.5, 'n': 8, 'top_p': 1.0, 'max_tokens': 150}
Error code: 429 - {'error': {'message': 'invalid request error trace_id: b631bf341196d1bfa941d23a984047b9 (request id: 20260616174908124289909Ai0Uuglm)', 'type': 'bad_response_status_code', 'param': '', 'code': 'bad_response_status_code'}}
FV-chain.py-_dynamic_chain_exec_with_cache_mp_core Error in test-164: too many retry times
1 options {'temperature': 0.0, 'n': 1, 'top_p': 1.0, 'max_tokens': 2048}
1 options {'temperature': 0.5, 'n': 8, 'top_p': 1.0, 'max_tokens': 150}
Error code: 429 - {'error': {'message': 'invalid request error trace_id: 2967c16346b109a625a4acb5f7005763 (request id: 2026061617500456765027SfEcQYcU)', 'type': 'bad_response_status_code', 'param': '', 'code': 'bad_response_status_code'}}
1 options {'temperature': 0.5, 'n': 8, 'top_p': 1.0, 'max_tokens': 150}
Error code: 429 - {'error': {'message': 'invalid request error trace_id: 17096878c77f46cfc785def9b2767d3d (request id: 202606161751141105511462223n20e)', 'type': 'bad_response_status_code', 'param': '', 'code': 'bad_response_status_code'}}
1 options {'temperature': 0.5, 'n': 8, 'top_p': 1.0, 'max_tokens': 150}
Error code: 429 - {'error': {'message': 'invalid request error trace_id: b03d69c79743a7a42192229749210e41 (request id: 20260616175225363371555JooaKzTz)', 'type': 'bad_response_status_code', 'param': '', 'code': 'bad_response_status_code'}}
1 options {'temperature': 0.5, 'n': 8, 'top_p': 1.0, 'max_tokens': 150}
Error code: 429 - {'error': {'message': 'invalid request error trace_id: 4151dd7119e708f62d77fe18efebc663 (request id: 20260616175334796337751OhHgYS0n)', 'type': 'bad_response_status_code', 'param': '', 'code': 'bad_response_status_code'}}
FV-chain.py-_dynamic_chain_exec_with_cache_mp_core Error in test-165: too many retry times
1 options {'temperature': 0.0, 'n': 1, 'top_p': 1.0, 'max_tokens': 2048}
<html>
<head><title>504 Gateway Time-out</title></head>
<body>
<center><h1>504 Gateway Time-out</h1></center>
<hr><center>openresty</center>
</body>
</html>
1 options {'temperature': 0.0, 'n': 1, 'top_p': 1.0, 'max_tokens': 2048}
1 options {'temperature': 0.5, 'n': 8, 'top_p': 1.0, 'max_tokens': 150}
Error code: 429 - {'error': {'message': 'invalid request error trace_id: d64b02492fb31b12f4fb1a2211043fd3 (request id: 202606161800418235324881JHRtDMz)', 'type': 'bad_response_status_code', 'param': '', 'code': 'bad_response_status_code'}}
1 options {'temperature': 0.5, 'n': 8, 'top_p': 1.0, 'max_tokens': 150}
Error code: 429 - {'error': {'message': 'invalid request error trace_id: 4a0156055faa034b777ad84c3758700b (request id: 20260616180151316379022U5qKswYM)', 'type': 'bad_response_status_code', 'param': '', 'code': 'bad_response_status_code'}}
1 options {'temperature': 0.5, 'n': 8, 'top_p': 1.0, 'max_tokens': 150}
Error code: 429 - {'error': {'message': 'invalid request error trace_id: d17410347c116b7923c95621cd851018 (request id: 20260616180259734356455aVyPEFgs)', 'type': 'bad_response_status_code', 'param': '', 'code': 'bad_response_status_code'}}
1 options {'temperature': 0.5, 'n': 8, 'top_p': 1.0, 'max_tokens': 150}
Error code: 429 - {'error': {'message': 'invalid request error trace_id: 23989f97693bebaa72fcbf88e33fc27c (request id: 202606161804103127819530Zpdj6sg)', 'type': 'bad_response_status_code', 'param': '', 'code': 'bad_response_status_code'}}
FV-chain.py-_dynamic_chain_exec_with_cache_mp_core Error in test-166: too many retry times
1 options {'temperature': 0.0, 'n': 1, 'top_p': 1.0, 'max_tokens': 2048}
1 options {'temperature': 0.5, 'n': 8, 'top_p': 1.0, 'max_tokens': 150}
Error code: 429 - {'error': {'message': 'invalid request error trace_id: 294eaeb15cdac9c3c7d0facb006f476d (request id: 202606161806186261872497z0CdLyx)', 'type': 'bad_response_status_code', 'param': '', 'code': 'bad_response_status_code'}}
1 options {'temperature': 0.5, 'n': 8, 'top_p': 1.0, 'max_tokens': 150}
Error code: 429 - {'error': {'message': 'invalid request error trace_id: 827b1fb05bbbf9de7bfa1ff617ff89b7 (request id: 20260616180727930239877NcF56wwm)', 'type': 'bad_response_status_code', 'param': '', 'code': 'bad_response_status_code'}}
1 options {'temperature': 0.5, 'n': 8, 'top_p': 1.0, 'max_tokens': 150}
Error code: 429 - {'error': {'message': 'invalid request error trace_id: c3259e9fab23c54a43e6b4542d5526d3 (request id: 2026061618083839377415TgKP2jmn)', 'type': 'bad_response_status_code', 'param': '', 'code': 'bad_response_status_code'}}
1 options {'temperature': 0.5, 'n': 8, 'top_p': 1.0, 'max_tokens': 150}
Error code: 429 - {'error': {'message': 'invalid request error trace_id: 0e4538f4281f5974ef1523579a5c690d (request id: 20260616180949498339791jbA4hFQq)', 'type': 'bad_response_status_code', 'param': '', 'code': 'bad_response_status_code'}}
FV-chain.py-_dynamic_chain_exec_with_cache_mp_core Error in test-167: too many retry times
Dynamic chain execution:   8%|▊         | 165/2024 [21:00:28<228:28:01, 442.43s/it]1 options {'temperature': 0.0, 'n': 1, 'top_p': 1.0, 'max_tokens': 2048}
1 options {'temperature': 0.5, 'n': 8, 'top_p': 1.0, 'max_tokens': 150}
Error code: 429 - {'error': {'message': 'invalid request error trace_id: 39c4f6391108890c34fbd7b51fed6dd2 (request id: 20260616181055928597075QGayOVD7)', 'type': 'bad_response_status_code', 'param': '', 'code': 'bad_response_status_code'}}
1 options {'temperature': 0.5, 'n': 8, 'top_p': 1.0, 'max_tokens': 150}
<html>
<head><title>504 Gateway Time-out</title></head>
<body>
<center><h1>504 Gateway Time-out</h1></center>
<hr><center>openresty</center>
</body>
</html>
1 options {'temperature': 0.5, 'n': 8, 'top_p': 1.0, 'max_tokens': 150}
Error code: 429 - {'error': {'message': 'invalid request error trace_id: fa696cac5762db441a173e1ea3b30828 (request id: 20260616181802169027688A8GlWQqF)', 'type': 'bad_response_status_code', 'param': '', 'code': 'bad_response_status_code'}}
1 options {'temperature': 0.5, 'n': 8, 'top_p': 1.0, 'max_tokens': 150}
Error code: 429 - {'error': {'message': 'invalid request error trace_id: 05c9f1256aefd276a2b53a3ce0226d27 (request id: 20260616182005179530064acgqGblM)', 'type': 'bad_response_status_code', 'param': '', 'code': 'bad_response_status_code'}}
FV-chain.py-_dynamic_chain_exec_with_cache_mp_core Error in test-168: too many retry times
1 options {'temperature': 0.0, 'n': 1, 'top_p': 1.0, 'max_tokens': 2048}
1 options {'temperature': 0.5, 'n': 8, 'top_p': 1.0, 'max_tokens': 150}
Error code: 429 - {'error': {'message': 'invalid request error trace_id: 8f7d1c2dc48038fe131638dbf16e90b4 (request id: 20260616182117615522913itgYw4Y)', 'type': 'bad_response_status_code', 'param': '', 'code': 'bad_response_status_code'}}
1 options {'temperature': 0.5, 'n': 8, 'top_p': 1.0, 'max_tokens': 150}
Error code: 429 - {'error': {'message': 'invalid request error trace_id: be02ebb8264b60000705dfc822b79bf4 (request id: 20260616182230766963072f20Xaxrw)', 'type': 'bad_response_status_code', 'param': '', 'code': 'bad_response_status_code'}}
1 options {'temperature': 0.5, 'n': 8, 'top_p': 1.0, 'max_tokens': 150}
Error code: 429 - {'error': {'message': 'invalid request error trace_id: 9881e40270365b08c2a2975730da3257 (request id: 20260616182340496331436LPmOVbKH)', 'type': 'bad_response_status_code', 'param': '', 'code': 'bad_response_status_code'}}
1 options {'temperature': 0.5, 'n': 8, 'top_p': 1.0, 'max_tokens': 150}
Error code: 429 - {'error': {'message': 'invalid request error trace_id: 727575beac99feacaf06362cf48364fc (request id: 20260616182452223825264OuUVzKBc)', 'type': 'bad_response_status_code', 'param': '', 'code': 'bad_response_status_code'}}
FV-chain.py-_dynamic_chain_exec_with_cache_mp_core Error in test-169: too many retry times
1 options {'temperature': 0.0, 'n': 1, 'top_p': 1.0, 'max_tokens': 2048}
1 options {'temperature': 0.5, 'n': 8, 'top_p': 1.0, 'max_tokens': 150}
Error code: 429 - {'error': {'message': 'invalid request error trace_id: eb44513cf256dafcab90cb2ccaedd4f9 (request id: 20260616182600239871845e2EAa4A6)', 'type': 'bad_response_status_code', 'param': '', 'code': 'bad_response_status_code'}}
1 options {'temperature': 0.5, 'n': 8, 'top_p': 1.0, 'max_tokens': 150}
Error code: 429 - {'error': {'message': 'invalid request error trace_id: a615388df62be1936c21842244bfc657 (request id: 20260616182712350055459S2RGybK3)', 'type': 'bad_response_status_code', 'param': '', 'code': 'bad_response_status_code'}}
1 options {'temperature': 0.5, 'n': 8, 'top_p': 1.0, 'max_tokens': 150}
Error code: 429 - {'error': {'message': 'invalid request error trace_id: a69c70f524102f0a1ac4357c15d0eebb (request id: 20260616182821742923332orETt0it)', 'type': 'bad_response_status_code', 'param': '', 'code': 'bad_response_status_code'}}
1 options {'temperature': 0.5, 'n': 8, 'top_p': 1.0, 'max_tokens': 150}
Error code: 429 - {'error': {'message': 'invalid request error trace_id: e8ca29e2a9ff2f31c1d4873ca4e965a0 (request id: 202606161829313945613097RKFdXof)', 'type': 'bad_response_status_code', 'param': '', 'code': 'bad_response_status_code'}}
FV-chain.py-_dynamic_chain_exec_with_cache_mp_core Error in test-170: too many retry times
1 options {'temperature': 0.0, 'n': 1, 'top_p': 1.0, 'max_tokens': 2048}
<html>
<head><title>504 Gateway Time-out</title></head>
<body>
<center><h1>504 Gateway Time-out</h1></center>
<hr><center>openresty</center>
</body>
</html>
1 options {'temperature': 0.0, 'n': 1, 'top_p': 1.0, 'max_tokens': 2048}
1 options {'temperature': 0.5, 'n': 8, 'top_p': 1.0, 'max_tokens': 150}
Error code: 429 - {'error': {'message': 'invalid request error trace_id: f6e10e42087514d1efe491aaadec6f4a (request id: 20260616183451666926810aYIC8Sm7)', 'type': 'bad_response_status_code', 'param': '', 'code': 'bad_response_status_code'}}
1 options {'temperature': 0.5, 'n': 8, 'top_p': 1.0, 'max_tokens': 150}
Error code: 429 - {'error': {'message': 'invalid request error trace_id: 7f70ca77de890c3de245e731edbb0c13 (request id: 20260616183601488827542qt4ZCgtW)', 'type': 'bad_response_status_code', 'param': '', 'code': 'bad_response_status_code'}}
1 options {'temperature': 0.5, 'n': 8, 'top_p': 1.0, 'max_tokens': 150}
Error code: 429 - {'error': {'message': 'invalid request error trace_id: a9807c9f3b0739f8d707f394021f9b87 (request id: 20260616183714380743432EE16B34U)', 'type': 'bad_response_status_code', 'param': '', 'code': 'bad_response_status_code'}}
1 options {'temperature': 0.5, 'n': 8, 'top_p': 1.0, 'max_tokens': 150}
Error code: 429 - {'error': {'message': 'invalid request error trace_id: 3e9b0a99c2ce8f34d7c684a6a5a4530a (request id: 202606161838277005352252f2rhU4F)', 'type': 'bad_response_status_code', 'param': '', 'code': 'bad_response_status_code'}}
FV-chain.py-_dynamic_chain_exec_with_cache_mp_core Error in test-171: too many retry times
Dynamic chain execution:   8%|▊         | 169/2024 [21:29:06<225:59:55, 438.60s/it]1 options {'temperature': 0.0, 'n': 1, 'top_p': 1.0, 'max_tokens': 2048}
1 options {'temperature': 0.5, 'n': 8, 'top_p': 1.0, 'max_tokens': 150}
Error code: 429 - {'error': {'message': 'invalid request error trace_id: e24398b99102b2cecc63601604a2a505 (request id: 20260616183916438555700zZSAEwl2)', 'type': 'bad_response_status_code', 'param': '', 'code': 'bad_response_status_code'}}
1 options {'temperature': 0.5, 'n': 8, 'top_p': 1.0, 'max_tokens': 150}
Error code: 429 - {'error': {'message': 'invalid request error trace_id: e614378cc068364db595c12c73b31ac5 (request id: 202606161840289338164723KBUR61k)', 'type': 'bad_response_status_code', 'param': '', 'code': 'bad_response_status_code'}}
1 options {'temperature': 0.5, 'n': 8, 'top_p': 1.0, 'max_tokens': 150}
Error code: 429 - {'error': {'message': 'invalid request error trace_id: 92a3dade305ba1e15915c424e2a7f8e7 (request id: 20260616184139839182982n81JD0O8)', 'type': 'bad_response_status_code', 'param': '', 'code': 'bad_response_status_code'}}
1 options {'temperature': 0.5, 'n': 8, 'top_p': 1.0, 'max_tokens': 150}
Error code: 429 - {'error': {'message': 'invalid request error trace_id: af188ad2613f491d065e83eaba7d6899 (request id: 20260616184250850828118rHodhspw)', 'type': 'bad_response_status_code', 'param': '', 'code': 'bad_response_status_code'}}
FV-chain.py-_dynamic_chain_exec_with_cache_mp_core Error in test-172: too many retry times
1 options {'temperature': 0.0, 'n': 1, 'top_p': 1.0, 'max_tokens': 2048}
1 options {'temperature': 0.5, 'n': 8, 'top_p': 1.0, 'max_tokens': 150}
Error code: 429 - {'error': {'message': 'invalid request error trace_id: 9cea80659d02eae14c20332e63232a66 (request id: 20260616184548806568517pVKhCHpC)', 'type': 'bad_response_status_code', 'param': '', 'code': 'bad_response_status_code'}}
1 options {'temperature': 0.5, 'n': 8, 'top_p': 1.0, 'max_tokens': 150}
Error code: 429 - {'error': {'message': 'invalid request error trace_id: 03c03ac774ced2fc0428551710962265 (request id: 20260616184702432248049urYbATfT)', 'type': 'bad_response_status_code', 'param': '', 'code': 'bad_response_status_code'}}
1 options {'temperature': 0.5, 'n': 8, 'top_p': 1.0, 'max_tokens': 150}
Error code: 429 - {'error': {'message': 'invalid request error trace_id: cd7798ac6e899e5bf1155f3f21e5032e (request id: 20260616184815309125498LJtvkRZp)', 'type': 'bad_response_status_code', 'param': '', 'code': 'bad_response_status_code'}}
1 options {'temperature': 0.5, 'n': 8, 'top_p': 1.0, 'max_tokens': 150}
Error code: 429 - {'error': {'message': 'invalid request error trace_id: 97984296173b5ad2a0b07810a967aca5 (request id: 202606161849299767653680Dw8i00m)', 'type': 'bad_response_status_code', 'param': '', 'code': 'bad_response_status_code'}}
FV-chain.py-_dynamic_chain_exec_with_cache_mp_core Error in test-173: too many retry times
1 options {'temperature': 0.0, 'n': 1, 'top_p': 1.0, 'max_tokens': 2048}
<html>
<head><title>504 Gateway Time-out</title></head>
<body>
<center><h1>504 Gateway Time-out</h1></center>
<hr><center>openresty</center>
</body>
</html>
1 options {'temperature': 0.0, 'n': 1, 'top_p': 1.0, 'max_tokens': 2048}
1 options {'temperature': 0.5, 'n': 8, 'top_p': 1.0, 'max_tokens': 150}
Error code: 429 - {'error': {'message': 'invalid request error trace_id: 458309f86e8a8dc3d083d9be1fc408ec (request id: 20260616185439418466562xGo3xXZM)', 'type': 'bad_response_status_code', 'param': '', 'code': 'bad_response_status_code'}}
1 options {'temperature': 0.5, 'n': 8, 'top_p': 1.0, 'max_tokens': 150}
Error code: 429 - {'error': {'message': 'invalid request error trace_id: 64adebc84399e90fb63360c13ddd7956 (request id: 20260616185548575482163TbKptO9k)', 'type': 'bad_response_status_code', 'param': '', 'code': 'bad_response_status_code'}}
1 options {'temperature': 0.5, 'n': 8, 'top_p': 1.0, 'max_tokens': 150}
Error code: 429 - {'error': {'message': 'invalid request error trace_id: f793c81ac55b49ca151a18f95d11e959 (request id: 20260616185703948982944ihy1vuYv)', 'type': 'bad_response_status_code', 'param': '', 'code': 'bad_response_status_code'}}
1 options {'temperature': 0.5, 'n': 8, 'top_p': 1.0, 'max_tokens': 150}
Error code: 429 - {'error': {'message': 'invalid request error trace_id: f4c6d27c63dd4a5c0de7fbce701eaad5 (request id: 2026061618581387735304Al7brAo)', 'type': 'bad_response_status_code', 'param': '', 'code': 'bad_response_status_code'}}
FV-chain.py-_dynamic_chain_exec_with_cache_mp_core Error in test-174: too many retry times
1 options {'temperature': 0.0, 'n': 1, 'top_p': 1.0, 'max_tokens': 2048}
1 options {'temperature': 0.5, 'n': 8, 'top_p': 1.0, 'max_tokens': 150}
Error code: 429 - {'error': {'message': 'invalid request error trace_id: dc1b215fd5dbb99f373d1efe2bdbeba7 (request id: 20260616185915119141010lkcMFuwP)', 'type': 'bad_response_status_code', 'param': '', 'code': 'bad_response_status_code'}}
1 options {'temperature': 0.5, 'n': 8, 'top_p': 1.0, 'max_tokens': 150}
Error code: 429 - {'error': {'message': 'invalid request error trace_id: c726b062ca277b9fd28c3ec31526229b (request id: 20260616190029902167144GW4LM4dG)', 'type': 'bad_response_status_code', 'param': '', 'code': 'bad_response_status_code'}}
1 options {'temperature': 0.5, 'n': 8, 'top_p': 1.0, 'max_tokens': 150}
Error code: 429 - {'error': {'message': 'invalid request error trace_id: f91880af976c88bcba3c37d95d954e7c (request id: 2026061619014373802246yx9W6rS5)', 'type': 'bad_response_status_code', 'param': '', 'code': 'bad_response_status_code'}}
1 options {'temperature': 0.5, 'n': 8, 'top_p': 1.0, 'max_tokens': 150}
Error code: 429 - {'error': {'message': 'invalid request error trace_id: b93702a1afa00c35b81d232f174046ba (request id: 20260616190254323817654q9gFpiP8)', 'type': 'bad_response_status_code', 'param': '', 'code': 'bad_response_status_code'}}
FV-chain.py-_dynamic_chain_exec_with_cache_mp_core Error in test-175: too many retry times
Dynamic chain execution:   9%|▊         | 173/2024 [21:53:33<214:25:50, 417.05s/it]1 options {'temperature': 0.0, 'n': 1, 'top_p': 1.0, 'max_tokens': 2048}
1 options {'temperature': 0.5, 'n': 8, 'top_p': 1.0, 'max_tokens': 150}
Error code: 429 - {'error': {'message': 'invalid request error trace_id: cb559ed338f88b7b67e5156be773c6bf (request id: 202606161904001508940585FC9xXnY)', 'type': 'bad_response_status_code', 'param': '', 'code': 'bad_response_status_code'}}
1 options {'temperature': 0.5, 'n': 8, 'top_p': 1.0, 'max_tokens': 150}
Error code: 429 - {'error': {'message': 'invalid request error trace_id: e8eeb9cb69c7c3cda06f8a55810df266 (request id: 20260616190511798196547NlmVn78F)', 'type': 'bad_response_status_code', 'param': '', 'code': 'bad_response_status_code'}}
1 options {'temperature': 0.5, 'n': 8, 'top_p': 1.0, 'max_tokens': 150}
Error code: 429 - {'error': {'message': 'invalid request error trace_id: 7b98004305586ace2798de8bbf23825d (request id: 20260616190624385489800TmnnYYw6)', 'type': 'bad_response_status_code', 'param': '', 'code': 'bad_response_status_code'}}
1 options {'temperature': 0.5, 'n': 8, 'top_p': 1.0, 'max_tokens': 150}
Error code: 429 - {'error': {'message': 'invalid request error trace_id: c1665b1bcbc4fa60c3b69ee7287a0959 (request id: 202606161907356994440951omV6zgD)', 'type': 'bad_response_status_code', 'param': '', 'code': 'bad_response_status_code'}}
FV-chain.py-_dynamic_chain_exec_with_cache_mp_core Error in test-176: too many retry times
1 options {'temperature': 0.0, 'n': 1, 'top_p': 1.0, 'max_tokens': 2048}
1 options {'temperature': 0.5, 'n': 8, 'top_p': 1.0, 'max_tokens': 150}
Error code: 429 - {'error': {'message': 'invalid request error trace_id: 278861d8033d88aa9c92b1d8c77c881f (request id: 20260616190837765595544YGZTGF0v)', 'type': 'bad_response_status_code', 'param': '', 'code': 'bad_response_status_code'}}
1 options {'temperature': 0.5, 'n': 8, 'top_p': 1.0, 'max_tokens': 150}
Error code: 429 - {'error': {'message': 'invalid request error trace_id: 868e86c579113a993afe705e2abbbec6 (request id: 20260616190949144058096cANRmPxA)', 'type': 'bad_response_status_code', 'param': '', 'code': 'bad_response_status_code'}}
1 options {'temperature': 0.5, 'n': 8, 'top_p': 1.0, 'max_tokens': 150}
Error code: 429 - {'error': {'message': 'invalid request error trace_id: db415826e8632d4d4543f2d9550a6c62 (request id: 2026061619110034209332dkxf0CrP)', 'type': 'bad_response_status_code', 'param': '', 'code': 'bad_response_status_code'}}
1 options {'temperature': 0.5, 'n': 8, 'top_p': 1.0, 'max_tokens': 150}
Error code: 429 - {'error': {'message': 'invalid request error trace_id: 4fabc2477ef6d4f6e2e599a4b7ca7c7e (request id: 20260616191209654080600KIlu3wty)', 'type': 'bad_response_status_code', 'param': '', 'code': 'bad_response_status_code'}}
FV-chain.py-_dynamic_chain_exec_with_cache_mp_core Error in test-177: too many retry times
1 options {'temperature': 0.0, 'n': 1, 'top_p': 1.0, 'max_tokens': 2048}
<html>
<head><title>504 Gateway Time-out</title></head>
<body>
<center><h1>504 Gateway Time-out</h1></center>
<hr><center>openresty</center>
</body>
</html>
1 options {'temperature': 0.0, 'n': 1, 'top_p': 1.0, 'max_tokens': 2048}
<html>
<head><title>504 Gateway Time-out</title></head>
<body>
<center><h1>504 Gateway Time-out</h1></center>
<hr><center>openresty</center>
</body>
</html>
1 options {'temperature': 0.0, 'n': 1, 'top_p': 1.0, 'max_tokens': 2048}
<html>
<head><title>504 Gateway Time-out</title></head>
<body>
<center><h1>504 Gateway Time-out</h1></center>
<hr><center>openresty</center>
</body>
</html>
1 options {'temperature': 0.0, 'n': 1, 'top_p': 1.0, 'max_tokens': 2048}
<html>
<head><title>504 Gateway Time-out</title></head>
<body>
<center><h1>504 Gateway Time-out</h1></center>
<hr><center>openresty</center>
</body>
</html>
FV-chain.py-_dynamic_chain_exec_with_cache_mp_core Error in test-178: too many retry times
1 options {'temperature': 0.0, 'n': 1, 'top_p': 1.0, 'max_tokens': 2048}
1 options {'temperature': 0.5, 'n': 8, 'top_p': 1.0, 'max_tokens': 150}
Error code: 429 - {'error': {'message': 'invalid request error trace_id: 6ef49d6dd9db3153bc4c8b2746105b4a (request id: 20260616193006819794951gUFWGAsT)', 'type': 'bad_response_status_code', 'param': '', 'code': 'bad_response_status_code'}}
1 options {'temperature': 0.5, 'n': 8, 'top_p': 1.0, 'max_tokens': 150}
Error code: 429 - {'error': {'message': 'invalid request error trace_id: 33d264ae580144035570886a7a362004 (request id: 20260616193214228451880h3qs34vZ)', 'type': 'bad_response_status_code', 'param': '', 'code': 'bad_response_status_code'}}
1 options {'temperature': 0.5, 'n': 8, 'top_p': 1.0, 'max_tokens': 150}
Error code: 429 - {'error': {'message': 'invalid request error trace_id: 5c11e929210f1245d3ccefa1c86dcb9b (request id: 20260616193323637215314wiPskW2r)', 'type': 'bad_response_status_code', 'param': '', 'code': 'bad_response_status_code'}}
1 options {'temperature': 0.5, 'n': 8, 'top_p': 1.0, 'max_tokens': 150}
Error code: 429 - {'error': {'message': 'invalid request error trace_id: 32a7f78b36588778942fefbc40a185e4 (request id: 20260616193433117256688OQBnW5J6)', 'type': 'bad_response_status_code', 'param': '', 'code': 'bad_response_status_code'}}
FV-chain.py-_dynamic_chain_exec_with_cache_mp_core Error in test-179: too many retry times
Dynamic chain execution:   9%|▊         | 177/2024 [22:25:13<222:52:13, 434.40s/it]1 options {'temperature': 0.0, 'n': 1, 'top_p': 1.0, 'max_tokens': 2048}
<html>
<head><title>504 Gateway Time-out</title></head>
<body>
<center><h1>504 Gateway Time-out</h1></center>
<hr><center>openresty</center>
</body>
</html>
1 options {'temperature': 0.0, 'n': 1, 'top_p': 1.0, 'max_tokens': 2048}
<html>
<head><title>504 Gateway Time-out</title></head>
<body>
<center><h1>504 Gateway Time-out</h1></center>
<hr><center>openresty</center>
</body>
</html>
1 options {'temperature': 0.0, 'n': 1, 'top_p': 1.0, 'max_tokens': 2048}
<html>
<head><title>504 Gateway Time-out</title></head>
<body>
<center><h1>504 Gateway Time-out</h1></center>
<hr><center>openresty</center>
</body>
</html>
1 options {'temperature': 0.0, 'n': 1, 'top_p': 1.0, 'max_tokens': 2048}
<html>
<head><title>504 Gateway Time-out</title></head>
<body>
<center><h1>504 Gateway Time-out</h1></center>
<hr><center>openresty</center>
</body>
</html>
FV-chain.py-_dynamic_chain_exec_with_cache_mp_core Error in test-180: too many retry times
1 options {'temperature': 0.0, 'n': 1, 'top_p': 1.0, 'max_tokens': 2048}
1 options {'temperature': 0.5, 'n': 8, 'top_p': 1.0, 'max_tokens': 150}
Error code: 429 - {'error': {'message': 'invalid request error trace_id: 19d12ae7dd462bd89650072edd2fdd02 (request id: 20260616195046750674624W3cZePdy)', 'type': 'bad_response_status_code', 'param': '', 'code': 'bad_response_status_code'}}
1 options {'temperature': 0.5, 'n': 8, 'top_p': 1.0, 'max_tokens': 150}
Error code: 429 - {'error': {'message': 'invalid request error trace_id: 281f3674ad940f2bf24a5fef4b2133f0 (request id: 202606161952024514503796QWLN4Yl)', 'type': 'bad_response_status_code', 'param': '', 'code': 'bad_response_status_code'}}
1 options {'temperature': 0.5, 'n': 8, 'top_p': 1.0, 'max_tokens': 150}
Error code: 429 - {'error': {'message': 'invalid request error trace_id: 47c0384e2b2410bdc36f3709c0ed445f (request id: 20260616195323638041507XyCrG7pe)', 'type': 'bad_response_status_code', 'param': '', 'code': 'bad_response_status_code'}}
1 options {'temperature': 0.5, 'n': 8, 'top_p': 1.0, 'max_tokens': 150}
Error code: 429 - {'error': {'message': 'invalid request error trace_id: 2093fb3c769c08a43c04811d5ef1d313 (request id: 20260616195438993012121xDTfCJOR)', 'type': 'bad_response_status_code', 'param': '', 'code': 'bad_response_status_code'}}
FV-chain.py-_dynamic_chain_exec_with_cache_mp_core Error in test-181: too many retry times
1 options {'temperature': 0.0, 'n': 1, 'top_p': 1.0, 'max_tokens': 2048}
<html>
<head><title>504 Gateway Time-out</title></head>
<body>
<center><h1>504 Gateway Time-out</h1></center>
<hr><center>openresty</center>
</body>
</html>
1 options {'temperature': 0.0, 'n': 1, 'top_p': 1.0, 'max_tokens': 2048}
<html>
<head><title>504 Gateway Time-out</title></head>
<body>
<center><h1>504 Gateway Time-out</h1></center>
<hr><center>openresty</center>
</body>
</html>
1 options {'temperature': 0.0, 'n': 1, 'top_p': 1.0, 'max_tokens': 2048}
1 options {'temperature': 0.5, 'n': 8, 'top_p': 1.0, 'max_tokens': 150}
Error code: 429 - {'error': {'message': 'invalid request error trace_id: 896f1a2d1a36ab01f0b0925dfdc95b8b (request id: 20260616200553453068676a9RrwlsN)', 'type': 'bad_response_status_code', 'param': '', 'code': 'bad_response_status_code'}}
1 options {'temperature': 0.5, 'n': 8, 'top_p': 1.0, 'max_tokens': 150}
Error code: 429 - {'error': {'message': 'invalid request error trace_id: 1b02a869f5506888dc17d2beaffbc824 (request id: 20260616200711483005232axPsa8eF)', 'type': 'bad_response_status_code', 'param': '', 'code': 'bad_response_status_code'}}
1 options {'temperature': 0.5, 'n': 8, 'top_p': 1.0, 'max_tokens': 150}
Error code: 429 - {'error': {'message': 'invalid request error trace_id: 394d5cefbfd86e620ee4c194dfa709eb (request id: 20260616200836271934936S0m8kEBA)', 'type': 'bad_response_status_code', 'param': '', 'code': 'bad_response_status_code'}}
1 options {'temperature': 0.5, 'n': 8, 'top_p': 1.0, 'max_tokens': 150}
Error code: 429 - {'error': {'message': 'invalid request error trace_id: d5e0cc1072bfe2da43c02e16f9d4faff (request id: 20260616200953568155028aHrDj5c2)', 'type': 'bad_response_status_code', 'param': '', 'code': 'bad_response_status_code'}}
FV-chain.py-_dynamic_chain_exec_with_cache_mp_core Error in test-182: too many retry times
1 options {'temperature': 0.0, 'n': 1, 'top_p': 1.0, 'max_tokens': 2048}
<html>
<head><title>504 Gateway Time-out</title></head>
<body>
<center><h1>504 Gateway Time-out</h1></center>
<hr><center>openresty</center>
</body>
</html>
1 options {'temperature': 0.0, 'n': 1, 'top_p': 1.0, 'max_tokens': 2048}
<html>
<head><title>504 Gateway Time-out</title></head>
<body>
<center><h1>504 Gateway Time-out</h1></center>
<hr><center>openresty</center>
</body>
</html>
1 options {'temperature': 0.0, 'n': 1, 'top_p': 1.0, 'max_tokens': 2048}
<html>
<head><title>504 Gateway Time-out</title></head>
<body>
<center><h1>504 Gateway Time-out</h1></center>
<hr><center>openresty</center>
</body>
</html>
1 options {'temperature': 0.0, 'n': 1, 'top_p': 1.0, 'max_tokens': 2048}
1 options {'temperature': 0.5, 'n': 8, 'top_p': 1.0, 'max_tokens': 150}
Error code: 429 - {'error': {'message': 'invalid request error trace_id: 1f8af8666d09a4e69b4e4168abb1c7b3 (request id: 20260617094735270935798lyMTSLYb)', 'type': 'bad_response_status_code', 'param': '', 'code': 'bad_response_status_code'}}
1 options {'temperature': 0.5, 'n': 8, 'top_p': 1.0, 'max_tokens': 150}
Error code: 429 - {'error': {'message': 'invalid request error trace_id: c7e45b93bfb365965dd103b696d0dc5c (request id: 20260617094847693211966SvTUApCI)', 'type': 'bad_response_status_code', 'param': '', 'code': 'bad_response_status_code'}}
1 options {'temperature': 0.5, 'n': 8, 'top_p': 1.0, 'max_tokens': 150}
Error code: 429 - {'error': {'message': 'invalid request error trace_id: a47bf94e9437bbc447ae9e9bac9d89de (request id: 20260617094957503912714dTTWIZr3)', 'type': 'bad_response_status_code', 'param': '', 'code': 'bad_response_status_code'}}
1 options {'temperature': 0.5, 'n': 8, 'top_p': 1.0, 'max_tokens': 150}
Error code: 429 - {'error': {'message': 'invalid request error trace_id: 861a38e25d30ea7a67d0795c8eef605d (request id: 20260617095107565092839Er5uJqEc)', 'type': 'bad_response_status_code', 'param': '', 'code': 'bad_response_status_code'}}
FV-chain.py-_dynamic_chain_exec_with_cache_mp_core Error in test-183: too many retry times
Dynamic chain execution:   9%|▉         | 181/2024 [36:41:52<2129:10:16, 4158.99s/it]1 options {'temperature': 0.0, 'n': 1, 'top_p': 1.0, 'max_tokens': 2048}
1 options {'temperature': 0.5, 'n': 8, 'top_p': 1.0, 'max_tokens': 150}
Error code: 429 - {'error': {'message': 'invalid request error trace_id: 0686643591ec421e227c19e29c8ea1a8 (request id: 20260617095210419692216M6VnAwpk)', 'type': 'bad_response_status_code', 'param': '', 'code': 'bad_response_status_code'}}
1 options {'temperature': 0.5, 'n': 8, 'top_p': 1.0, 'max_tokens': 150}
Error code: 429 - {'error': {'message': 'invalid request error trace_id: 56b961a5b07fd80dcb91427667eb8a9a (request id: 20260617095323429176198F2n1kbGx)', 'type': 'bad_response_status_code', 'param': '', 'code': 'bad_response_status_code'}}
1 options {'temperature': 0.5, 'n': 8, 'top_p': 1.0, 'max_tokens': 150}
Error code: 429 - {'error': {'message': 'invalid request error trace_id: 49ce597bef14d66a160fe912cb745430 (request id: 20260617095433409669650f6dwv187)', 'type': 'bad_response_status_code', 'param': '', 'code': 'bad_response_status_code'}}
1 options {'temperature': 0.5, 'n': 8, 'top_p': 1.0, 'max_tokens': 150}
Error code: 429 - {'error': {'message': 'invalid request error trace_id: 9d4baf8999254c09f83081ab2f5dcff2 (request id: 20260617095553427850171yUQn1yTC)', 'type': 'bad_response_status_code', 'param': '', 'code': 'bad_response_status_code'}}
FV-chain.py-_dynamic_chain_exec_with_cache_mp_core Error in test-184: too many retry times
1 options {'temperature': 0.0, 'n': 1, 'top_p': 1.0, 'max_tokens': 2048}
1 options {'temperature': 0.5, 'n': 8, 'top_p': 1.0, 'max_tokens': 150}
Error code: 429 - {'error': {'message': 'invalid request error trace_id: e1efae9c8aabe2af809d77835fdf1fcc (request id: 20260617095701669027191EPY1yux5)', 'type': 'bad_response_status_code', 'param': '', 'code': 'bad_response_status_code'}}
1 options {'temperature': 0.5, 'n': 8, 'top_p': 1.0, 'max_tokens': 150}
Error code: 429 - {'error': {'message': 'invalid request error trace_id: 67c31bf512d8ed9ba0e5af4c8b78eb36 (request id: 20260617095811726150044OHa83t2R)', 'type': 'bad_response_status_code', 'param': '', 'code': 'bad_response_status_code'}}
1 options {'temperature': 0.5, 'n': 8, 'top_p': 1.0, 'max_tokens': 150}
Error code: 429 - {'error': {'message': 'invalid request error trace_id: 90348f5d277949994f619bd7761bba72 (request id: 20260617095921174221115Qf8kgJM1)', 'type': 'bad_response_status_code', 'param': '', 'code': 'bad_response_status_code'}}
1 options {'temperature': 0.5, 'n': 8, 'top_p': 1.0, 'max_tokens': 150}
Error code: 429 - {'error': {'message': 'invalid request error trace_id: cc2175f13ef1bad72c71a088f8b611e4 (request id: 20260617100053263893423HPZqU2kz)', 'type': 'bad_response_status_code', 'param': '', 'code': 'bad_response_status_code'}}
FV-chain.py-_dynamic_chain_exec_with_cache_mp_core Error in test-185: too many retry times
1 options {'temperature': 0.0, 'n': 1, 'top_p': 1.0, 'max_tokens': 2048}
<html>
<head><title>504 Gateway Time-out</title></head>
<body>
<center><h1>504 Gateway Time-out</h1></center>
<hr><center>openresty</center>
</body>
</html>
1 options {'temperature': 0.0, 'n': 1, 'top_p': 1.0, 'max_tokens': 2048}
<html>
<head><title>504 Gateway Time-out</title></head>
<body>
<center><h1>504 Gateway Time-out</h1></center>
<hr><center>openresty</center>
</body>
</html>
1 options {'temperature': 0.0, 'n': 1, 'top_p': 1.0, 'max_tokens': 2048}
<html>
<head><title>504 Gateway Time-out</title></head>
<body>
<center><h1>504 Gateway Time-out</h1></center>
<hr><center>openresty</center>
</body>
</html>
1 options {'temperature': 0.0, 'n': 1, 'top_p': 1.0, 'max_tokens': 2048}
<html>
<head><title>504 Gateway Time-out</title></head>
<body>
<center><h1>504 Gateway Time-out</h1></center>
<hr><center>openresty</center>
</body>
</html>
FV-chain.py-_dynamic_chain_exec_with_cache_mp_core Error in test-186: too many retry times
1 options {'temperature': 0.0, 'n': 1, 'top_p': 1.0, 'max_tokens': 2048}
<html>
<head><title>504 Gateway Time-out</title></head>
<body>
<center><h1>504 Gateway Time-out</h1></center>
<hr><center>openresty</center>
</body>
</html>
1 options {'temperature': 0.0, 'n': 1, 'top_p': 1.0, 'max_tokens': 2048}
<html>
<head><title>504 Gateway Time-out</title></head>
<body>
<center><h1>504 Gateway Time-out</h1></center>
<hr><center>openresty</center>
</body>
</html>
1 options {'temperature': 0.0, 'n': 1, 'top_p': 1.0, 'max_tokens': 2048}
<html>
<head><title>504 Gateway Time-out</title></head>
<body>
<center><h1>504 Gateway Time-out</h1></center>
<hr><center>openresty</center>
</body>
</html>
1 options {'temperature': 0.0, 'n': 1, 'top_p': 1.0, 'max_tokens': 2048}
<html>
<head><title>504 Gateway Time-out</title></head>
<body>
<center><h1>504 Gateway Time-out</h1></center>
<hr><center>openresty</center>
</body>
</html>
FV-chain.py-_dynamic_chain_exec_with_cache_mp_core Error in test-187: too many retry times
Dynamic chain execution:   9%|▉         | 185/2024 [37:21:47<1578:57:37, 3090.95s/it]1 options {'temperature': 0.0, 'n': 1, 'top_p': 1.0, 'max_tokens': 2048}
1 options {'temperature': 0.5, 'n': 8, 'top_p': 1.0, 'max_tokens': 150}
Error code: 429 - {'error': {'message': 'invalid request error trace_id: 773ea46a0e15043c8a218ba41f359f9c (request id: 20260617103420340619689RI9XDHIO)', 'type': 'bad_response_status_code', 'param': '', 'code': 'bad_response_status_code'}}
1 options {'temperature': 0.5, 'n': 8, 'top_p': 1.0, 'max_tokens': 150}
Error code: 429 - {'error': {'message': 'invalid request error trace_id: eec3629875dc991fd7e7d48fe8b23e2e (request id: 20260617103535940721803AMH2iY1C)', 'type': 'bad_response_status_code', 'param': '', 'code': 'bad_response_status_code'}}
1 options {'temperature': 0.5, 'n': 8, 'top_p': 1.0, 'max_tokens': 150}
Error code: 429 - {'error': {'message': 'invalid request error trace_id: 3a50054a91ca14dcd44d4a38907125c9 (request id: 20260617103647297001910ls9cIBwi)', 'type': 'bad_response_status_code', 'param': '', 'code': 'bad_response_status_code'}}
1 options {'temperature': 0.5, 'n': 8, 'top_p': 1.0, 'max_tokens': 150}
Error code: 429 - {'error': {'message': 'invalid request error trace_id: c2b78973d463f218da98570eefab22a1 (request id: 2026061710375818204884455Vairn6)', 'type': 'bad_response_status_code', 'param': '', 'code': 'bad_response_status_code'}}
FV-chain.py-_dynamic_chain_exec_with_cache_mp_core Error in test-188: too many retry times
1 options {'temperature': 0.0, 'n': 1, 'top_p': 1.0, 'max_tokens': 2048}
<html>
<head><title>504 Gateway Time-out</title></head>
<body>
<center><h1>504 Gateway Time-out</h1></center>
<hr><center>openresty</center>
</body>
</html>
1 options {'temperature': 0.0, 'n': 1, 'top_p': 1.0, 'max_tokens': 2048}
<html>
<head><title>504 Gateway Time-out</title></head>
<body>
<center><h1>504 Gateway Time-out</h1></center>
<hr><center>openresty</center>
</body>
</html>
1 options {'temperature': 0.0, 'n': 1, 'top_p': 1.0, 'max_tokens': 2048}
1 options {'temperature': 0.5, 'n': 8, 'top_p': 1.0, 'max_tokens': 150}
Error code: 429 - {'error': {'message': 'invalid request error trace_id: 6f194f24996b02c157e7ce40248c0da2 (request id: 20260617104712943822594xSJ4DdFr)', 'type': 'bad_response_status_code', 'param': '', 'code': 'bad_response_status_code'}}
1 options {'temperature': 0.5, 'n': 8, 'top_p': 1.0, 'max_tokens': 150}
Error code: 429 - {'error': {'message': 'invalid request error trace_id: 64528e1003778c49600178b2966a3e27 (request id: 20260617104827988995010PaMnx8k9)', 'type': 'bad_response_status_code', 'param': '', 'code': 'bad_response_status_code'}}
1 options {'temperature': 0.5, 'n': 8, 'top_p': 1.0, 'max_tokens': 150}
Error code: 429 - {'error': {'message': 'invalid request error trace_id: 75b5fc613fa6c636f7a7b47dbf42082d (request id: 20260617104941468444446wpC90i6w)', 'type': 'bad_response_status_code', 'param': '', 'code': 'bad_response_status_code'}}
1 options {'temperature': 0.5, 'n': 8, 'top_p': 1.0, 'max_tokens': 150}
Error code: 429 - {'error': {'message': 'invalid request error trace_id: b57905901823c057e08207edabf2fff9 (request id: 20260617105055981894681H96KGBmA)', 'type': 'bad_response_status_code', 'param': '', 'code': 'bad_response_status_code'}}
FV-chain.py-_dynamic_chain_exec_with_cache_mp_core Error in test-189: too many retry times
1 options {'temperature': 0.0, 'n': 1, 'top_p': 1.0, 'max_tokens': 2048}
<html>
<head><title>504 Gateway Time-out</title></head>
<body>
<center><h1>504 Gateway Time-out</h1></center>
<hr><center>openresty</center>
</body>
</html>
1 options {'temperature': 0.0, 'n': 1, 'top_p': 1.0, 'max_tokens': 2048}
<html>
<head><title>504 Gateway Time-out</title></head>
<body>
<center><h1>504 Gateway Time-out</h1></center>
<hr><center>openresty</center>
</body>
</html>
1 options {'temperature': 0.0, 'n': 1, 'top_p': 1.0, 'max_tokens': 2048}
<html>
<head><title>504 Gateway Time-out</title></head>
<body>
<center><h1>504 Gateway Time-out</h1></center>
<hr><center>openresty</center>
</body>
</html>
1 options {'temperature': 0.0, 'n': 1, 'top_p': 1.0, 'max_tokens': 2048}
<html>
<head><title>504 Gateway Time-out</title></head>
<body>
<center><h1>504 Gateway Time-out</h1></center>
<hr><center>openresty</center>
</body>
</html>
FV-chain.py-_dynamic_chain_exec_with_cache_mp_core Error in test-190: too many retry times
1 options {'temperature': 0.0, 'n': 1, 'top_p': 1.0, 'max_tokens': 2048}
<html>
<head><title>504 Gateway Time-out</title></head>
<body>
<center><h1>504 Gateway Time-out</h1></center>
<hr><center>openresty</center>
</body>
</html>
1 options {'temperature': 0.0, 'n': 1, 'top_p': 1.0, 'max_tokens': 2048}
<html>
<head><title>504 Gateway Time-out</title></head>
<body>
<center><h1>504 Gateway Time-out</h1></center>
<hr><center>openresty</center>
</body>
</html>
1 options {'temperature': 0.0, 'n': 1, 'top_p': 1.0, 'max_tokens': 2048}
<html>
<head><title>504 Gateway Time-out</title></head>
<body>
<center><h1>504 Gateway Time-out</h1></center>
<hr><center>openresty</center>
</body>
</html>
1 options {'temperature': 0.0, 'n': 1, 'top_p': 1.0, 'max_tokens': 2048}
<html>
<head><title>504 Gateway Time-out</title></head>
<body>
<center><h1>504 Gateway Time-out</h1></center>
<hr><center>openresty</center>
</body>
</html>
FV-chain.py-_dynamic_chain_exec_with_cache_mp_core Error in test-191: too many retry times
Dynamic chain execution:   9%|▉         | 189/2024 [38:11:49<1217:38:12, 2388.82s/it]1 options {'temperature': 0.0, 'n': 1, 'top_p': 1.0, 'max_tokens': 2048}
1 options {'temperature': 0.5, 'n': 8, 'top_p': 1.0, 'max_tokens': 150}
Error code: 429 - {'error': {'message': 'invalid request error trace_id: 095e411ad6098224d2b947300692164b (request id: 20260617112201936228978qcvz97P3)', 'type': 'bad_response_status_code', 'param': '', 'code': 'bad_response_status_code'}}
1 options {'temperature': 0.5, 'n': 8, 'top_p': 1.0, 'max_tokens': 150}
Error code: 429 - {'error': {'message': 'invalid request error trace_id: 8ac373c3b151dc9e9c397701b8cc65e7 (request id: 20260617112310809078244Fyemz7dN)', 'type': 'bad_response_status_code', 'param': '', 'code': 'bad_response_status_code'}}
1 options {'temperature': 0.5, 'n': 8, 'top_p': 1.0, 'max_tokens': 150}
Error code: 429 - {'error': {'message': 'invalid request error trace_id: 115ea8d18c34ed1cdae0075c5a9114f9 (request id: 20260617112419951227127CEmIOpCC)', 'type': 'bad_response_status_code', 'param': '', 'code': 'bad_response_status_code'}}
1 options {'temperature': 0.5, 'n': 8, 'top_p': 1.0, 'max_tokens': 150}
Error code: 429 - {'error': {'message': 'invalid request error trace_id: 4dc1694dd52355af9225bbc43dc8d416 (request id: 20260617112529116659107IV0AuBsk)', 'type': 'bad_response_status_code', 'param': '', 'code': 'bad_response_status_code'}}
FV-chain.py-_dynamic_chain_exec_with_cache_mp_core Error in test-192: too many retry times
1 options {'temperature': 0.0, 'n': 1, 'top_p': 1.0, 'max_tokens': 2048}
<html>
<head><title>504 Gateway Time-out</title></head>
<body>
<center><h1>504 Gateway Time-out</h1></center>
<hr><center>openresty</center>
</body>
</html>
1 options {'temperature': 0.0, 'n': 1, 'top_p': 1.0, 'max_tokens': 2048}
<html>
<head><title>504 Gateway Time-out</title></head>
<body>
<center><h1>504 Gateway Time-out</h1></center>
<hr><center>openresty</center>
</body>
</html>
1 options {'temperature': 0.0, 'n': 1, 'top_p': 1.0, 'max_tokens': 2048}
<html>
<head><title>504 Gateway Time-out</title></head>
<body>
<center><h1>504 Gateway Time-out</h1></center>
<hr><center>openresty</center>
</body>
</html>
1 options {'temperature': 0.0, 'n': 1, 'top_p': 1.0, 'max_tokens': 2048}
<html>
<head><title>504 Gateway Time-out</title></head>
<body>
<center><h1>504 Gateway Time-out</h1></center>
<hr><center>openresty</center>
</body>
</html>
FV-chain.py-_dynamic_chain_exec_with_cache_mp_core Error in test-193: too many retry times
1 options {'temperature': 0.0, 'n': 1, 'top_p': 1.0, 'max_tokens': 2048}
1 options {'temperature': 0.5, 'n': 8, 'top_p': 1.0, 'max_tokens': 150}
Error code: 429 - {'error': {'message': 'invalid request error trace_id: 6eb840a4c6fd32b91b217c5ff2734938 (request id: 20260617114336217780385vhdHd4QD)', 'type': 'bad_response_status_code', 'param': '', 'code': 'bad_response_status_code'}}
1 options {'temperature': 0.5, 'n': 8, 'top_p': 1.0, 'max_tokens': 150}
Error code: 429 - {'error': {'message': 'invalid request error trace_id: ad73c5fc35c1f4cbf8eeed78a039483c (request id: 20260617114444981744004mjcF6OlP)', 'type': 'bad_response_status_code', 'param': '', 'code': 'bad_response_status_code'}}
1 options {'temperature': 0.5, 'n': 8, 'top_p': 1.0, 'max_tokens': 150}
Error code: 429 - {'error': {'message': 'invalid request error trace_id: 08ef98a3e7d360feaedad5346ddf5245 (request id: 20260617114555261605640gb4mO4kD)', 'type': 'bad_response_status_code', 'param': '', 'code': 'bad_response_status_code'}}
1 options {'temperature': 0.5, 'n': 8, 'top_p': 1.0, 'max_tokens': 150}
Error code: 429 - {'error': {'message': 'invalid request error trace_id: b21fd1ab0dadcc2ca55b1151ca5d03ce (request id: 20260617114703783837915Iy6bFsZi)', 'type': 'bad_response_status_code', 'param': '', 'code': 'bad_response_status_code'}}
FV-chain.py-_dynamic_chain_exec_with_cache_mp_core Error in test-194: too many retry times
1 options {'temperature': 0.0, 'n': 1, 'top_p': 1.0, 'max_tokens': 2048}
<html>
<head><title>504 Gateway Time-out</title></head>
<body>
<center><h1>504 Gateway Time-out</h1></center>
<hr><center>openresty</center>
</body>
</html>
1 options {'temperature': 0.0, 'n': 1, 'top_p': 1.0, 'max_tokens': 2048}
<html>
<head><title>504 Gateway Time-out</title></head>
<body>
<center><h1>504 Gateway Time-out</h1></center>
<hr><center>openresty</center>
</body>
</html>
1 options {'temperature': 0.0, 'n': 1, 'top_p': 1.0, 'max_tokens': 2048}
<html>
<head><title>504 Gateway Time-out</title></head>
<body>
<center><h1>504 Gateway Time-out</h1></center>
<hr><center>openresty</center>
</body>
</html>
1 options {'temperature': 0.0, 'n': 1, 'top_p': 1.0, 'max_tokens': 2048}
<html>
<head><title>504 Gateway Time-out</title></head>
<body>
<center><h1>504 Gateway Time-out</h1></center>
<hr><center>openresty</center>
</body>
</html>
FV-chain.py-_dynamic_chain_exec_with_cache_mp_core Error in test-195: too many retry times
Dynamic chain execution:  10%|▉         | 193/2024 [38:52:50<944:22:09, 1856.76s/it] 1 options {'temperature': 0.0, 'n': 1, 'top_p': 1.0, 'max_tokens': 2048}
1 options {'temperature': 0.5, 'n': 8, 'top_p': 1.0, 'max_tokens': 150}
Error code: 429 - {'error': {'message': 'invalid request error trace_id: adf6c6f694e74ad6cf3373916c3dbc43 (request id: 20260617120313689373180PFjizFub)', 'type': 'bad_response_status_code', 'param': '', 'code': 'bad_response_status_code'}}
1 options {'temperature': 0.5, 'n': 8, 'top_p': 1.0, 'max_tokens': 150}
Error code: 429 - {'error': {'message': 'invalid request error trace_id: b309f0950696a892fc2e001a932c1e61 (request id: 20260617120423296651055Iw5HRv8P)', 'type': 'bad_response_status_code', 'param': '', 'code': 'bad_response_status_code'}}
1 options {'temperature': 0.5, 'n': 8, 'top_p': 1.0, 'max_tokens': 150}
Error code: 429 - {'error': {'message': 'invalid request error trace_id: cc74de576debe820f8a1a258c7da3b1a (request id: 202606171205326650539838hdlmhKr)', 'type': 'bad_response_status_code', 'param': '', 'code': 'bad_response_status_code'}}
1 options {'temperature': 0.5, 'n': 8, 'top_p': 1.0, 'max_tokens': 150}
Error code: 429 - {'error': {'message': 'invalid request error trace_id: d525db5c33ca2df46e494ebb0234d951 (request id: 20260617120642762507183fXcfgLeY)', 'type': 'bad_response_status_code', 'param': '', 'code': 'bad_response_status_code'}}
FV-chain.py-_dynamic_chain_exec_with_cache_mp_core Error in test-196: too many retry times
                                                                      