📝 Log: logs/run_FV-qwen3.6-plus-20260615-210929.log
==========================================
📊 Running TableFV Pipeline (ATG + QG-PPR)
==========================================
✅ Using existing ATGO row-only reranking: thought/TableFV/data/tabfact/test_reranked_row.jsonl

Stage 1-ATGO: Thought (Row-only)
------------------------------------------
Loading tabfact-test dataset:   0%|          | 0/2024 [00:00<?, ?it/s]Loading tabfact-test dataset:  57%|█████▋    | 1158/2024 [00:00<00:00, 11552.58it/s]Loading tabfact-test dataset: 100%|██████████| 2024/2024 [00:00<00:00, 16343.97it/s]
Initializing ClarifierAgent for schema anchoring...
Clarified 2024 samples
Saved clarifier results to test/results/thought/tabfact/qwen3.6-plus_p12/clarifier
Dynamic chain execution:   0%|          | 0/2024 [00:00<?, ?it/s11 options {'temperature': 0.0, 'n': 1, 'top_p': 1.0, 'max_tokens': 2048}
<html>
<head><title>504 Gateway Time-out</title></head>
<body>
<center><h1>504 Gateway Time-out</h1></center>
<hr><center>openresty</center>
</body>
</html>
1 options {'temperature': 0.0, 'n': 1, 'top_p': 1.0, 'max_tokens': 2048}
1 options {'temperature': 0.0, 'n': 1, 'top_p': 1.0, 'max_tokens': 150}
1 options {'temperature': 0, 'n': 1, 'top_p': 1.0, 'max_tokens': 150}
1 options {'temperature': 0, 'n': 1, 'top_p': 1.0, 'max_tokens': 150}
1 options {'temperature': 0, 'n': 1, 'top_p': 1.0, 'max_tokens': 150}
1 options {'temperature': 0, 'n': 1, 'top_p': 1.0, 'max_tokens': 150}
1 options {'temperature': 0, 'n': 1, 'top_p': 1.0, 'max_tokens': 150}
1 options {'temperature': 0, 'n': 1, 'top_p': 1.0, 'max_tokens': 150}
1 options {'temperature': 0, 'n': 1, 'top_p': 1.0, 'max_tokens': 150}
1 options {'temperature': 0.0, 'n': 1, 'top_p': 1.0, 'max_tokens': 2048}
1 options {'temperature': 0.5, 'n': 8, 'top_p': 1.0, 'max_tokens': 150}
Error code: 429 - {'error': {'message': 'invalid request error trace_id: e62aea4a3707555f8b6a2ad4ab33447b (request id: 20260615211845594274182e2VGQAJp)', 'type': 'bad_response_status_code', 'param': '', 'code': 'bad_response_status_code'}}
1 options {'temperature': 0.5, 'n': 8, 'top_p': 1.0, 'max_tokens': 150}
Error code: 429 - {'error': {'message': 'invalid request error trace_id: c4e88f43a0ba4d03581d96d9ec8237a9 (request id: 2026061521200074245776Yuf0EAbq)', 'type': 'bad_response_status_code', 'param': '', 'code': 'bad_response_status_code'}}
1 options {'temperature': 0.5, 'n': 8, 'top_p': 1.0, 'max_tokens': 150}
Error code: 429 - {'error': {'message': 'invalid request error trace_id: 4bcb9516a658d4b81a38ad44cc35af18 (request id: 20260615212109574963604ltv1uxwX)', 'type': 'bad_response_status_code', 'param': '', 'code': 'bad_response_status_code'}}
1 options {'temperature': 0.5, 'n': 8, 'top_p': 1.0, 'max_tokens': 150}
Error code: 429 - {'error': {'message': 'invalid request error trace_id: e21e973aa9aeeca9558f0f65d0d19538 (request id: 202606152122223491776349L4j8mtQ)', 'type': 'bad_response_status_code', 'param': '', 'code': 'bad_response_status_code'}}
FV-chain.py-_dynamic_chain_exec_with_cache_mp_core Error in test-3: too many retry times
Dynamic chain execution:   0%|          | 1/2024 [12:56<436:19:41, 776.46s/it]1 options {'temperature': 0.0, 'n': 1, 'top_p': 1.0, 'max_tokens': 2048}
1 options {'temperature': 0.0, 'n': 1, 'top_p': 1.0, 'max_tokens': 150}
<html>
<head><title>504 Gateway Time-out</title></head>
<body>
<center><h1>504 Gateway Time-out</h1></center>
<hr><center>openresty</center>
</body>
</html>
1 options {'temperature': 0.0, 'n': 1, 'top_p': 1.0, 'max_tokens': 150}
1 options {'temperature': 0.0, 'n': 1, 'top_p': 1.0, 'max_tokens': 2048}
<html>
<head><title>504 Gateway Time-out</title></head>
<body>
<center><h1>504 Gateway Time-out</h1></center>
<hr><center>openresty</center>
</body>
</html>
1 options {'temperature': 0.0, 'n': 1, 'top_p': 1.0, 'max_tokens': 2048}
<html>
<head><title>504 Gateway Time-out</title></head>
<body>
<center><h1>504 Gateway Time-out</h1></center>
<hr><center>openresty</center>
</body>
</html>
1 options {'temperature': 0.0, 'n': 1, 'top_p': 1.0, 'max_tokens': 2048}
1 options {'temperature': 0.5, 'n': 8, 'top_p': 1.0, 'max_tokens': 150}
Error code: 429 - {'error': {'message': 'invalid request error trace_id: deff7ae3a573a54956b716ff67a16d35 (request id: 2026061521403619122741wrRonr9x)', 'type': 'bad_response_status_code', 'param': '', 'code': 'bad_response_status_code'}}
1 options {'temperature': 0.5, 'n': 8, 'top_p': 1.0, 'max_tokens': 150}
<html>
<head><title>504 Gateway Time-out</title></head>
<body>
<center><h1>504 Gateway Time-out</h1></center>
<hr><center>openresty</center>
</body>
</html>
1 options {'temperature': 0.5, 'n': 8, 'top_p': 1.0, 'max_tokens': 150}
Error code: 429 - {'error': {'message': 'invalid request error trace_id: 77a2717517c5c56bcb9f1597db3813aa (request id: 20260615214416370732874w7gj1zFE)', 'type': 'bad_response_status_code', 'param': '', 'code': 'bad_response_status_code'}}
1 options {'temperature': 0.5, 'n': 8, 'top_p': 1.0, 'max_tokens': 150}
Error code: 429 - {'error': {'message': 'invalid request error trace_id: d3b9fe2fc2d40c7e135f669fb11c0def (request id: 20260615214529789628686uX62rmhj)', 'type': 'bad_response_status_code', 'param': '', 'code': 'bad_response_status_code'}}
FV-chain.py-_dynamic_chain_exec_with_cache_mp_core Error in test-4: too many retry times
1 options {'temperature': 0.0, 'n': 1, 'top_p': 1.0, 'max_tokens': 2048}
1 options {'temperature': 0.5, 'n': 8, 'top_p': 1.0, 'max_tokens': 150}
Error code: 429 - {'error': {'message': 'invalid request error trace_id: 982a3985816567e373d19d07a6617aa9 (request id: 20260615214640945001801GuEPWmSE)', 'type': 'bad_response_status_code', 'param': '', 'code': 'bad_response_status_code'}}
1 options {'temperature': 0.5, 'n': 8, 'top_p': 1.0, 'max_tokens': 150}
Error code: 429 - {'error': {'message': 'invalid request error trace_id: a504c857a22acfe49d69721ed303d6d7 (request id: 20260615214801142048998Z6vKppz2)', 'type': 'bad_response_status_code', 'param': '', 'code': 'bad_r1 options {'temperature1 options {'temperature': 0.5, 'n': 8, 'top_p': 1.0, 'max_tokens': 150}
Error code: 429 - {'error': {'message': 'invalid request error trace_id: 88dbe65be55068caa63d805ed4c2b40b (r1 options {'temperature': 0.0, 'n1 options {'temperature': 0.0, 'n': 1, 'top_p': 1.0, 'max_tokens': 2048}
<html>
<head><title>504 Gateway Time-out</title></head>
<body>
<center><h1>504 Gateway Time-out</h1></center>
<hr><center>open1 options {'temperature': 0.0, 'n1 options {'temperature': 0.0, 'n': 1, 'top_p': 1.0, 'max_tokens': 2048}
<html>
<head><title>504 Gateway Time-out</title></head>
<body>
<center><h1>504 Gateway Time-out</h1></center>
<hr><center>openresty</center>
</body>
</html>
1 options {'temperature': 0.0, 'n': 1, 'top_p': 1.0, 'max_tokens': 2048}
<html>
<head><title>504 Gateway Time-out</title></head>
<body>
<center><h1>504 Gateway Time-out</h1></center>
<hr><center>openresty</center>
</body>
</html>
FV-chain.py-_dynamic_chain_exec_with_cache_mp_core Error1 options {'temperature': 0.0, 'n1 options {'temperature': 0.0, 'n': 1, 'top_p': 1.0, 'max_tokens': 2048}
<html>
<head><title>504 Gateway Time-out</title></head>
<body>
<center><h1>504 Gateway Time-out</h1></center>
<hr><center>open1 options {'temperature': 0.0, 'n1 options {'temperature': 0.0, 'n': 1, 'top_p': 1.0, 'max_tokens': 2048}
1 options {'temperature': 0.0, 'n': 1, 'top_p': 1.0, 'max_tokens': 150}
1 options {'temperature': 0, 'n': 1, 'top_p': 1.0, 'max_tokens': 150}
1 options {'temperature': 0, 'n': 1, 'top_p': 1.0, 'max_tokens': 150}
1 options {'temperature': 0, 'n': 1, 'top_p': 1.0, 'max_tokens': 150}
1 options {'temperature': 0, 'n': 1, 'top_p': 1.0, 'max_tokens': 150}
1 options {'temperature': 0, 'n': 1, 'top_p': 1.0, 'max_tokens': 150}
1 options {'temperature': 0, 'n': 1, 'top_p': 1.0, 'max_tokens': 150}
1 options {'temperature': 0, 'n': 1, 'top_p'1 options {'temperature': 0.0, 'n': 1, 'top_p': 1.0, 'max_tokens': 2048}
1 options {'temperature': 0.0, 'n': 1, 'top_p': 1.0, 'max_tokens': 150}
1 options {'temperature': 0, 'n': 1, 'top_p': 1.0, 'max_tokens': 150}
1 options {'temperature': 0, 'n': 1, 'top_p': 11 options {'temperature': 0.0, 'n': 1, 'top_p': 1.0, 'max_tokens': 2048}
<html>
<head><title>504 Gateway Time-out</title></head>
<body>
<center><h1>504 Gateway Time-out</h1></center>
<hr><center>openresty</center>
</body>
</html>
1 options {'temperature': 0.0, 'n': 1, 'top_p': 1.0, 'max_tokens': 2048}
<html>
<head><title>504 Gateway Time-out</title></head>
<body>
<center><h1>504 Gateway Time-out</h1></center>
<hr><center>openresty</center>
</body>
</html>
1 options {'temperature': 0.0, 'n': 1, 'top_p': 1.0, 'max_tokens': 2048}
<html>
<head><title>504 Gateway Time-out</title></head>
<body>
<center><h1>504 Gateway Time-out</h1></center>
<hr><center>openresty</center>
</body>
</html>
FV-chain.py-_dynamic_chain_exec_wit1 options {'temperature': 0.0, 'n': 1, 'top_p': 1.0, 'max_tokens': 2048}
1 options {'temperature': 0.0, 'n': 1, 'top_p': 1.0, 'max_token1 options {'temperature': 0.0, 'n': 1, 'top_p': 1.0, 'max_tokens': 2048}
1 options {'temperature': 0.0, 'n': 1, 'top_p': 1.0, 'max_tokens': 150}
1 options {'temperature': 0, 'n': 1, 'top_p': 1.0, 'max_tokens': 150}
1 options {'temperature': 0, 'n': 1, 'top_p': 1.0, 'max_tokens': 150}
1 options {'temperature': 0, 'n': 1, 'top_p': 1.0, 'max_tokens': 150}
1 options {'temperature': 0, 'n': 1, 'top_p': 1.0, 'max_tokens': 150}
1 options {'temperature': 0, 'n': 1, 'top_p': 1.0, 'max_tokens': 150}
1 options {'temperature': 0, 'n': 1, 'top_p': 1.0, 'max_tokens': 150}
1 options {'temperature': 0, 'n': 1, 'top_p': 1.0, 'max_tokens': 150}
1 options {'temperature': 0.0, 'n': 1, 'top_p': 1.0, 'max_tokens': 2048}
1 options {'temperature': 0.5, 'n': 8, 'top_p': 1.0, 'max_tokens': 150}
Error code: 429 - {'error': {'message': 'invalid request error trace_id: 839e81374ceb447c6c3c6c12b33792e2 (request id: 20260615223310220261362e83Cv8Bg)', 'type': 'bad_response_status_code', 'param': '', 'code': 'bad_response_status_code'}}
1 options {'temperature': 0.5, 'n': 8, 'top_p': 1.0, 'max_tokens': 150}
Error code: 429 - {'error': {'message': 'invalid request error trace_id: 7d7b8464ab0031b364ca7b74fe9d0bf1 (request id: 20260615223432243713845HHITxl)', 'type': 'bad_response_status_code', 'param': '', 'code': 'bad_response_status_code'}}
1 options {'temperature': 0.5, 'n': 8, 'top_p': 1.0, 'max_tokens': 150}
Error code: 429 - {'error': {'message': 'invalid request error trace_id: 058b3ce229a05a67b8025c7ef8d4b066 (request id: 202606152235484222971606r1Rocvr)', 'type': 'bad_response_status_code', 'param': '', 'code': 'bad_response_status_code'}}
1 options {'temperature': 0.5, 'n': 8, 'top_p': 1.0, 'max_tokens': 150}
Error code: 429 - {'error': {'message': 'invalid request error trace_id: 83237da86fcba44239adfee8f4f851b7 (request id: 20260615223703434189473dINMz7WB)', 'type': 'bad_response_status_code', 'para1 options {'temperature': 0.0, 'n': 1, 'top_p': 1.0, 'max_tokens': 2048}
1 options {'temperature': 0.0, 'n': 1, 'top_p': 1.0, 'max_tok1 options {'temperature': 0.0, 'n': 1, 'top_p': 1.0, 'max_tokens': 2048}
1 options {'temperature': 0.0, 'n': 1, 'top_p': 1.0, 'max_tokens': 150}
1 options {'temperature': 0, 'n': 1, 'top_p': 1.0, 'max_tokens': 150}
1 options {'temperature': 0, 'n': 1, 'top_p': 1.0, 'max_tokens': 150}
1 options {'temperature': 0, 'n': 1, 'top_p': 1.0, 'max_tokens': 150}
1 options {'temperature': 0, 'n': 1, 'top_p': 1.0, 'max_tokens': 150}
1 options {'temperature': 0, 'n': 1, 'top_p': 1.0, 'max_tokens': 150}
1 options {'temperature': 0, 'n': 1, 'top_p': 1.0, 'max_tokens': 150}
1 options {'temperature': 0, 'n': 1, 'top_p': 1.0, 'max_tokens': 150}
1 options {'temperature': 0.0, 'n': 1, 'top_p': 1.0, 'max_tokens': 2048}
<html>
<head><title>504 Gate1 options {'temperature': 0.0, 'n': 1, 'top_p': 1.0, 'max_tokens': 2048}
<html>
<head><title>504 Gateway Time-out</title></head>
<bo1 options {'temperature': 0.0, 'n': 1, 'top_p': 1.0, 'max_tokens': 2048}
<html>
<head><title>504 Gate1 options {'temperature': 0.0, 'n': 1, 'top_p': 1.0, 'max_tokens': 2048}
1 options {'temperature': 0.5, 'n': 8, 'top_p': 1.0, 'max_tok1 options {'temperature': 0.0, 'n': 1, 'top_p': 1.0, 'max_tokens': 2048}
<html>
<head><title>504 Gateway Time-out</title></head>
<body>
<center><h1>504 Gateway Time-out</h1></center>
<hr><center>openresty</center>
</body>
</html>
1 options {'temperature': 0.0, 'n': 1, 'top_p': 1.0, 'max_tokens': 2048}
1 options {'temperature': 0.5, 'n': 8, 'top_p': 1.0, 'max_tokens': 150}
Error code: 429 - {'error': {'message': 'invalid request error trace_id: 8c67d7a8b1b1d512625a49ca69d96ad0 (request id: 20260615225552247089514IAJ5CCLR)', 'type': 'bad_response_status_code', 'param': '', 'code': 'bad_response_status_code'}}
1 options {'temperature': 0.5, 'n': 8, 'top_p': 1.0, 'max_tokens': 150}
Error code: 429 - {'error': {'message': 'invalid request error trace_id: 75c61a3b1bb535944875d486f48a98e0 (request id: 20260615225711657997675Y1xbcdZj)', 'type': 'bad_response_status_code', 'param': '', 'code': 'bad_response_status_code'}}
1 options {'temperature': 0.5, 'n': 8, 'top_p': 1.0, 'max_tokens': 150}
Error code: 429 - {'error': {'message': 'invalid request error trace_id: 84ca23675aefac2996531cb72c64cca5 (request id: 20260615225825757462988dZ7trYC0)', 'type': 'bad_response_status_code', 'param': '', 'code': 'bad_response_status_code'}}
1 options {'temperature': 0.5, 'n': 8, 'top_p': 1.0, 'max_tokens': 150}
Error code: 429 - {'error': {'message': 'invalid request error trace_id: 9b864d5c0e214be0465faa50f4713ff8 (request id: 202606152259493730552576znWys67)', 'type': 'bad_response_status_code', 'par1 options {'temperature': 0.0, 'n': 1, 'top_p': 1.0, 'max_tokens': 2048}
1 options {'temperature': 0.5, 'n': 8, 'top_p': 1.0, 'max_toke1 options {'temperature': 0.0, 'n': 1, 'top_p': 1.0, 'max_tokens': 2048}
1 options {'temperature': 0.5, 'n': 8, 'top_p': 1.0, 'max_tokens': 150}
Error code: 429 - {'error': {'message': 'invalid request error trace_id: 0168431b53a64ba9febb1a2b032fb0f51 options {'temperature': 0.5, 'n': 8, 'top_p': 1.0, 'max_tokens': 150}
Error code: 429 - {'error': {'message': 'invalid request error1 options {'temperature': 0.5, 'n': 8, 'top_p': 1.0, 'max_tokens': 150}
Error code: 429 - {'error': {'message': 'invalid request error trace_id: b40ee46fa8bd54d2db66213a9b299524 1 options {'temperature': 0.5, 'n': 8, 'top_p': 1.0, 'max_tokens': 150}
Error code: 429 - {'error': {'message': 'invalid request error1 options {'temperature': 0.5, 'n': 8, 'top_p': 1.0, 'max_tokens': 150}
Error code: 429 - {'error': {'message': 'invalid request error trace_id: 753a4618dab47ee03652b46122261453 1 options {'temperature': 0.5, 'n': 8, 'top_p': 1.0, 'max_tokens': 150}
Error code: 429 - {'error': {'message': 'invalid request error1 options {'temperature': 0.5, 'n': 8, 'top_p': 1.0, 'max_tokens': 150}
Error code: 429 - {'error': {'message': 'invalid request error trace_id: 75fe6f4fbd474d88a5dc4ebe54115a1f (request id: 20260615230451548505063EGfNH9va)', 'type': 'bad_response_status_code', 'param1 options {'temperature': 0.0, 'n': 1, 'top_p': 1.0, 'max_tokens': 2048}
1 options {'temperature': 0.5, 'n': 8, 'top_p': 1.0, 'max_tok1 options {'temperature': 0.0, 'n': 1, 'top_p': 1.0, 'max_tokens': 2048}
1 options {'temperature': 0.5, 'n': 8, 'top_p': 1.0, 'max_tokens': 150}
Error code: 429 - {'error': {'message': 'invalid request error trace_id: c0eea6f422e90bb08c76983d3ade6b93 1 options {'temperature': 0.5, 'n': 8, 'top_p': 1.0, 'max_tokens': 150}
<html>
<head><title>504 Gateway Time-out</title></head>
<body>
<center><h1>504 Gateway Time-out</h1></center>
<hr><center>openresty</center>
</body>
</html>
1 options {'temperature': 0.5, 'n': 8, 'top_p': 1.0, 'max_tokens': 150}
Error code: 429 - {'error': {'message': 'invalid request error trace_id: 3f14bee8fac450b36f0305591d66bd3f (request id: 20260615230928925858000hdhgSplR)', 'type': 'bad_response_status_code', 'param': '', 'code': 'bad_response_status_code'}}
1 options {'temperature': 0.5, 'n': 8, 'top_p': 1.0, 'max_tokens': 150}
Error code: 429 - {'error': {'message': 'invalid request error trace_id: a2b1a56bae49cc31a8700106a2eb18f6 (request id: 20260615231048176448593lhtXyPyc)', 'type': 'bad_response_status_code', 'param': '', 'code': 'bad_response_status_code'}}
FV-chain.py-_dynamic_chain_exec_with_cache_mp_core Error in test-11: too many retry times
Dynamic chain execution:   0%|          | 9/2024 [2:01:22<448:12:51, 800.78s/it]1 options {'temperature': 0.0, 'n': 1, 'top_p': 1.0, 'max_tokens': 2048}
1 options {'temperature': 0.5, 'n': 8, 'top_p': 1.0, 'max_tokens': 150}
Error code: 429 - {'error': {'message': 'invalid request error trace_id: 699176f7c29b9dd56e42211ba2e77245 (request id: 20260615231156288921853xHm35IqA)', 'type': 'bad_response_status_code', 'param': '', 'code': 'bad_response_status_code'}}
1 options {'temperature': 0.5, 'n': 8, 'top_p': 1.0, 'max_tokens': 150}
Error code: 429 - {'error': {'message': 'invalid request error trace_id: e94da2456e1c8ac4eb4717283112b3e2 (request id: 20260615231310912723098FJ1jQYEn)', 'type': 'bad_response_status_code', 'param': '', 'code': 'bad_response_status_code'}}
1 options {'temperature': 0.5, 'n': 8, 'top_p': 1.0, 'max_tokens': 150}
Error code: 429 - {'error': {'message': 'invalid request error trace_id: a930ad3b2ca79d9e0646d17e06619e9f (request id: 20260615231431812972016DW7htg9p)', 'type': 'bad_response_status_code', 'param': '', 'code': 'bad_response_status_code'}}
1 options {'temperature': 0.5, 'n': 8, 'top_p': 1.0, 'max_tokens': 150}
Error code: 429 - {'error': {'message': 'invalid request error trace_id: 38576a350695835ada919517d27befa2 (request id: 20260615231546284348962Yh7Aagsw)', 'type': 'bad_response_status_code', 'param': '', 'code': 'bad_response_status_code'}}
FV-chain.py-_dynamic_chain_exec_with_cache_mp_core Error in test-12: too many retry times
1 options {'temperature': 0.0, 'n': 1, 'top_p': 1.0, 'max_tokens': 2048}
1 options {'temperature': 0.5, 'n': 8, 'top_p': 1.0, 'max_tokens': 150}
Error code: 429 - {'error': {'message': 'invalid request error trace_id: b9d57612d0a9ae8cb59bd5ef8a1f1dd9 (request id: 20260615231651606435820ozyRu8Kp)', 'type': 'bad_response_status_code', 'param': '', 'code': 'bad_response_status_code'}}
1 options {'temperature': 0.5, 'n': 8, 'top_p': 1.0, 'max_tokens': 150}
Error code: 429 - {'error': {'message': 'invalid request error trace_id: e373879115c9f8746dbdcf3f5a3f0d3f (request id: 20260615231808165552274SSiw4v0i)', 'type': 'bad_response_status_code', 'param': '', 'code': 'bad_response_status_code'}}
1 options {'temperature': 0.5, 'n': 8, 'top_p': 1.0, 'max_tokens': 150}
Error code: 429 - {'error': {'message': 'invalid request error trace_id: 609fc8b8d799efdc4bea70c0b892f7dc (request id: 20260615231924592913211kcoWhQXe)', 'type': 'bad_response_status_code', 'param': '', 'code': 'bad_response_status_code'}}
1 options {'temperature': 0.5, 'n': 8, 'top_p': 1.0, 'max_tokens': 150}
Error code: 429 - {'error': {'message': 'invalid request error trace_id: cd31ade56efacb41145f9b2d37834435 (request id: 202606152320398788420555sTmc3Cg)', 'type': 'bad_response_status_code', 'param': '', 'code': 'bad_response_status_code'}}
FV-chain.py-_dynamic_chain_exec_with_cache_mp_core Error in test-13: too many retry times
1 options {'temperature': 0.0, 'n': 1, 'top_p': 1.0, 'max_tokens': 2048}
1 options {'temperature': 0.5, 'n': 8, 'top_p': 1.0, 'max_tokens': 150}
Error code: 429 - {'error': {'message': 'invalid request error trace_id: 751f0e072811ae57d672a1e91927b65d (request id: 202606152321378902312314o9VlIL9)', 'type': 'bad_response_status_code', 'param': '', 'code': 'bad_response_status_code'}}
1 options {'temperature': 0.5, 'n': 8, 'top_p': 1.0, 'max_tokens': 150}
Error code: 429 - {'error': {'message': 'invalid request error trace_id: aa6f7bd2193ea6eb95cc97bf4ee5be58 (request id: 20260615232259673823913GanC0WMm)', 'type': 'bad_response_status_code', 'param': '', 'code': 'bad_response_status_code'}}
1 options {'temperature': 0.5, 'n': 8, 'top_p': 1.0, 'max_tokens': 150}
Error code: 429 - {'error': {'message': 'invalid request error trace_id: dcbfaf4a97ed8b1fc6e3d9346483710e (request id: 202606152324255926031304fEP3xSD)', 'type': 'bad_response_status_code', 'param': '', 'code': 'bad_response_status_code'}}
1 options {'temperature': 0.5, 'n': 8, 'top_p': 1.0, 'max_tokens': 150}
Error code: 429 - {'error': {'message': 'invalid request error trace_id: f375bd1716cfd697462c80fb77974351 (request id: 2026061523255380815469EVBHo7m0)', 'type': 'bad_response_status_code', 'param': '', 'code': 'bad_response_status_code'}}
FV-chain.py-_dynamic_chain_exec_with_cache_mp_core Error in test-14: too many retry times
1 options {'temperature': 0.0, 'n': 1, 'top_p': 1.0, 'max_tokens': 2048}
1 options {'temperature': 0.5, 'n': 8, 'top_p': 1.0, 'max_tokens': 150}
Error code: 429 - {'error': {'message': 'invalid request error trace_id: 9e56a14e52c0cdcd9a7fa5c7004cde6c (request id: 202606152327595311702081eBBvaPq)', 'type': 'bad_response_status_code', 'param': '', 'code': 'bad_response_status_code'}}
1 options {'temperature': 0.5, 'n': 8, 'top_p': 1.0, 'max_tokens': 150}
Error code: 429 - {'error': {'message': 'invalid request error trace_id: 20a969af36d4737f3e3f34de9d2ee872 (request id: 20260615232915485780539xJSRiwdK)', 'type': 'bad_response_status_code', 'param': '', 'code': 'bad_response_status_code'}}
1 options {'temperature': 0.5, 'n': 8, 'top_p': 1.0, 'max_tokens': 150}
Error code: 429 - {'error': {'message': 'invalid request error trace_id: da49ae356641e016c65b75f344bcc988 (request id: 20260615233031264495147qNsLBdID)', 'type': 'bad_response_status_code', 'param': '', 'code': 'bad_response_status_code'}}
1 options {'temperature': 0.5, 'n': 8, 'top_p': 1.0, 'max_tokens': 150}
Error code: 429 - {'error': {'message': 'invalid request error trace_id: b6d858158d0a6dd838d194677a3cc4fe (request id: 202606152331505519774197p7Gg6PW)', 'type': 'bad_response_status_code', 'param': '', 'code': 'bad_response_status_code'}}
FV-chain.py-_dynamic_chain_exec_with_cache_mp_core Error in test-15: too many retry times
Dynamic chain execution:   1%|          | 13/2024 [2:22:28<328:26:13, 587.95s/it]1 options {'temperature': 0.0, 'n': 1, 'top_p': 1.0, 'max_tokens': 2048}
1 options {'temperature': 0.5, 'n': 8, 'top_p': 1.0, 'max_tokens': 150}
Error code: 429 - {'error': {'message': 'invalid request error trace_id: 7467b7817697f0e7dc223100404a2b79 (request id: 20260615233307246472066rFpB1dEk)', 'type': 'bad_response_status_code', 'param': '', 'code': 'bad_response_status_code'}}
1 options {'temperature': 0.5, 'n': 8, 'top_p': 1.0, 'max_tokens': 150}
Error code: 429 - {'error': {'message': 'invalid request error trace_id: bffe334480b4b10fa012c0eb58324929 (request id: 20260615233424710451024tS1VqSXc)', 'type': 'bad_response_status_code', 'param': '', 'code': 'bad_response_status_code'}}
1 options {'temperature': 0.5, 'n': 8, 'top_p': 1.0, 'max_tokens': 150}
Error code: 429 - {'error': {'message': 'invalid request error trace_id: bde508f87bcebd83b793523d65af6f20 (request id: 20260615233542889834007WKOy5jmg)', 'type': 'bad_response_status_code', 'param': '', 'code': 'bad_response_status_code'}}
1 options {'temperature': 0.5, 'n': 8, 'top_p': 1.0, 'max_tokens': 150}
Error code: 429 - {'error': {'message': 'invalid request error trace_id: 4da77dafa45b7b8d922eb1772620ac4e (request id: 2026061523365798967685uZ62mqcn)', 'type': 'bad_response_status_code', 'param': '', 'code': 'bad_response_status_code'}}
FV-chain.py-_dynamic_chain_exec_with_cache_mp_core Error in test-16: too many retry times
1 options {'temperature': 0.0, 'n': 1, 'top_p': 1.0, 'max_tokens': 2048}
1 options {'temperature': 0.5, 'n': 8, 'top_p': 1.0, 'max_tokens': 150}
Error code: 429 - {'error': {'message': 'invalid request error trace_id: 0560a917effa09dba56a48d09a31936a (request id: 202606152339587728117491IKOgGOd)', 'type': 'bad_response_status_code', 'param': '', 'code': 'bad_response_status_code'}}
1 options {'temperature': 0.5, 'n': 8, 'top_p': 1.0, 'max_tokens': 150}
Error code: 429 - {'error': {'message': 'invalid request error trace_id: cb6c899119cd102964914eb457119b64 (request id: 20260615234118835235716zFY4VkYg)', 'type': 'bad_response_status_code', 'param': '', 'code': 'bad_response_status_code'}}
1 options {'temperature': 0.5, 'n': 8, 'top_p': 1.0, 'max_tokens': 150}
Error code: 429 - {'error': {'message': 'invalid request error trace_id: 651691f69380cf8188a6a71376f3f1d1 (request id: 20260615234230196706096v5I6IXHw)', 'type': 'bad_response_status_code', 'param': '', 'code': 'bad_response_status_code'}}
1 options {'temperature': 0.5, 'n': 8, 'top_p': 1.0, 'max_tokens': 150}
Error code: 429 - {'error': {'message': 'invalid request error trace_id: f4aeb3a4331859225de0b7c3f4484ace (request id: 2026061523434712955415881VaVAB0)', 'type': 'bad_response_status_code', 'param': '', 'code': 'bad_response_status_code'}}
FV-chain.py-_dynamic_chain_exec_with_cache_mp_core Error in test-17: too many retry times
1 options {'temperature': 0.0, 'n': 1, 'top_p': 1.0, 'max_tokens': 2048}
1 options {'temperature': 0.5, 'n': 8, 'top_p': 1.0, 'max_tokens': 150}
Error code: 429 - {'error': {'message': 'invalid request error trace_id: 6d44c69844d5cd4d279663d0d8639188 (request id: 20260615234701388496282Upy55pNF)', 'type': 'bad_response_status_code', 'param': '', 'code': 'bad_response_status_code'}}
1 options {'temperature': 0.5, 'n': 8, 'top_p': 1.0, 'max_tokens': 150}
Error code: 429 - {'error': {'message': 'invalid request error trace_id: c6df8203d9a38c248c60b70ee116ff38 (request id: 20260615234818165904541zAiybZKD)', 'type': 'bad_response_status_code', 'param': '', 'code': 'bad_response_status_code'}}
1 options {'temperature': 0.5, 'n': 8, 'top_p': 1.0, 'max_tokens': 150}
Error code: 429 - {'error': {'message': 'invalid request error trace_id: 23611f573e09cb34faf87ba52f0d118b (request id: 20260615234932518685325BznfQ69C)', 'type': 'bad_res1 options {'temperature': 0.0, 'n': 1, 'top_p': 1.0, 'max_tokens': 2048}
<html>
<head><title>504 Gateway Time-out</title></head>
<body>
<center><h1>504 Gateway Time-out</h1></center>
<hr><center>openresty</center>
</body>
</html>
FV-chain.py-_dynamic_chain_exec_with_cache_mp_core Error in test-19: too many retry times
Dynamic chain execution:   1%|          | 17/2024 [2:47:50<298:24:07, 535.25s/it]1 options {'temperature': 0.0, 'n': 1, 'top_p': 1.0, 'max_tokens1 options {'temperature': 0.0, 'n': 1, 'top_p': 1.0, 'max_tokens': 2048}
1 options {'temperature': 0.5, 'n': 8, 'top_p': 1.0, 'max_tokens': 150}
Error code: 429 - {'error': {'message': 'invalid request error trace_id: c0fc5e0b17ae175a1537d39911ebd349 (request id: 2026061523540860484725oqkaIu7Y)', 'type': 'bad_response_status_code', 'param': '', 'code': 'bad_response_status_code'}}
1 options {'temperature': 0.5, 'n': 8, 'top_p': 1.0, 'max_tokens': 150}
<html>
<head><title>504 Gateway Time-out</title></head>
<body>
<center><h1>504 Gateway Time-out</h1></center>
<hr><center>openresty</center>
</body>
</html>
1 options {'temperature': 0.5, 'n': 8, 'top_p': 1.0, 'max_tokens': 150}
Error code: 429 - {'error': {'message': 'invalid request error trace_id: 87e588dd28fb40cc4611e60d148d9314 (request id: 20260615235729567848204IcunjpMr)', 'type': 'bad_response_status_code', 'param': '', 'code': 'bad_response_status_code'}}
1 options {'temperature': 0.5, 'n': 8, 'top_p': 1.0, 'max_tokens': 150}
Error code: 429 - {'error': {'message': 'invalid request error trace_id: 5d763aafa31a8863330c70683c51885b (request id: 202606152358434755176528dLgJC2L)', 'type': 'bad_response_status_code', 'param': '', 'code': 'bad_response_status_code'}}
FV-chain.py-_dynamic_chain_exec_with_cache_mp_core Error in test-19: too many retry times
Dynamic chain execution:   1%|          | 17/2024 [2:49:18<287:54:49, 516.44s/it]1 options {'temperature': 0.0, 'n': 1, 'top_p': 1.0, 'max_tokens': 2048}
1 options {'temperature': 0.5, 'n': 8, 'top_p': 1.0, 'max_tokens': 150}
Error code: 429 - {'error': {'message': 'invalid request error trace_id: 96917400f41c72aee899423db89cdcc9 (request id: 20260615235947891209540wf8sg3f)', 'type': 'bad_response_status_code', 'param': '', 'code': 'bad_response_status_code'}}
1 options {'temperature': 0.5, 'n': 8, 'top_p': 1.0, 'max_tokens': 150}
Error code: 429 - {'error': {'message': 'invalid request error trace_id: 305890caa810e10983933aa6b4dce0f9 (request id: 20260616000105677208586Pr9Po0na)', 'type': 'bad_response_status_code', 'param': '', 'code': 'bad_response_status_code'}}
1 options {'temperature': 0.5, 'n': 8, 'top_p': 1.0, 'max_tokens': 150}
Error code: 429 - {'error': {'message': 'invalid request error trace_id: bfd13aadbe3931b6108b60c7ca0db689 (request id: 20260616000216890842513co7RFfb1)', 'type': 'bad_response_status_code', 'param': '', 'code': 'bad_response_status_code'}}
1 options {'temperature': 0.5, 'n': 8, 'top_p': 1.0, 'max_tokens': 150}
Error code: 429 - {'error': {'message': 'invalid request error trace_id: 9d58292b06e1ce2ed6267faa012aadee (request id: 20260616000332991183414xX41gHg0)', 'type': 'bad_response_status_code', 'param': '', 'code': 'bad_response_status_code'}}
FV-chain.py-_dynamic_chain_exec_with_cache_mp_core Error in test-20: too many retry times
1 options {'temperature': 0.0, 'n': 1, 'top_p': 1.0, 'max_tokens': 2048}
1 options {'temperature': 0.5, 'n': 8, 'top_p': 1.0, 'max_tokens': 150}
Error code: 429 - {'error': {'message': 'invalid request error trace_id: 1987e6d5d47084c79bba57fb274e61db (request id: 202606160004406786184466HxO0Dzm)', 'type': 'bad_response_status_code', 'param': '', 'code': 'bad_response_status_code'}}
1 options {'temperature': 0.5, 'n': 8, 'top_p': 1.0, 'max_tokens': 150}
Error code: 429 - {'error': {'message': 'invalid request error trace_id: ba938ead70e5616ec89a91c5e7baa3a0 (request id: 20260616000557638696697kvJtiI2p)', 'type': 'bad_response_status_code', 'param': '', 'code': 'bad_response_status_code'}}
1 options {'temperature': 0.5, 'n': 8, 'top_p': 1.0, 'max_tokens': 150}
Error code: 429 - {'error': {'message': 'invalid request error trace_id: a4d6a751492f837ab20265bdd6cec926 (request id: 2026061600071682835425bfByormf)', 'type': 'bad_response_status_code', 'param': '', 'code': 'bad_response_status_code'}}
1 options {'temperature': 0.5, 'n': 8, 'top_p': 1.0, 'max_tokens': 150}
Error code: 429 - {'error': {'message': 'invalid request error trace_id: c51b858e84b1931a2af5a1cb9794643f (request id: 20260616000830740983841twsQfS3c)', 'type': 'bad_response_status_code', 'param': '', 'code': 'bad_response_status_code'}}
FV-chain.py-_dynamic1 options {'temperature': 0.0, 'n': 1, 'top_p': 1.0, 'max_tokens': 2041 options {'temperature': 0.0, 'n': 1, 'top_p': 1.0, 'max_tokens': 2048}
1 options {'temperature': 0.5, 'n': 8, 'top_p': 1.0, 'max_tokens': 150}
Error code: 429 - {'e1 options {'temperature': 0.0, 'n': 1, 'top_p': 1.0, 'max_tokens': 2048}
<html>
<head><title>504 Gateway Time-out</title></head>
<body>
<center><h1>504 Gateway Time-out</h1></center>
<hr><center>openresty</center>
</body>
</html>
1 options {'temperature': 0.0, 'n': 1, 'top_p': 1.0, 'max_tokens': 2048}
<html>
<head><title>504 Gateway Time-out</title></head>
<body>
<center><h1>504 Gateway Time-out</h1></center>
<hr><center>openresty</center>
</body>
</html>
1 options {'temperature': 0.0, 'n': 1, 'top_p': 1.0, 'max_tokens': 2048}
1 options {'temperature': 0.5, 'n': 8, 'top_p': 1.0, 'max_tokens': 150}
Error code: 429 - {'error': {'message': 'invalid request error trace_id: ba3a3ab3ff3fcbbe1bdb86e338860759 (request id: 202606160019561654362xfM2DKfK)', 'type': 'bad_response_status_code', 'param': '', 'code': 'bad_response_status_code'}}
1 options {'temperature': 0.5, 'n': 8, 'top_p': 1.0, 'max_tokens': 150}
Error code: 429 - {'error': {'message': 'invalid request error trace_id: 4fc6d76acd2fce672988eff0d1ba018a (request id: 20260616002109540498544AQT7sK2v)', 'type': 'bad_response_status_code', 'param': '', 'code': 'bad_response_status_code'}}
1 options {'temperature': 0.5, 'n': 8, 'top_p': 1.0, 'max_tokens': 150}
Error code: 429 - {'error': {'message': 'invalid request error trace_id: 4c68502853afb1bb8a1027a8711e85a6 (request id: 20260616002222638355092BaFXdpqG)', 'type': 'bad_response_status_code', 'param': '', 'code': 'bad_response_status_code'}}
1 options {'temperature': 0.5, 'n': 8, 'top_p': 1.0, 'max_tokens': 150}
Error code: 429 - {'error': {'message': 'invalid request error trace_id: c38858c0fa5d3418c927bbcf1647a057 (request id: 20260616002338574404352ddCjXjn9)', 'type': 'bad_response_status_code', 'param': '', 'code': 'bad_response_status_code'}}
FV-chain.py-_dynamic_chain_exec_with_cache_mp_core Error in test-23: too many retry times
Dynamic chain execution:   1%|          | 21/2024 [3:20:09<287:49:54, 517.32s/it]1 options {'temperature': 0.0, 'n': 1, 'top_p': 1.0, 'max_tokens': 2048}
<html>
<head><title>504 Gateway Time-out</title></head>
<body>
<center><h1>504 Gateway Time-out</h1></center>
<hr><center>openresty</center>
</body>
</html>
1 options {'temperature': 0.0, 'n': 1, 'top_p': 1.0, 'max_tokens': 2048}
<html>
<head><title>504 Gateway Time-out</title></head>
<body>
<center><h1>504 Gateway Time-out</h1></center>
<hr><center>openresty</center>
</body>
</html>
1 options {'temperature': 0.0, 'n': 1, 'top_p': 1.0, 'max_tokens': 2048}
<html>
<head><title>504 Gateway Time-out</title></head>
<body>
<center><h1>504 Gateway Time-out</h1></center>
<hr><center>openresty</center>
</body>
</html>
1 options {'temperature': 0.0, 'n': 1, 'top_p': 1.0, 'max_tokens': 2048}
1 options {'temperature': 0.5, 'n': 8, 'top_p': 1.0, 'max_tokens': 150}
Error code: 429 - {'error': {'message': 'invalid request error trace_id: 3f39f169a03661d4a8a61eb264f740a8 (request id: 20260616003654560864682jYsBkOlt)', 'type': 'bad_response_status_code', 'param': '', 'code': 'bad_response_status_code'}}
1 options {'temperature': 0.5, 'n': 8, 'top_p': 1.0, 'max_tokens': 150}
Error code: 429 - {'error': {'message': 'invalid request error trace_id: 1f542026a1ad6fb8be19b2dcdbd0c9a1 (request id: 20260616003806152351612c6UolwI2)', 'type': 'bad_response_status_code', 'param': '', 'code': 'bad_response_status_co1 options {'temperature': 0.0, 'n': 1, 'top_p': 1.0, 'max_tokens': 2048}
1 options {'temperature': 0.0, 'n': 1, 'top_p': 1.0, 'max_tokens': 150}
1 options {'temperature': 0, 'n': 1, 'top_p': 1.0, 'max_tokens': 150}
1 options {'temperature': 0, 'n': 1, 'top_p': 1.0, 'max_tokens': 150}
1 options {'temperature': 0, 'n': 1, 'top_p': 1.0, 'max_tokens': 150}
1 options {'temperature': 0, 'n': 1, 'top_p': 1.0, 'max_tokens': 150}
1 options {'temperature': 0, 'n': 1, 'top_p': 1.0, 'max_tokens': 150}
1 options {'temperature': 0, 'n': 1, 'top_p': 1.0, 'max_tokens': 150}
1 options {'temperature': 0, 'n': 1, 'top_p': 1.0, 'max_tokens': 150}
1 options {'temperature': 0, 'n': 1, 'top_p': 1.0, 'max_tokens': 150}
1 options {'temperature': 0, 'n': 1, 'top_p': 1.0, 'max_tokens': 150}
1 options {'temperature': 0, 'n': 1, 'top_p': 1.0, 'max_tokens': 150}
1 options {'temperature': 0.0, 'n': 1, 'top_p': 1.0, 'max_tokens': 2048}
1 options {'temperature': 0.5, 'n': 8, 'top_p': 1.0, 'max_tokens': 150}
Error code: 429 - {'error': {'message': 'invalid request error trace_id: 2efd275e5ddc188f89011391d73f55b1 (request 1 options {'temperature': 0.5, 'n': 8, 'top_p': 1.0, 'max_tokens': 150}
Error code: 429 - {'error': {'message': 'invalid requ1 options {'temperature': 0.5, 'n': 8, 'top_p': 1.0, 'max_tokens': 150}
Error code: 429 - {'error': {'message': 'invalid request error trace_id: f0eeafec80436a0a79df8cab9d6dd285 (request 1 options {'temperature': 0.5, 'n': 8, 'top_p': 1.0, 'max_tokens': 150}
Error code: 429 - {'error': {'message': 'invalid requ1 options {'temperature': 0.5, 'n': 8, 'top_p': 1.0, 'max_tokens': 150}
Error code: 429 - {'error': {'message': 'invalid request error trace_id: 4ac4bb472ee5ee13dcf48e6009af21e4 (request1 options {'temperature': 0.5, 'n': 8, 'top_p': 1.0, 'max_tokens': 150}
Error code: 429 - {'error': {'message': 'invalid reque1 options {'temperature': 0.5, 'n': 8, 'top_p': 1.0, 'max_tokens': 150}
Error code: 429 - {'error': {'message': 'invalid request error trace_id: ed9bba330891d42febfadc8d6171bfb1 (request id: 20260616004602747592975xg2suiFZ)', 'type': 'bad_response_status_code', 'param': '', 1 options {'temperature': 0.0, 'n': 1, 'top_p': 1.0, 'max_tokens': 2048}
<html>
<head><title>504 Gateway Time-out</title></head>
<body>
<center><h1>504 Gateway Time-out</h1></center>
<hr><center>openresty</center>
</body>
</html>
1 options {'temperature': 0.0, 'n': 1, 'top_p': 1.0, 'max_tokens': 2048}
<html>
<head><title>504 Gateway Time-out</title></head>
<body>
<center><h1>504 Gateway Time-out</h1></center>
<hr><center>openresty</center>
</body>
</html>
1 options {'temperature': 0.0, 'n': 1, 'top_p': 1.0, 'max_tokens': 2048}
<html>
<head><title>504 Gateway Time-out</title></head>
<body>
<center><h1>504 Gateway Time-out</h1></center>
<hr><center>openresty</center>
</body>
</html>
1 options {'temperature': 0.0, 'n': 1, 'top_p': 1.0, 'max_tokens': 2048}
1 options {'temperature': 0.5, 'n': 8, 'top_p': 1.0, 'max_tokens': 150}
Error code: 429 - {'error': {'message': 'invalid request error trace_id: 7c614e68cb9808ed77f49d8fdb309e37 (request id: 20260616005830813168824uL9uFHGD)', 'type': 'bad_response_status_code', 'param': '', 'code': 'bad_response_status_code'}}
1 options {'temperature': 0.5, 'n': 8, 'top_p': 1.0, 'max_tokens': 150}
Error code: 429 - {'error': {'message': 'invalid request error trace_id: 7b5c432ed855d0da15d26d454fffc778 (request id: 20260616005949367113153dnn17emW)', 'type': 'bad_response_status_code', 'param': '', 'code': 'bad_response_status_code'}}
1 options {'temperature': 0.5, 'n': 8, 'top_p': 1.0, 'max_tokens': 150}
Error code: 429 - {'error': {'message': 'invalid request error trace_id: 78e6c369c9f9cb797b27caebdf3e0ce4 (request id: 20260616010107994545258FxU2IXu7)', 'type': 'bad_response_status_code', 'param': '', 'code': 'bad_response_status_code'}}
1 options {'temperature': 0.5, 'n': 8, 'top_p': 1.0, 'max_tokens': 150}
Error code: 429 - {'error': {'message': 'invalid request error trace_id: dbe4f275b0409e506e6f389e98938fb4 (request id: 20260616010221790502610DG7ZWfHy)', 'type': 'bad_response_status_code', 'param': '', 'code': 'bad_response_status_code'}}
FV-chain.py-_dynamic_chain_exec_with_cache_mp_core Error in test-26: too many retry times
1 options {'temperature': 0.0, 'n': 1, 'top_p': 1.0, 'max_tokens': 2048}
1 options {'temperature': 0.5, 'n': 8, 'top_p': 1.0, 'max_tokens': 150}
Error code: 429 - {'error': {'message': 'invalid request error trace_id: 2571c067393c3b03a4105f21d75b5452 (request id: 2026061601033030707069p61ZgZPI)', 'type': 'bad_response_status_code', 'param': '', 'code': 'bad_response_status_code'}}
1 options {'temperature': 0.5, 'n': 8, 'top_p': 1.0, 'max_tokens': 150}
Error code: 429 - {'error': {'message': 'invalid request error trace_id: ee5d1ec10ed440d542f23ccf5321d336 (request id: 202606160104442875623qXodBbgD)', 'type': 'bad_response_status_code', 'param': '', 'code': 'bad_response_status_code'}}
1 options {'temperature': 0.5, 'n': 8, 'top_p': 1.0, 'max_tokens': 150}
Error code: 429 - {'error': {'message': 'invalid request error trace_id: 9cf4e26555e8e9ec56d2906879826806 (request id: 20260616010602973604189yFn7WVh3)', 'type': 'bad_response_status_code', 'param': '', 'code': 'bad_response_status_code'}}
1 options {'temperature': 0.5, 'n': 8, 'top_p': 1.0, 'max_tokens': 150}
Error code: 429 - {'error': {'message': 'invalid request error trace_id: 5c5f044a2cc79a5fc8116a28ba20dfae (request id: 20260616010716969202199XXmpV0f9)', 'type': 'bad_response_status_code', 'param': '', 'code': 'bad_response_status_code'}}
FV-chain.py-_dynamic_chain_exec_with_cache_mp_core Error in test-27: too many retry times
Dynamic chain execution:   1%|          | 25/2024 [4:03:48<312:57:08, 563.60s/it]1 options {'temperature': 0.0, 'n': 1, 'top_p': 1.0, 'max_tokens': 2048}
1 options {'temperature': 0.5, 'n': 8, 'top_p': 1.0, 'max_tokens': 150}
Error code: 429 - {'error': {'message': 'invalid request error trace_id: e49f7c5edd611e5c253de205e2865714 (request id: 20260616010927586521161sOfOLUTD)', 'type': 'bad_response_status_code', 'param': '', 'code': 'bad_response_status_code'}}
1 options {'temperature': 0.5, 'n': 8, 'top_p': 1.0, 'max_tokens': 150}
Error code: 429 - {'error': {'message': 'invalid request error trace_id: 9084c71b40fbc589026b7e7c2e65a800 (request id: 20260616011043745628310WVeVB5YP)', 'type': 'bad_response_status_code', 'param': '', 'code': 'bad_response_status_code'}}
1 options {'temperature': 0.5, 'n': 8, 'top_p': 1.0, 'max_tokens': 150}
Error code: 429 - {'error': {'message': 'invalid request error trace_id: 338a22581bae216b16b0fc403ae2c4f5 (request id: 20260616011159741014557LmjKD2cG)', 'type': 'bad_response_status_code', 'param': '', 'code': 'bad_response_status_code'}}
1 options {'temperature': 0.5, 'n': 8, 'top_p': 1.0, 'max_tokens': 150}
Error code: 429 - {'error': {'message': 'invalid request error trace_id: 43fc8bbaf8240a5e6161deb00e7ad6aa (request id: 20260616011315951068937CeXmvh4V)', 'type': 'bad_response_status_code', 'param': '', 'code': 'bad_response_status_code'}}
FV-chain.py-_dynamic_chain_exec_with_cache_mp_core Error in test-28: too many retry times
1 options {'temperature': 0.0, 'n': 1, 'top_p': 1.0, 'max_tokens': 2048}
1 options {'temperature': 0.5, 'n': 8, 'top_p': 1.0, 'max_tokens': 150}
Error code: 429 - {'error': {'message': 'invalid request error trace_id: ed97815d3f9f1f4601e40307b227051a (request id: 20260616011420876561302aXRsfKDL)', 'type': 'bad_response_status_code', 'param': '', 'code': 'bad_response_status_code'}}
1 options {'temperature': 0.5, 'n': 8, 'top_p': 1.0, 'max_tokens': 150}
Error code: 429 - {'error': {'message': 'invalid request error trace_id: 8ee9b1457d252b50abbe22f02ade8680 (request id: 20260616011531829540522M95g56kC)', 'type': 'bad_response_status_code', 'param': '', 'code': 'bad_response_status_code'}}
1 options {'temperature': 0.5, 'n': 8, 'top_p': 1.0, 'max_tokens': 150}
Error code: 429 - {'error': {'message': 'invalid request error trace_id: 8ad35764d9cef2fe7583c62aa4e1fb10 (request id: 20260616011648976702148KDlzJ3qT)', 'type': 'bad_response_status_code', 'param': '', 'code': 'bad_response_status_code'}}
1 options {'temperature': 0.5, 'n': 8, 'top_p': 1.0, 'max_tokens': 150}
Error code: 429 - {'error': {'message': 'invalid request error trace_id: 2d67b58d851d05feaf9f2665dc68348b (request id: 20260616011808653304039KPKfJmEo)', 'type': 'bad_response_status_code', 'param': '', 'code': 'bad_response_status_code'}}
FV-chain.py-_dynamic_chain_exec_with_cache_mp_core Error in test-29: too many retry times
1 options {'temperature': 0.0, 'n': 1, 'top_p': 1.0, 'max_tokens': 2048}
1 options {'temperature': 0.5, 'n': 8, 'top_p': 1.0, 'max_tokens': 150}
Error code: 429 - {'error': {'message': 'invalid request error trace_id: 8db15175a92aa671fa7ec49f3b65aa29 (request id: 20260616011910356718364j8MS5NFb)', 'type': 'bad_response_status_code', 'param': '', 'code': 'bad_response_status_code'}}
1 options {'temperature': 0.5, 'n': 8, 'top_p': 1.0, 'max_tokens': 150}
Error code: 429 - {'error': {'message': 'invalid request error trace_id: 785c34507888f1ebf201046d4a1f59f5 (request id: 202606160120262810868432digwuxb)', 'type': 'bad_response_status_code', 'param': '', 'code': 'bad_response_status_code'}}
1 options {'temperature': 0.5, 'n': 8, 'top_p': 1.0, 'max_tokens': 150}
Error code: 429 - {'error': {'message': 'invalid request error trace_id: 1d2d7f03f377517f739d445b7e7f4f14 (request id: 202606160121394711694236l8RqNRs)', 'type': 'bad_response_status_code', 'param': '', 'code': 'bad_response_status_code'}}
1 options {'temperature': 0.5, 'n': 8, 'top_p': 1.0, 'max_tokens': 150}
Error code: 429 - {'error': {'message': 'invalid request error trace_id: 3342ebd2fa8f91e17d88a7e6d08d29bf (request id: 20260616012258666711121d2iDOkOZ)', 'type': 'bad_response_status_code', 'param': '', 'code': 'bad_response_status_code'}}
FV-chain.py-_dynamic_chain_exec_with_cache_mp_core Error in test-30: too many retry times
1 options {'temperature': 0.0, 'n': 1, 'top_p': 1.0, 'max_tokens': 2048}
<html>
<head><title>504 Gateway Time-out</title></head>
<body>
<center><h1>504 Gateway Time-out</h1></center>
<hr><center>openresty</center>
</body>
</html>
1 options {'temperature': 0.0, 'n': 1, 'top_p': 1.0, 'max_tokens': 2048}
<html>
<head><title>504 Gateway Time-out</title></head>
<body>
<center><h1>504 Gateway Time-out</h1></center>
<hr><center>openresty</center>
</body>
</html>
1 options {'temperature': 0.0, 'n': 1, 'top_p': 1.0, 'max_tokens': 2048}
<html>
<head><title>504 Gateway Time-out</title></head>
<body>
<center><h1>504 Gateway Time-out</h1></center>
<hr><center>openresty</center>
</body>
</html>
1 options {'temperature': 0.0, 'n': 1, 'top_p': 1.0, 'max_tokens': 2048}
<html>
<head><title>504 Gateway Time-out</title></head>
<body>
<center><h1>504 Gateway Time-out</h1></center>
<hr><center>openresty</center>
</body>
</html>
FV-chain.py-_dynamic_chain_exec_with_cache_mp_core Error in test-31: too many retry times
Dynamic chain execution:   1%|▏         | 29/2024 [4:34:34<293:56:44, 530.43s/it]1 options {'temperature': 0.0, 'n': 1, 'top_p': 1.0, 'max_tokens': 2048}
1 options {'temperature': 0.5, 'n': 8, 'top_p': 1.0, 'max_tokens': 150}
Error code: 429 - {'error': {'message': 'invalid request error trace_id: 8f9a1fe9fc328a50496a26f1c0fbc76b (request id: 20260616013904281177357aNDgOLb9)', 'type': 'bad_response_status_code', 'param': '', 'code': 'bad_response_status_code'}}
1 options {'temperature': 0.5, 'n': 8, 'top_p': 1.0, 'max_tokens': 150}
Error code: 429 - {'error': {'message': 'invalid request error trace_id: ff7d5eb7b68dea667f86a256b90c3be6 (request id: 20260616014019133546625jTwOxpQ6)', 'type': 'bad_response_status_code', 'param': '', 'code': 'bad_response_status_code'}}
1 options {'temperature': 0.5, 'n': 8, 'top_p': 1.0, 'max_tokens': 150}
Error code: 429 - {'error': {'message': 'invalid request error trace_id: 28180eeee781880e07dc5ff0c6bc9a7e (request id: 20260616014132134780259TxLfRUwK)', 'type': 'bad_response_status_code', 'param': '', 'code': 'bad_response_status_code'}}
1 options {'temperature': 0.5, 'n': 8, 'top_p': 1.0, 'max_tokens': 150}
Error code: 429 - {'error': {'message': 'invalid request error trace_id: ac28d64d765e76d1729ed1f1318d96e6 (request id: 20260616014249350326303a4ztlFQO)', 'type': 'bad_response_status_code', 'param': '', 'code': 'bad_response_status_code'}}
FV-chain.py-_dynamic_chain_exec_with_cache_mp_core Error in test-32: too many retry times
1 options {'temperature': 0.0, 'n': 1, 'top_p': 1.0, 'max_tokens': 2048}
<html>
<head><title>504 Gateway Time-out</title></head>
<body>
<center><h1>504 Gateway Time-out</h1></center>
<hr><center>openresty</center>
</body>
</html>
1 options {'temperature': 0.0, 'n': 1, 'top_p': 1.0, 'max_tokens': 2048}
1 options {'temperature': 0.5, 'n': 8, 'top_p': 1.0, 'max_tokens': 150}
Error code: 429 - {'error': {'message': 'invalid request error trace_id: bf150db5932b8bee8cffb64197acb02b (request id: 20260616015005873944751T0l4vsue)', 'type': 'bad_response_status_code', 'param': '', 'code': 'bad_response_status_code'}}
1 options {'temperature': 0.5, 'n': 8, 'top_p': 1.0, 'max_tokens': 150}
Error code: 429 - {'error': {'message': 'invalid request error trace_id: 01db249b9e78ca0662c3f994fae1346c (request id: 20260616015116562827291KQ0FgEem)', 'type': 'bad_response_status_code', 'param': '', 'code': 'bad_response_status_code'}}
1 options {'temperature': 0.5, 'n': 8, 'top_p': 1.0, 'max_tokens': 150}
Error code: 429 - {'error': {'message': 'invalid request error trace_id: dd1cb6102a2437e6132cf242fa79db47 (request id: 2026061601522971727116612reBziJ)', 'type': 'bad_response_status_code', 'param': '', 'code': 'bad_response_status_code'}}
1 options {'temperature': 0.5, 'n': 8, 'top_p': 1.0, 'max_tokens': 150}
Error code: 429 - {'error': {'message': 'invalid request error trace_id: 959f97a7506237a20d786301380cf4e0 (request id: 2026061601534068031222WjqCB1GJ)', 'type': 'bad_response_status_code', 'param': '', 'code': 'bad_response_status_code'}}
FV-chain.py-_dynamic_chain_exec_with_cache_mp_core Error in test-33: too many retry times
1 options {'temperature': 0.0, 'n': 1, 'top_p': 1.0, 'max_tokens': 2048}
1 options {'temperature': 0.5, 'n': 8, 'top_p': 1.0, 'max_tokens': 150}
Error code: 429 - {'error': {'message': 'invalid request error trace_id: 05d203606d5b9cfa3c2fbbb238a5a19d (request id: 20260616015546803068499kd2vGfrL)', 'type': 'bad_response_status_code', 'param': '', 'code': 'bad_response_status_code'}}
1 options {'temperature': 0.5, 'n': 8, 'top_p': 1.0, 'max_tokens': 150}
Error code: 429 - {'error': {'message': 'invalid request error trace_id: 2dfc9089e3d6745ab65073083749939f (request id: 20260616015657215842453WoQFsa5x)', 'type': 'bad_response_status_code', 'param': '', 'code': 'bad_response_status_code'}}
1 options {'temperature': 0.5, 'n': 8, 'top_p': 1.0, 'max_tokens': 150}
Error code: 429 - {'error': {'message': 'invalid request error trace_id: c50a73c6a8c768a317389d75bf41409d (request id: 20260616015811534709353v0sLFqDZ)', 'type': 'bad_response_status_code', 'param': '', 'code': 'bad_response_status_code'}}
1 options {'temperature': 0.5, 'n': 8, 'top_p': 1.0, 'max_tokens': 150}
Error code: 429 - {'error': {'message': 'invalid request error trace_id: f32168ec9bb880abdfd83eea69d36b82 (request id: 20260616015924462915712IJ9PlAgH)', 'type': 'bad_response_status_code', 'param': '', 'code': 'bad_response_status_code'}}
FV-chain.py-_dynamic_chain_exec_with_cache_mp_core Error in test-34: too many retry times
1 options {'temperature': 0.0, 'n': 1, 'top_p': 1.0, 'max_tokens': 2048}
1 options {'temperature': 0.5, 'n': 8, 'top_p': 1.0, 'max_tokens': 150}
Error code: 429 - {'error': {'message': 'invalid request error trace_id: aef453aa390d941b0b81f9429a12e7f9 (request id: 20260616020027475528092eZZPWPpC)', 'type': 'bad_response_status_code', 'param': '', 'code': 'bad_response_status_code'}}
1 options {'temperature': 0.5, 'n': 8, 'top_p': 1.0, 'max_tokens': 150}
Error code: 429 - {'error': {'message': 'invalid request error trace_id: 86c803e2ead5bc2b4bc07e7a86739093 (request id: 20260616020140369267710iSecIEnE)', 'type': 'bad_response_status_code', 'param': '', 'code': 'bad_response_status_code'}}
1 options {'temperature': 0.5, 'n': 8, 'top_p': 1.0, 'max_tokens': 150}
Error code: 429 - {'error': {'message': 'invalid request error trace_id: 171651b0a7fcbdab4d8cc199250e662e (request id: 20260616020252561380418qA4wDF7w)', 'type': 'bad_response_status_code', 'param': '', 'code': 'bad_response_status_code'}}
1 options {'temperature': 0.5, 'n': 8, 'top_p': 1.0, 'max_tokens': 150}
Error code: 429 - {'error': {'message': 'invalid request error trace_id: 0ef07b88042f13cc04a9f37753ce6b7b (request id: 202606160204043349657190dlA8pnj)', 'type': 'bad_response_status_code', 'param': '', 'code': 'bad_response_status_code'}}
FV-chain.py-_dynamic_chain_exec_with_cache_mp_core Error in test-35: too many retry times
Dynamic chain execution:   2%|▏         | 33/2024 [5:00:32<268:39:48, 485.78s/it]1 options {'temperature': 0.0, 'n': 1, 'top_p': 1.0, 'max_tokens': 2048}
1 options {'temperature': 0.5, 'n': 8, 'top_p': 1.0, 'max_tokens': 150}
Error code: 429 - {'error': {'message': 'invalid request error trace_id: 2c7efa718f9cc7b2f86b048717b6d585 (request id: 20260616020508559854763R1laCLrQ)', 'type': 'bad_response_status_code', 'param': '', 'code': 'bad_response_status_code'}}
1 options {'temperature': 0.5, 'n': 8, 'top_p': 1.0, 'max_tokens': 150}
Error code: 429 - {'error': {'message': 'invalid request error trace_id: b5cd72fa729e2213c7e29984ebecf162 (request id: 20260616020624548243412tLLkI0GA)', 'type': 'bad_response_status_code', 'param': '', 'code': 'bad_response_status_code'}}
1 options {'temperature': 0.5, 'n': 8, 'top_p': 1.0, 'max_tokens': 150}
Error code: 429 - {'error': {'message': 'invalid request error trace_id: 00caac0c47c120e2fecdd9c7dc20dff0 (request id: 20260616020737189210875Bd5XbpPA)', 'type': 'bad_response_status_code', 'param': '', 'code': 'bad_response_status_code'}}
1 options {'temperature': 0.5, 'n': 8, 'top_p': 1.0, 'max_tokens': 150}
Error code: 429 - {'error': {'message': 'invalid request error trace_id: f2d6c7068ff0d7a90f44c59f6bc1a3ee (request id: 20260616020849216580430FmtufYak)', 'type': 'bad_response_status_code', 'param': '', 'code': 'bad_response_status_code'}}
FV-chain.py-_dynamic_chain_exec_with_cache_mp_core Error in test-36: too many retry times
1 options {'temperature': 0.0, 'n': 1, 'top_p': 1.0, 'max_tokens': 2048}
1 options {'temperature': 0.5, 'n': 8, 'top_p': 1.0, 'max_tokens': 150}
Error code: 429 - {'error': {'message': 'invalid request error trace_id: 435a6eb48772abe2baff89737e1a8ff8 (request id: 202606160209517600228836t4N7rGd)', 'type': 'bad_response_status_code', 'param': '', 'code': 'bad_response_status_code'}}
1 options {'temperature': 0.5, 'n': 8, 'top_p': 1.0, 'max_tokens': 150}
Error code: 429 - {'error': {'message': 'invalid request error trace_id: 12e1f5f29c33515a365fb8d6f4ac1c8d (request id: 202606160211017312264763RZZWSfQ)'1 options {'temperature': 0.0, 'n': 1, 'top_p': 1.0, 'max_tokens': 2048}
1 options {'tem1 options {'temperature': 0.5, 'n': 8, 'top_p': 1.0, 'max_tokens': 150}
Error code: 429 - {'error': {'message': 'invalid request error trace_id: de6e8575cf98002ad0ee18bc91a2779f (request id: 20260616021216154755260MKqKDacn)', 'type': 'bad_response_status_code', 'param': '', 'code': 'bad_response_1 options {'tem1 options {'temperature': 0.5, 'n': 8, 'top_p': 1.0, 'max_tokens': 150}
Error code: 429 - {'error': {'message': 'invalid request error trace_id: 1f676de6eff722f1faf6bc6a0487b0f9 (request id: 202606160213248277462804PgeHXm3)', 'type': 'bad_response_status_code', 'param': '', 'code': 'bad_response_1 options {'temperature': 0.5, 'n': 8, 'top_p': 1.0, 'max_tokens': 150}
Error code: 429 - {'error': {'mes1 options {'temperature': 0.0, 'n': 1, 'top_p': 1.0, 'max_tokens': 2048}
<html>
<head><title>504 Gateway Time-out</title></head>
<body>
<center><h1>504 Gateway Time-out</h1></center>
<hr><center>openresty</center>
</body>
</html>
1 options {'temperature': 0.0, 'n': 1, 'top_p': 1.0, 'max_tokens': 2048}
1 options {'temperature': 0.5, 'n': 8, 'top_p': 1.0, 'max_tokens': 150}
Error code: 429 - {'error': {'message': 'invalid request error trace_id: 9b9c54309e902aa93db7b7fbe95b9f3e (request id: 20260616021834144194796RAzz0k5g)', 'type': 'bad_response_status_code', 'param': '', 'code': 'bad_response_status_code'}}
1 options {'temperature': 0.5, 'n': 8, 'top_p': 1.0, 'max_tokens': 150}
Error code: 429 - {'error': {'message': 'invalid request error trace_id: 543fca769e6bdd8b48abe7333d8b33cc (request id: 20260616021942956482172RvZeEia7)', 'type': 'bad_response_status_code', 'param': '', 'code': 'bad_response_status_code'}}
1 options {'temperature': 0.5, 'n': 8, 'top_p': 1.0, 'max_tokens': 150}
Error code: 429 - {'error': {'message': 'invalid request error trace_id: 6c1c4aa24ebf7111ea0bc6baa34aea6e (request id: 202606160220518892309290UT9g1ii)', 'type': 'bad_response_status_code', 'param': '', 'code': 'bad_response_status_code'}}
1 options {'temperature': 0.5, 'n': 8, 'top_p': 1.0, 'max_tokens': 150}
Error code: 429 - {'error': {'message': 'invalid request error trace_id: 2e62ef48952a8e87eff5b153fcabbe8d (request id: 20260616022200295111932wnUBxfYE)', 'type': 'bad_response_status_code', 'param': '', 'code': 'bad_response_status_code'}}
FV-chain.py-_dynamic_chain_exec_with_cache_mp_core Error in test-38: too many retry times
1 options {'temperature': 0.0, 'n': 1, 'top_p': 1.0, 'max_tokens': 2048}
1 options {'temperature': 0.5, 'n': 8, 'top_p': 1.0, 'max_tokens': 150}
Error code: 429 - {'error': {'message': 'invalid request error trace_id: ae90288b440281bcbeebd1e775fd0716 (request id: 20260616022406414644186nv3Tkzdk)', 'type': 'bad_response_status_code', 'param': '', 'code': 'bad_response_status_code'}}
1 options {'temperature': 0.5, 'n': 8, 'top_p': 1.0, 'max_tokens': 150}
Error code: 429 - {'error': {'message': 'invalid request error trace_id: 09d0409843429d54350d64fc6d8f2793 (request id: 20260616022514763178971i3w3Bymv)', 'type': 'bad_response_status_code', 'param': '', 'code': 'bad_response_status_code'}}
1 options {'temperature': 0.5, 'n': 8, 'top_p': 1.0, 'max_tokens': 150}
Error code: 429 - {'error': {'message': 'invalid request error trace_id: 2e792b98ceea19307b322f69669d8409 (request id: 20260616022623470836845yPOutMA0)', 'type': 'bad_response_status_code', 'param': '', 'code': 'bad_response_status_code'}}
1 options {'temperature': 0.5, 'n': 8, 'top_p': 1.0, 'max_tokens': 150}
Error code: 429 - {'error': {'message': 'invalid request error trace_id: 986931c22b5290b9f620469fb2359f78 (request id: 2026061602273355319838351bAjLio)', 'type': 'bad_response_status_code', 'param': '', 'code': 'bad_response_status_code'}}
FV-chain.py-_dynamic_chain_exec_with_cache_mp_core Error in test-39: too many retry times
Dynamic chain execution:   2%|▏         | 37/2024 [5:24:03<245:14:56, 444.34s/it]1 options {'temperature': 0.0, 'n': 1, 'top_p': 1.0, 'max_tokens': 2048}
1 options {'temperature': 0.5, 'n': 8, 'top_p': 1.0, 'max_tokens': 150}
Error code: 429 - {'error': {'message': 'invalid request error trace_id: 362c66aac99538cace558b94cdb31439 (request id: 20260616022842489961498XRpbEUY5)', 'type': 'bad_response_status_code', 'param': '', 'code': 'bad_response_status_code'}}
1 options {'temperature': 0.5, 'n': 8, 'top_p': 1.0, 'max_tokens': 150}
Error code: 429 - {'error': {'message': 'invalid request error trace_id: bb91817de3aa70029f7ba4fc2bd4432d (request id: 202606160229525850991948ox2cBPa)', 'type': 'bad_response_status_code', 'param': '', 'code': 'bad_response_status_code'}}
1 options {'temperature': 0.5, 'n': 8, 'top_p': 1.0, 'max_tokens': 150}
Error code: 429 - {'error': {'message': 'invalid request error trace_id: ff7716212c0cc0a30f634d1a20bcb5cc (request id: 2026061602310287797561xxY0nZNT)', 'type': 'bad_response_status_code', 'param': '', 'code': 'bad_response_status_code'}}
1 options {'temperature': 0.5, 'n': 8, 'top_p': 1.0, 'max_tokens': 150}
Error code: 429 - {'error': {'message': 'invalid request error trace_id: 908bfc17674d3307ecba7180e59ae4fd (request id: 20260616023210720898310ebjv0beC)', 'type': 'bad_response_status_code', 'param': '', 'code': 'bad_response_status_code'}}
FV-chain.py-_dynamic_chain_exec_with_cache_mp_core Error in test-40: too many retry times
1 options {'temperature': 0.0, 'n': 1, 'top_p': 1.0, 'max_tokens': 2048}
1 options {'temperature': 0.5, 'n': 8, 'top_p': 1.0, 'max_tokens': 150}
Error code: 429 - {'error': {'message': 'invalid request error trace_id: 38a89c6008d95e79082fa5d63020fe75 (request id: 20260616023314535221579DnXu2h1i)', 'type': 'bad_response_status_code', 'param': '', 'code': 'bad_response_status_code'}}
1 options {'temperature': 0.5, 'n': 8, 'top_p': 1.0, 'max_tokens': 150}
Error code: 429 - {'error': {'message': 'invalid request error trace_id: ea09cc9b9ddc5f2dde2eee6d82ec2f91 (request id: 202606160234237003735646aCykSrP)', 'type': 'bad_response_status_code', 'param': '', 'code': 'bad_response_status_code'}}
1 options {'temperature': 0.5, 'n': 8, 'top_p': 1.0, 'max_tokens': 150}
Error code: 429 - {'error': {'message': 'invalid request error trace_id: c9b94cc841370df3b16d43035be2a318 (request id: 20260616023532433222830nCk1sKDQ)', 'type': 'bad_response_status_code', 'param': '', 'code': 'bad_response_status_code'}}
1 options {'temperature': 0.5, 'n': 8, 'top_p': 1.0, 'max_tokens': 150}
Error code: 429 - {'error': {'message': 'invalid request error trace_id: d68d45179b1fc5644c4ae400728471e2 (request id: 20260616023641696554394aVE0jrU4)', 'type': 'bad_response_status_code', 'param': '', 'code': 'bad_response_status_code'}}
FV-chain.py-_dynamic_chain_exec_with_cache_mp_core Error in test-41: too many retry times
1 options {'temperature': 0.0, 'n': 1, 'top_p': 1.0, 'max_tokens': 2048}
<html>
<head><title>504 Gateway Time-out</title></head>
<body>
<center><h1>504 Gateway Time-out</h1></center>
<hr><center>openresty</center>
</body>
</html>
1 options {'temperature': 0.0, 'n': 1, 'top_p': 1.0, 'max_tokens': 2048}
<html>
<head><title>504 Gateway Time-out</title></head>
<body>
<center><h1>504 Gateway Time-out</h1></center>
<hr><center>openresty</center>
</body>
</html>
1 options {'temperature': 0.0, 'n': 1, 'top_p': 1.0, 'max_tokens': 2048}
<html>
<head><title>504 Gateway Time-out</title></head>
<body>
<center><h1>504 Gateway Time-out</h1></center>
<hr><center>openresty</center>
</body>
</html>
1 options {'temperature': 0.0, 'n': 1, 'top_p': 1.0, 'max_tokens': 2048}
1 options {'temperature': 0.5, 'n': 8, 'top_p': 1.0, 'max_tokens': 150}
Error code: 429 - {'error': {'message': 'invalid request error trace_id: fbea8f8102f7186dcd8ecce4086af241 (request id: 20260616025056149835600jK3OUB3a)', 'type': 'bad_response_status_code', 'param': '', 'code': 'bad_response_status_code'}}
1 options {'temperature': 0.5, 'n': 8, 'top_p': 1.0, 'max_tokens': 150}
Error code: 429 - {'error': {'message': 'rate_limit_exceeded (request id: 20260616025204288461670jg1Bgcx4)', 'type': 'new_api_error', 'param': '', 'code': 'channel_rate_limited'}}
1 options {'temperature': 0.5, 'n': 8, 'top_p': 1.0, 'max_tokens': 150}
Error code: 429 - {'error': {'message': 'invalid request error trace_id: ad9412c70127cea0170868d590940b27 (request id: 2026061602531399086782WvGp0NGT)', 'type': 'bad_response_status_code', 'param': '', 'code': 'bad_response_status_code'}}
1 options {'temperature': 0.5, 'n': 8, 'top_p': 1.0, 'max_tokens': 150}
Error code: 429 - {'error': {'message': 'invalid request error trace_id: 9f617543e847e835883e2eeb59e06acc (request id: 2026061602542312601234049VvzwV7)', 'type': 'bad_response_status_code', 'param': '', 'code': 'bad_response_status_code'}}
FV-chain.py-_dynamic_chain_exec_with_cache_mp_core Error in test-42: too many retry times
1 options {'temperature': 0.0, 'n': 1, 'top_p': 1.0, 'max_tokens': 2048}
1 options {'temperature': 0.5, 'n': 8, 'top_p': 1.0, 'max_tokens': 150}
Error code: 429 - {'error': {'message': 'invalid request error trace_id: 69ed6d7bb7b7795fb7b13525f4085cf8 (request id: 20260616025626844908814ZWUBacjS)', 'type': 'bad_response_status_code', 'param': '', 'code': 'bad_response_status_code'}}
1 options {'temperature': 0.5, 'n': 8, 'top_p': 1.0, 'max_tokens': 150}
Error code: 429 - {'error': {'message': 'invalid request error trace_id: 9c75a6e8a155d4aaa8d8b8e54cf5e788 (request id: 20260616025735988482221uIAeVBXl)', 'type': 'bad_response_status_code', 'param': '', 'code': 'bad_response_status_code'}}
1 options {'temperature': 0.5, 'n': 8, 'top_p': 1.0, 'max_tokens': 150}
Error code: 429 - {'error': {'message': 'invalid request error trace_id: 2cac13cde3ed8d3c4fa68f88d6e480c6 (request id: 20260616025845550314682uW5FiWuu)', 'type': 'bad_response_status_code', 'param': '', 'code': 'bad_response_status_code'}}
1 options {'temperature': 0.5, 'n': 8, 'top_p': 1.0, 'max_tokens': 150}
Error code: 429 - {'error': {'message': 'invalid request error trace_id: 4c18648f3cf15b137b2ccbdf159ddef1 (request id: 20260616025954610408877OjdoCBdu)', 'type': 'bad_response_status_code', 'param': '', 'code': 'bad_response_status_code'}}
FV-chain.py-_dynamic_chain_exec_with_cache_mp_core Error in test-43: too many retry times
Dynamic chain execution:   2%|▏         | 41/2024 [5:56:18<251:26:16, 456.47s/it]1 options {'temperature': 0.0, 'n': 1, 'top_p': 1.0, 'max_tokens': 2048}
1 options {'temperature': 0.5, 'n': 8, 'top_p': 1.0, 'max_tokens': 150}
Error code: 429 - {'error': {'message': 'invalid request error trace_id: 0fedba72bf10315062ebbe9f08f18817 (request id: 20260616030153166790882HveYGcte)', 'type': 'bad_response_status_code', 'param': '', 'code': 'bad_response_status_code'}}
1 options {'temperature': 0.5, 'n': 8, 'top_p': 1.0, 'max_tokens': 150}
Error code: 429 - {'error': {'message': 'invalid request error trace_id: 7c2c871d59e0cc92923cfe65af490c01 (request id: 202606160303032445594016OUBJmGh)', 'type': 'bad_response_status_code', 'param': '', 'code': 'bad_response_status_code'}}
1 options {'temperature': 0.5, 'n': 8, 'top_p': 1.0, 'max_tokens': 150}
Error code: 429 - {'error': {'message': 'invalid request error trace_id: 8120bc19b330a1642b177ad111baf9b6 (request id: 20260616030413316866236QbMyRQPl)', 'type': 'bad_response_status_code', 'param': '', 'code': 'bad_response_status_code'}}
1 options {'temperature': 0.5, 'n': 8, 'top_p': 1.0, 'max_tokens': 150}
Error code: 429 - {'error': {'message': 'invalid request error trace_id: d3c4bc4cc9723bd8c083298d8b5fe667 (request id: 20260616030522649960152ibAZmwVm)', 'type': 'bad_response_status_code', 'param': '', 'code': 'bad_response_status_code'}}
FV-chain.py-_dynamic_chain_exec_with_cache_mp_core Error in test-44: too many retry times
1 options {'temperature': 0.0, 'n': 1, 'top_p': 1.0, 'max_tokens': 2048}
1 options {'temperature': 0.5, 'n': 8, 'top_p': 1.0, 'max_tokens': 150}
Error code: 429 - {'error': {'message': 'invalid request error trace_id: 68b89fa26032d80dca08e01288b1eb9d (request id: 20260616030622481397078Ht1ftZm4)', 'type': 'bad_response_status_code', 'param': '', 'code': 'bad_response_status_code'}}
1 options {'temperature': 0.5, 'n': 8, 'top_p': 1.0, 'max_tokens': 150}
Error code: 429 - {'error': {'message': 'invalid request error trace_id: 291dbe3e60a9eae7c814c374fd635fbb (request id: 20260616030732263191782sY8AFIEe)', 'type': 'bad_response_status_code', 'param': '', 'co1 options {'temperature': 0.0, 'n'1 options {'temperature': 0.5, 'n': 8, 'top_p': 1.0, 'max_tokens': 150}
Error code: 429 - {'error': {'message': 'invalid request error trace_id: 3095a11f686cd606bd42115d862cf883 (request id: 20260616030840614753866ABszMaZf)', 'type': 'bad_response_status_code', 'param': '', 'code': 'bad_response_status_code'}}
1 options {'temperature': 0.5, 'n': 8, 'top_p': 1.0, 'max_tokens': 150}
Error code: 429 - {'error': {'message': 'invalid request error trace_id: 56de49fb507a0d4b8855631ebf64c702 (request id: 20260616030950787708432r7immNXt)', 'type': 'bad_response_status_code', 'param': '', 'code': 'bad_response_status_code'}}
FV-chain.py-_dynamic_chain_exec_with_ca1 options {'temperature': 0.5, 'n': 8, 'top_p': 1.01 options {'temperature': 0.0, 'n': 1, 'top_p': 1.0, 'max_tokens': 2048}
1 options {'temperature': 0.5, 'n': 8, 'top_p': 1.0, 'max_tokens': 150}
Error code: 429 - {'error': {'message': 'invalid request error trace_id: c0958e35bfac119864c119c75fb59831 (request id: 202606160311499892127047NmaEjcQ)', 'type': 'bad_response_status_code', 'param': '', 'code': 'bad_response_status_code'}}
1 options {'temperature': 0.5, 'n': 8, 'top_p': 1.0, 'max_tokens': 150}
Error code: 429 - {'error': {'message': 'invalid request error trace_id: da5be65985018bd9c5a9d79840495047 (request id: 202606160312589777276830BT7ocit)', 'type': 'bad_response_status_code', 'param': '', 'code': 'bad_response_status_code'}}
1 options {'temperature': 0.5, 'n': 8, 'top_p': 1.0, 'max_tokens': 150}
Error code: 429 - {'error': {'message': 'invalid request error trace_id: 44d157b6784c8c2281be7c6aca81109f (request id: 20260616031408400767496VTU0ZUc)', 'type': 'bad_response_status_code', 'param': '', 'code': 'bad_response_status_code'}}
1 options {'temperature': 0.5, 'n': 8, 'top_p': 1.0, 'max_tokens': 150}
Error code: 429 - {'error': {'message': 'invalid request error trace_id: a7e84bbe61f6043214f3f44559446444 (request id: 20260616031517622262398ksxeUIcn)', 'type': 'bad_response_status_code', 'param': '', 'code': 'bad_response_status_code'}}
FV-chain.py-_dynamic_chain_exec_with_ca1 options {'temperature': 0.0, 'n': 1, 'top_p': 1.0, 'max_tokens': 2048}
1 options {'temperature': 0.5, 'n': 8, 'top_p': 1.0, 'max_tokens': 150}
Error code: 429 - {'error': {'message': 'invalid request error trace_id: cc5596c7024ad59f00120597aaace984 (request id: 20260616031705275227396bDZUqKN)', 'type': 'bad_response_status_code', 'param': '', 'code': 'bad_response_status_code'}}
1 options {'temperature': 0.5, 'n': 8, 'top_p': 1.0, 'max_tokens': 150}
Error code: 429 - {'error': {'message': 'invalid request error trace_id: 27cd211a82a970a8dbe8830f79a2e293 (request id: 2026061603181413024556Tie6qYh6)', 'type': 'bad_response_status_code', 'param': '', 'code': 'bad_response_status_code'}}
1 options {'temperature': 0.5, 'n': 8, 'top_p': 1.0, 'max_tokens': 150}
Error code: 429 - {'error': {'message': 'invalid request error trace_id: e9b8c6d64feeed4d98a08f1443411afd (request id: 20260616031922670100015xP8qhlu0)', 'type': 'bad_response_status_code', 'param': '', 'code': 'bad_response_status_code'}}
1 options {'temperature': 0.5, 'n': 8, 'top_p': 1.0, 'max_tokens': 150}
Error code: 429 - {'error': {'message': 'invalid request error trace_id: 875db121f2294f544e0bb3bbd9629107 (request id: 20260616032032931542418TcJfyoA)', 'type': 'bad_response_status_code', 'param': '', 'code': 'bad_response_status_code'}}
FV-chain.py-_dynamic_chain_exec_with_cache_mp_core Error in test-46: too many retry times
1 options {'temperature': 0.0, 'n': 1, 'top_p': 1.0, 'max_tokens': 2048}
1 options {'temperature': 0.5, 'n': 8, 'top_p': 1.0, 'max_tokens'1 options {'temperature': 0.0, 'n': 1, 'top_p': 1.0, 'max_tokens': 2048}
1 options {'temperature': 0.5, 'n': 8, 'top_p': 1.0, 'max_tokens': 150}
Error code: 429 - {'error': {'message': 'invalid request error trace_id: 4ea44b7bb1bd865df73b3e13651911 options {'temperature': 0.5, 'n': 8, 'top_p': 1.0, 'max_tokens': 150}
Error code: 429 - {'error': {'message': 'invalid request error tra1 options {'temperature': 0.5, 'n': 8, 'top_p': 1.0, 'max_tokens': 150}
Error code: 429 - {'error': {'message': 'invalid request error trace_id: 84b48e7032184700d4161f574dcb1 options {'temperature': 0.5, 'n': 8, 'top_p': 1.0, 'max_tokens': 150}
Error code: 429 - {'error': {'message': 'invalid request error trac1 options {'temperature': 0.5, 'n': 8, 'top_p': 1.0, 'max_tokens': 150}
Error code: 429 - {'error': {'message': 'invalid request error trace_id: b6a1148346bae70e82938c5138881 options {'temperature': 0.5, 'n': 8, 'top_p': 1.0, 'max_tokens': 150}
Error code: 429 - {'error': {'message': 'invalid request error trac1 options {'temperature': 0.5, 'n': 8, 'top_p': 1.0, 'max_tokens': 150}
Error code: 429 - {'error': {'message': 'invalid request error trace_id: 12b1496036416e87fb03ebe122873829 (request id: 20260616032501953267666FWeyatk3)', 'type': 'bad_response_status_code', 'param': '', 'code': 'bad_response_status_code'}}
FV-chain.py-_dynamic_chain_exec_wi1 options {'temperature': 0.0, 'n': 1, 'top_p': 1.0, 'ma1 options {'temperature': 0.0, 'n': 1, 'top_p': 1.0, 'max_tokens': 2048}
<html>
<head><title>504 Gateway Time-out</title></head>
<body>
<center><h1>504 Gateway Time-out</h1></center>
<hr><center>openresty</center>
</body>
</html>
1 options {'temperature': 0.0, 'n': 1, 'top_p': 1.0, 'max_tokens': 2048}
<html>
<head><title>504 Gateway Time-out</title></head>
<body>
<center><h1>504 Gateway Time-out</h1></center>
<hr><center>openresty</center>
</body>
</html>
1 options {'temperature': 0.0, 'n': 1, 'top_p': 1.0, 'max_tokens': 2048}
<html>
<head><title>504 Gateway Time-out</title></head>
<body>
<center><h1>504 Gateway Time-out</h1></center>
<hr><center>openresty</center>
</body>
</html>
1 options {'temperature': 0.0, 'n': 1, 'top_p': 1.0, 'max_tokens': 2048}
<html>
<head><title>504 Gateway Time-out</title></head>
<body>
<center><h1>504 Gateway Time-out</h1></center>
<hr><center>openresty</center>
</body>
</html>
FV-chain.py-_dynamic_chain_exec_with_cache_mp_core Error in test-49: too many retry times
1 options {'temperature': 0.0, 'n': 1, 'top_p': 1.0, 'max_tokens': 2048}
<html>
<head><title>504 Gateway Time-out</title></head>
<body>
<center><h1>504 Gateway Time-out</h1></center>
<hr><center>openresty</center>
</body>
</html>
1 options {'temperature': 0.0, 'n': 1, 'top_p': 1.0, 'max_tokens': 2048}
<html>
<head><title>504 Gateway Time-out</title></head>
<body>
<center><h1>504 Gateway Time-out</h1></center>
<hr><center>openresty</center>
</body>
</html>
1 options {'temperature': 0.0, 'n': 1, 'top_p': 1.0, 'max_tokens': 2048}
<html>
<head><title>504 Gateway Time-out</title></head>
<body>
<center><h1>504 Gateway Time-out</h1></center>
<hr><center>openresty</center>
</body>
</html>
1 options {'temperature': 0.0, 'n': 1, 'top_p': 1.0, 'max_tokens': 2048}
<html>
<head><title>504 Gateway Time-out</title></head>
<body>
<center><h1>504 Gateway Time-out</h1></center>
<hr><center>openresty</center>
</body>
</html>
FV-chain.py-_dynamic_chain_exec_with_cache_mp_core Error in test-50: too many retry times
1 options {'temperature': 0.0, 'n': 1, 'top_p': 1.0, 'max_tokens': 2048}
1 options {'temperature': 0.5, 'n': 8, 'top_p': 1.0, 'max_tokens': 150}
Error code: 429 - {'error': {'message': 'invalid request error trace_id: 3f2f21b377a67a227eca31e3fc0e7142 (request id: 20260616035613404441623R2x3uQ68)', 'type': 'bad_response_status_code', 'param': '', 'code': 'bad_response_status_code'}}
1 options {'temperature': 0.5, 'n': 8, 'top_p': 1.0, 'max_tokens': 150}
Error code: 429 - {'error': {'message': 'invalid request error trace_id: a3788405ea8834a2930e4b26417553ae (request id: 20260616035722544634016odHYMi7q)', 'type': 'bad_response_status_code', 'param': '', 'code': 'bad_response_status_code'}}
1 options {'temperature': 0.5, 'n': 8, 'top_p': 1.0, 'max_tokens': 150}
Error code: 429 - {'error': {'message': 'invalid request error trace_id: b23fc9ecb7184fc9a550374c83e9e510 (request id: 20260616035831494079721eDmjHZmr)', 'type': 'bad_response_status_code', 'param': '', 'code': 'bad_response_status_code'}}
1 options {'temperature': 0.5, 'n': 8, 'top_p': 1.0, 'max_tokens': 150}
Error code: 429 - {'error': {'message': 'invalid request error trace_id: 015b3cf7d315994452f1decb8db6b442 (request id: 202606160359407255504495xV6KzRk)', 'type': 'bad_response_status_code', 'param': '', 'code': 'bad_response_status_code'}}
FV-chain.py-_dynamic_chain_exec_with_cache_mp_core Error in test-51: too many retry times
Dynamic chain execution:   2%|▏         | 49/2024 [6:56:05<255:48:10, 466.27s/it]1 options {'temperature': 0.0, 'n': 1, 'top_p': 1.0, 'max_tokens': 2048}
<html>
<head><title>504 Gateway Time-out</title></head>
<body>
<center><h1>504 Gateway Time-out</h1></center>
<hr><center>openresty</center>
</body>
</html>
1 options {'temperature': 0.0, 'n': 1, 'top_p': 1.0, 'max_tokens': 2048}
1 options {'temperature': 0.5, 'n': 8, 'top_p': 1.0, 'max_tokens': 150}
Error code: 429 - {'error': {'message': 'invalid request error trace_id: 036baef07dd3d8f1fd0352e116933358 (request id: 2026061604065120821773FRuPpQK0)', 'type': 'bad_response_status_code', 'param': '', 'code': 'bad_response_status_code'}}
1 options {'temperature': 0.5, 'n': 8, 'top_p': 1.0, 'max_tokens': 150}
Error code: 429 - {'error': {'message': 'invalid request error trace_id: 72f57754c5ac3a3e6049d389fc307f44 (request id: 20260616040759891764832utGzsISt)', 'type': 'bad_response_status_code', 'param': '', 'code': 'bad_response_status_code'}}
1 options {'temperature': 1 options {'temperature': 0.0, 'n': 1, 'top_p': 1.0, 'max_tokens': 2048}
<html>
<head><title>504 Gateway Time-out</title></head>
<body>
<center><h1>504 Gateway Time-out</h1></center>
<hr><center>openresty</center>
</body>
</html>
FV-chain.py-_dynamic_chain_exec_with_cache_mp_core Error in test-50: too many retry times
1 options {'temperature': 0.0, 'n': 1, 'top_p': 1.0, 'max_tokens': 2048}
1 options {'temperature': 0.5, 'n': 8, 'top_p': 1.0, 'max_tokens': 150}
Error code: 429 - {'error': {'message': 'invalid request error trace_id: cbc9805d2e03aecda82cfe817750ce70 (request id: 20260616041253143089040D8Df8B2v)', 'type': 'bad_response_status_code', 'param': '', 'code': 'bad_1 options {'temperature'1 options {'temperature': 0.5, 'n': 8, 'top_p': 1.0, 'max_tokens': 150}
Error code: 429 - {'error': {'message': 'invalid request error trace_id: 4c28bf533c486b0ee1ade3b262bcefc8 (request id: 2026061604140219596281 options {'temperature': 0.0, 'n': 1, 'top_p': 1.0, 'max_tokens': 2048}
1 options {'temperature': 0.5, 'n': 8, 'top_p': 1.0, 'max_tokens': 150}
Error code: 429 - {'error': {'message': 'invalid request error trace_id: fedb614309a92dff932237f7c11586e2 (request id: 20260616041520245473776NYalYfED)', 'type': 'bad_response_status_code', 'param': '', 'code': 'bad_response_status_code'}}
1 options {'temperature': 0.5, 'n': 8, 'top_p': 1.0, 'max_tokens': 150}
Error code: 429 - {'error': {'message': 'invalid request error trace_id: fc168eddc4a70c61b04b1019ce86b5af (request id: 20260616041629522490328n8aNpuUf)', 'type': 'bad_response_status_code', 'param': '', 'code': 'bad_response_status_code'}}
1 options {'temperature': 0.5, 'n': 8, 'top_p': 1.0, 'max_tokens': 150}
Error code: 429 - {'error': {'message': 'invalid request error trace_id: 35db434b7484632b2d3bce7a3b1044be (request id: 20260616041 options {'temperature': 0.0, 'n': 1, 'top_p': 1.0, 'max_tokens': 2048}
<html>
<head><title>504 Gateway Time-out</title></head>
<body>
<center><h1>504 Gateway Time-out</h1></center>
<hr><center>openresty</center>
</body>
</html>
1 options {'temperature': 0.0, 'n': 1, 'top_p': 1.0, 'max_tokens': 2048}
1 options {'temperature': 0.5, 'n': 8, 'top_p': 1.0, 'max_tokens': 150}
Error code: 429 - {'error': {'message': 'invalid request error trace_id: 57a1b3191eab5d47b5b4db5e489d14ee (request id: 20260616042131 options {'temperature': 0.0, 'n': 1, 'top_p': 1.0, 'max_tokens': 2048}
<html>
<head><title>504 Gateway Ti1 options {'temperature': 0.5, 'n': 8, 'top_p': 1.0, 'max_tokens': 150}
Error code: 429 - {'error': {'message': 'invalid request1 options {'temperature': 0.0, 'n': 1, 'top_p': 1.0, 'max_tokens': 2048}
<html>
<head><title>504 Gateway Time-out</title></head>
<body>
<center><h1>504 Gateway Time-out</h1></center>
<hr><center>openresty</center>
</body>
</html>
1 options {'temperature': 0.0, 'n': 1, 'top_p': 1.0, 'max_tokens': 2048}
<html>
<head><title>504 Gateway Time-out</title></head>
<body>
<center><h1>504 Gateway Time-out</h1></center>
<hr><center>openresty</center>
</body>
</html>
1 options {'temperature': 0.0, 'n': 1, 'top_p': 1.0, 'max_tokens': 2048}
<html>
<head><title>504 Gateway Time-out</title></head>
<body>
<center><h1>504 Gateway Time-out</h1></center>
<hr><center>openresty</center>
</body>
</html>
FV-chain.py-_dynamic_chain_exec_with_cache_mp_core Error in test-54: too many retry times
1 options {'temperature': 0.0, 'n': 1, 'top_p': 1.0, 'max_tokens': 2048}
<html>
<head><title>504 Gateway Time-out</title></head>
<body>
<center><h1>504 Gateway Time-out</h1></center>
<hr><center>openresty</center>
</body>
</html>
1 options {'temperature': 0.0, 'n': 1, 'top_p': 1.0, 'max_tokens': 2048}
<html>
<head><title>504 Gateway Time-out</title></head>
<body>
<center><h1>504 Gateway Time-out</h1></center>
<hr><center>openresty</center>
</body>
</html>
1 options {'temperature': 0.0, 'n': 1, 'top_p': 1.0, 'max_tokens': 2048}
<html>
<head><title>504 Gateway Time-out</title></head>
<body>
<center><h1>504 Gateway Time-out</h1></center>
<hr><center>openresty</center>
</body>
</html>
1 options {'temperature': 0.0, 'n': 1, 'top_p': 1.0, 'max_tokens': 2048}
<html>
<head><title>504 Gateway Time-out</title></head>
<body>
<center><h1>504 Gateway Time-out</h1></center>
<hr><center>openresty</center>
</body>
</html>
FV-chain.py-_dynamic_chain_exec_with_cache_mp_core Error in test-55: too many retry times
Dynamic chain execution:   3%|▎         | 53/2024 [7:45:24<300:36:44, 549.06s/it]1 options {'temperature': 0.0, 'n': 1, 'top_p': 1.0, 'max_tokens': 2048}
1 options {'temperature': 0.5, 'n': 8, 'top_p': 1.0, 'max_tokens': 150}
Error code: 429 - {'error': {'message': 'invalid request error trace_id: 80e3560b47ab7216858811743db24507 (request id: 202606160449597262686487qmj2uBh)', 'type': 'bad_response_status_code', 'param': '', 'code': 'bad_response_status_code'}}
1 options {'temperature': 0.5, 'n': 8, 'top_p': 1.0, 'max_tokens': 150}
Error code: 429 - {'error': {'message': 'invalid request error trace_id: 6e52b143219f9827227b112c91ca81dd (request id: 20260616045108637461543nc4rjIlb)', 'type': 'bad_response_status_code', 'param': '', 'code': 'bad_response_status_code'}}
1 options {'temperature': 0.5, 'n': 8, 'top_p': 1.0, 'max_tokens': 150}
Error code: 429 - {'error': {'message': 'invalid request error trace_id: 67f4cc7182fb66767d676a6c3e5aa73d (request id: 2026061604521828781955AZkZ9jvM)', 'type': 'bad_response_status_code', 'param': '', 'code': 'bad_response_status_code'}}
1 options {'temperature': 0.5, 'n': 8, 'top_p': 1.0, 'max_tokens': 150}
Error code: 429 - {'error': {'message': 'invalid request error trace_id: 419051fbe52783419a50424525ecff31 (request id: 20260616045327801275927hdwBHtnU)', 'type': 'bad_response_status_code', 'param': '', 'code': 'bad_response_status_code'}}
FV-chain.py-_dynamic_chain_exec_with_cache_mp_core Error in test-56: too many retry times
1 options {'temperature': 0.0, 'n': 1, 'top_p': 1.0, 'max_tokens': 2048}
1 options {'temperature': 0.5, 'n': 8, 'top_p': 1.0, 'max_tokens': 150}
Error code: 429 - {'error': {'message': 'invalid request error trace_id: 646cf868148c14ff5e0b0e88be3d7e20 (request id: 202606160454244357137668Rkv2ZCn)', 'type': 'bad_response_status_code', 'param': '', 'code': 'bad_response_status_code'}}
1 options {'temperature': 0.5, 'n': 8, 'top_p': 1.0, 'max_tokens': 150}
Error code: 429 - {'error': {'message': 'invalid request error trace_id: 6ffdd8e304ff14a354e532ef3f6c8358 (request id: 20260616045533326264152b3svtB4w)', 'type': 'bad_response_status_code', 'param': '', 'code': 'bad_response_status_code'}}
1 options {'temperature': 0.5, 'n': 8, 'top_p': 1.0, 'max_tokens': 150}
Error code: 429 - {'error': {'message': 'invalid request error trace_id: 0db93c1fc7e1ecc11419fc368eb06845 (request id: 20260616045643592478158YSYGGd46)', 'type': 'bad_response_status_code', 'param': '', 'code': 'bad_response_status_code'}}
1 options {'temperature': 0.5, 'n': 8, 'top_p': 1.0, 'max_tokens': 150}
Error code: 429 - {'error': {'message': 'invalid request error trace_id: 1fa8c4e49a8298fae140872571cad0d8 (request id: 202606160457528965990408R6yUgM9)', 'type': 'bad_response_status_code', 'param': '', 'code': 'bad_response_status_code'}}
FV-chain.py-_dynamic_chain_exec_with_cache_mp_core Error in test-57: too many retry times
1 options {'temperature': 0.0, 'n': 1, 'top_p': 1.0, 'max_tokens': 2048}
1 options {'temperature': 0.5, 'n': 8, 'top_p': 1.0, 'max_tokens': 150}
Error code: 429 - {'error': {'message': 'invalid request error trace_id: 17b6e99e7e043a8e73e5bc22a556edff (request id: 20260616045857663985761vqWgsTJW)', 'type': 'bad_response_status_code', 'param': '', 'code': 'bad_response_status_code'}}
1 options {'temperature': 0.5, 'n': 8, 'top_p': 1.0, 'max_tokens': 150}
Error code: 429 - {'error': {'message': 'invalid request error trace_id: 902d5e3859dca9c07b3de43c247be783 (request id: 2026061605000719763235741tp4U55)', 'type': 'bad_response_status_code', 'param': '', 'code': 'bad_response_status_code'}}
1 options {'temperature': 0.5, 'n': 8, 'top_p': 1.0, 'max_tokens': 150}
Error code: 429 - {'error': {'message': 'invalid request error trace_id: f49fbe2e573ec2154da8cb1c62abfc03 (request id: 202606160501168493796847MDtZkug)', 'type': 'bad_response_status_code', 'param': '', 'code': 'bad_response_status_code'}}
1 options {'temperature': 0.5, 'n': 8, 'top_p': 1.0, 'max_tokens': 150}
Error code: 429 - {'error': {'message': 'invalid request error trace_id: 5a4cbba221bc4eb49cbed6da5766ff31 (request id: 20260616050224912722607WLGiUUaF)', 'type': 'bad_response_status_code', 'param': '', 'code': 'bad_response_status_code'}}
FV-chain.py-_dynamic_chain_exec_with_cache_mp_core Error in test-58: too many retry times
1 options {'temperature': 0.0, 'n': 1, 'top_p': 1.0, 'max_tokens': 2048}
1 options {'temperature': 0.5, 'n': 8, 'top_p': 1.0, 'max_tokens': 150}
Error code: 429 - {'error': {'message': 'invalid request error trace_id: 9841cc77127263589a19641b34701b88 (request id: 2026061605032545050853Ijm3tpic)', 'type': 'bad_response_status_code', 'param': '', 'code': 'bad_response_status_code'}}
1 options {'temperature': 0.5, 'n': 8, 'top_p': 1.0, 'max_tokens': 150}
Error code: 429 - {'error': {'message': 'invalid request error trace_id: 59149f56ea19c273a6765107d112eac6 (request id: 20260616050433756675000aOmsKQ9v)', 'type': 'bad_response_status_code', 'param': '', 'code': 'bad_response_status_code'}}
1 options {'temperature': 0.5, 'n': 8, 'top_p': 1.0, 'max_tokens': 150}
Error code: 429 - {'error': {'message': 'invalid request error trace_id: d17d0feccaf9afd3f9b1650e80559c8d (request id: 20260616050543793658396tnIvHTGr)', 'type': 'bad_response_status_code', 'param': '', 'code': 'bad_response_status_code'}}
1 options {'temperature': 0.5, 'n': 8, 'top_p': 1.0, 'max_tokens': 150}
Error code: 429 - {'error': {'message': 'invalid request error trace_id: d1929b306c8f1f1a043fd98721b9c575 (request id: 20260616050652411425739hqNdzATv)', 'type': 'bad_response_status_code', 'param': '', 'code': 'bad_response_status_code'}}
FV-chain.py-_dynamic_chain_exec_with_cache_mp_core Error in test-59: too many retry times
Dynamic chain execution:   3%|▎         | 57/2024 [8:03:20<253:49:06, 464.54s/it]1 options {'temperature': 0.0, 'n': 1, 'top_p': 1.0, 'max_tokens': 2048}
1 options {'temperature': 0.5, 'n': 8, 'top_p': 1.0, 'max_tokens': 150}
Error code: 429 - {'error': {'message': 'invalid request error trace_id: f0969022cfae2349f4bfb82eefeb6360 (request id: 2026061605075428835443l8ixHvoo)', 'type': 'bad_response_status_code', 'param': '', 'code': 'bad_response_status_code'}}
1 options {'temperature': 0.5, 'n': 8, 'top_p': 1.0, 'max_tokens': 150}
Error code: 429 - {'error': {'message': 'invalid request error trace_id: 97a0990e0f971d7824754a6276dfbba4 (request id: 20260616050902742236124irPNn4vp)', 'type': 'bad_response_status_code', 'param': '', 'code': 'bad_response_status_code'}}
1 options {'temperature': 0.5, 'n': 8, 'top_p': 1.0, 'max_tokens': 150}
Error code: 429 - {'error': {'message': 'invalid request error trace_id: 7e603ed2ce1a5be7ce1c9ddc301c4777 (request id: 2026061605101323540855F3S42rrv)', 'type': 'bad_response_status_code', 'param': '', 'code': 'bad_response_status_code'}}
1 options {'temperature': 0.5, 'n': 8, 'top_p': 1.0, 'max_tokens': 150}
Error code: 429 - {'error': {'message': 'invalid request error trace_id: 20259847b05d0b127699f7c7f476cd59 (request id: 2026061605112244532175QWhmifiq)', 'type': 'bad_response_status_code', 'param': '', 'code': 'bad_response_status_code'}}
FV-chain.py-_dynamic_chain_exec_with_cache_mp_core Error in test-60: too many retry times
1 options {'temperature': 0.0, 'n': 1, 'top_p': 1.0, 'max_tokens': 2048}
1 options {'temperature': 0.5, 'n': 8, 'top_p': 1.0, 'max_tokens': 150}
Error code: 429 - {'error': {'message': 'invalid request error trace_id: 4fbcb7f92bc5a2abc7195d93bd9517d7 (request id: 2026061605122077242017K9f3BA2M)', 'type': 'bad_response_status_code', 'param': '', 'code': 'bad_response_status_code'}}
1 options {'temperature': 0.5, 'n': 8, 'top_p': 1.0, 'max_tokens': 150}
Error code: 429 - {'error': {'message': 'invalid request error trace_id: 667afcecf59c6619b2d8fc543321d7a0 (request id: 20260616051329205520919sCAYJrRK)', 'type': 'bad_response_status_code', 'param': '', 'code': 'bad_response_status_code'}}
1 options {'temperature': 0.5, 'n': 8, 'top_p': 1.0, 'max_tokens': 150}
Error code: 429 - {'error': {'message': 'invalid request error trace_id: bdff77322aaa9ad194b5f0b409f3f6a3 (request id: 20260616051437716060889CoSN6grZ)', 'type': 'bad_response_status_code', 'param': '', 'code': 'bad_response_status_code'}}
1 options {'temperature': 0.5, 'n': 8, 'top_p': 1.0, 'max_tokens': 150}
Error code: 429 - {'error': {'message': 'invalid request error trace_id: 628bea516a9814c46c253992868822ed (request id: 20260616051546509174580VV1sxvcm)', 'type': 'bad_response_status_code', 'param': '', 'code': 'bad_response_status_code'}}
FV-chain.py-_dynamic_chain_exec_with_cache_mp_core Error in test-61: too many retry times
1 options {'temperature': 0.0, 'n': 1, 'top_p': 1.0, 'max_tokens': 2048}
1 options {'temperature': 0.5, 'n': 8, 'top_p': 1.0, 'max_tokens': 150}
Error code: 429 - {'error': {'message': 'invalid request error trace_id: 94a1581e2cf2d3e23ad34c4476d4e355 (request id: 202606160516459190849228dJcDCMc)', 'type': 'bad_response_status_code', 'param': '', 'code': 'bad_response_status_code'}}
1 options {'temperature': 0.5, 'n': 8, 'top_p': 1.0, 'max_tokens': 150}
Error code: 429 - {'error': {'message': 'invalid request error trace_id: 63da884de09ec4a3890f26900a945837 (request id: 202606160517544385361914w4T1cFq)', 'type': 'bad_response_status_code', 'param': '', 'code': 'bad_response_status_code'}}
1 options {'temperature': 0.5, 'n': 8, 'top_p': 1.0, 'max_tokens': 150}
Error code: 429 - {'error': {'message': 'invalid request error trace_id: 486f8a0ac2d616d09b5c714f5f506638 (request id: 20260616051903253016922EsBdWgc3)', 'type': 'bad_response_status_code', 'param': '', 'code': 'bad_response_status_code'}}
1 options {'temperature': 0.5, 'n': 8, 'top_p': 1.0, 'max_tokens': 150}
Error code: 429 - {'error': {'message': 'invalid request error trace_id: 054b34237ee11e4022f0f5738fc8c972 (request id: 20260616052011780844937LpqNZLES)', 'type': 'bad_response_status_code', 'param': '', 'code': 'bad_response_status_code'}}
FV-chain.py-_dynamic_chain_exec_with_cache_mp_core Error in test-62: too many retry times
1 options {'temperature': 0.0, 'n': 1, 'top_p': 1.0, 'max_tokens': 2048}
1 options {'temperature': 0.5, 'n': 8, 'top_p': 1.0, 'max_tokens': 150}
Error code: 429 - {'error': {'message': 'invalid request error trace_id: 433cf05b3b588ea3c65a292258862e09 (request id: 20260616052058484722022QhgYosfb)', 'type': 'bad_response_status_code', 'param': '', 'code': 'bad_response_status_code'}}
1 options {'temperature': 0.5, 'n': 8, 'top_p': 1.0, 'max_tokens': 150}
Error code: 429 - {'error': {'message': 'invalid request error trace_id: 33b2b9276192292df12f66ad47d89926 (request id: 20260616052207234293928EpClzVFi)', 'type': 'bad_response_status_code', 'param': '', 'code': 'bad_response_status_code'}}
1 options {'temperature': 0.5, 'n': 8, 'top_p': 1.0, 'max_tokens': 150}
Error code: 429 - {'error': {'message': 'invalid request error trace_id: 6a03ee1085017efa6d3b226e9553dffa (request id: 20260616052315435340262qsKYFuYz)', 'type': 'bad_response_status_code', 'param': '', 'code': 'bad_response_status_code'}}
1 options {'temperature': 0.5, 'n': 8, 'top_p': 1.0, 'max_tokens': 150}
Error code: 429 - {'error': {'message': 'invalid request error trace_id: 226b0edd40c61f87b1d6fabe6a888aa4 (request id: 2026061605242571164762aR6B5jnY)', 'type': 'bad_response_status_code', 'param': '', 'code': 'bad_response_status_code'}}
FV-chain.py-_dynamic_chain_exec_with_cache_mp_core Error in test-63: too many retry times
Dynamic chain execution:   3%|▎         | 61/2024 [8:20:49<220:04:05, 403.59s/it]1 options {'temperature': 0.0, 'n': 1, 'top_p': 1.0, 'max_tokens': 2048}
1 options {'temperature': 0.5, 'n': 8, 'top_p': 1.0, 'max_tokens': 150}
Error code: 429 - {'error': {'message': 'invalid request error trace_id: 4cef27f8968fdafb91c65a773d854720 (request id: 20260616052520898285669hkIxJFzK)', 'type': 'bad_response_status_code', 'param': '', 'code': 'bad_response_status_code'}}
1 options {'temperature': 0.5, 'n': 8, 'top_p': 1.0, 'max_tokens': 150}
Error code: 429 - {'error': {'message': 'invalid request error trace_id: 15b928435b96ebf045ee828048483ae2 (request id: 20260616052629370200017U3MiJjBp)', 'type': 'bad_response_status_code', 'param': '', 'code': 'bad_response_status_code'}}
1 options {'temperature': 0.5, 'n': 8, 'top_p': 1.0, 'max_tokens': 150}
Error code: 429 - {'error': {'message': 'invalid request error trace_id: bd73c41b5677af1e84a7e901df96e49f (request id: 20260616052738509578127nZTh2OJL)', 'type': 'bad_response_status_code', 'param': '', 'code': 'bad_response_status_code'}}
1 options {'temperature': 0.5, 'n': 8, 'top_p': 1.0, 'max_tokens': 150}
Error code: 429 - {'error': {'message': 'invalid request error trace_id: 7cfd4ae2fc10adeb8dbffd0753e0862e (request id: 2026061605284711340340PEUOoc9G)', 'type': 'bad_response_status_code', 'param': '', 'code': 'bad_response_status_code'}}
FV-chain.py-_dynamic_chain_exec_with_cache_mp_core Error in test-64: too many retry times
1 options {'temperature': 0.0, 'n': 1, 'top_p': 1.0, 'max_tokens': 2048}
1 options {'temperature': 0.5, 'n': 8, 'top_p': 1.0, 'max_tokens': 150}
Error code: 429 - {'error': {'message': 'invalid request error trace_id: 2d842c99f7d42e9c600f0b27a73a0036 (request id: 20260616052934206326263CYRctAEy)', 'type': 'bad_response_status_code', 'param': '', 'code': 'bad_response_status_code'}}
1 options {'temperature': 0.5, 'n': 8, 'top_p': 1.0, 'max_tokens': 150}
Error code: 429 - {'error': {'message': 'invalid request error trace_id: 6aab7389b9456bedd38f307d9102f1e2 (request id: 202606160530431917948863i5LTHR7)', 'type': 'bad_response_status_code', 'param': '', 'code': 'bad_response_status_code'}}
1 options {'temperature': 0.5, 'n': 8, 'top_p': 1.0, 'max_tokens': 150}
Error code: 429 - {'error': {'message': 'invalid request error trace_id: b65f765be8983e216126b842abe3f648 (request id: 20260616053152201042939oZqtfI0T)', 'type': 'bad_response_status_code', 'param': '', 'code': 'bad_response_status_code'}}
1 options {'temperature': 0.5, 'n': 8, 'top_p': 1.0, 'max_tokens': 150}
Error code: 429 - {'error': {'message': 'invalid request error trace_id: 83121018f47d0fb555af1a123480ede8 (request id: 20260616053301574323841LSv0vu00)', 'type': 'bad_response_status_code', 'param': '', 'code': 'bad_response_status_code'}}
FV-chain.py-_dynamic_chain_exec_with_cache_mp_core Error in test-65: too many retry times
1 options {'temperature': 0.0, 'n': 1, 'top_p': 1.0, 'max_tokens': 2048}
1 options {'temperature': 0.5, 'n': 8, 'top_p': 1.0, 'max_tokens': 150}
Error code: 429 - {'error': {'message': 'invalid request error trace_id: 5b264034e0313d0ec2c69c2c3def93c0 (request id: 20260616053407465336112VHpKcMtl)', 'type': 'bad_response_status_code', 'param': '', 'code': 'bad_response_status_code'}}
1 options {'temperature': 0.5, 'n': 8, 'top_p': 1.0, 'max_tokens': 150}
Error code: 429 - {'error': {'message': 'invalid request error trace_id: da2f9b2421d244576142fcc01eb903ac (request id: 20260616053515202363274vBUyZ3PV)', 'type': 'bad_response_status_code', 'param': '', 'code': 'bad_response_status_code'}}
1 options {'temperature': 0.5, 'n': 8, 'top_p': 1.0, 'max_tokens': 150}
Error code: 429 - {'error': {'message': 'invalid request error trace_id: bc1d763cc99f78c55534bd01520b9c6e (request id: 20260616053624950788144b0Vv1WTt)', 'type': 'bad_response_status_code', 'param': '', 'code': 'bad_response_status_code'}}
1 options {'temperature': 0.5, 'n': 8, 'top_p': 1.0, 'max_tokens': 150}
Error code: 429 - {'error': {'message': 'invalid request error trace_id: feff7889e7a7c403676984dc5b0940d8 (request id: 20260616053733228055064F50jThQg)', 'type': 'bad_response_status_code', 'param': '', 'code': 'bad_response_status_code'}}
FV-chain.py-_dynamic_chain_exec_with_cache_mp_core Error in test-66: too many retry times
1 options {'temperature': 0.0, 'n': 1, 'top_p': 1.0, 'max_tokens': 2048}
1 options {'temperature': 0.5, 'n': 8, 'top_p': 1.0, 'max_tokens': 150}
Error code: 429 - {'error': {'message': 'invalid request error trace_id: 596e9a995dd0ca056e093a936937ef03 (request id: 2026061605382237343235z7Q30oPm)', 'type': 'bad_response_status_code', 'param': '', 'code': 'bad_response_status_code'}}
1 options {'temperature': 0.5, 'n': 8, 'top_p': 1.0, 'max_tokens': 150}
Error code: 429 - {'error': {'message': 'invalid request error trace_id: 10eb3e8770babd94bf63d4c38b184798 (request id: 202606160539313043452282U0zKDOF)', 'type': 'bad_response_status_code', 'param': '', 'code': 'bad_response_status_code'}}
1 options {'temperature': 0.5, 'n': 8, 'top_p': 1.0, 'max_tokens': 150}
Error code: 429 - {'error': {'message': 'invalid request error trace_id: 5b49b3b216bcb72ad89ed87ad1bebdce (request id: 20260616054040330476756jI6uoGdO)', 'type': 'bad_response_status_code', 'param': '', 'code': 'bad_response_status_code'}}
1 options {'temperature': 0.5, 'n': 8, 'top_p': 1.0, 'max_tokens': 150}
Error code: 429 - {'error': {'message': 'invalid request error trace_id: b3e20fecbc192bd33e771c440a187f94 (request id: 2026061605414986755896Lb0Y1EKE)', 'type': 'bad_response_status_code', 'param': '', 'code': 'bad_response_status_code'}}
FV-chain.py-_dynamic_chain_exec_with_cache_mp_core Error in test-67: too many retry times
Dynamic chain execution:   3%|▎         | 65/2024 [8:38:13<196:16:36, 360.69s/it]1 options {'temperature': 0.0, 'n': 1, 'top_p': 1.0, 'max_tokens': 2048}
1 options {'temperature': 0.5, 'n': 8, 'top_p': 1.0, 'max_tokens': 150}
Error code: 429 - {'error': {'message': 'invalid request error trace_id: 8853d20fd1415790d7becad2205dfab4 (request id: 20260616054440174060121YZ17BnT8)', 'type': 'bad_response_status_code', 'param': '', 'code': 'bad_response_status_code'}}
1 options {'temperature': 0.5, 'n': 8, 'top_p': 1.0, 'max_tokens': 150}
Error code: 429 - {'error': {'message': 'invalid request error trace_id: 23a1810d7425799405b9b4ad6bb2c0a2 (request id: 20260616054549971564995mbdIeuJh)', 'type': 'bad_response_status_code', 'param': '', 'code': 'bad_response_status_code'}}
1 options {'temperature': 0.5, 'n': 8, 'top_p': 1.0, 'max_tokens': 150}
Error code: 429 - {'error': {'message': 'invalid request error trace_id: 90317382a41efb6274123b557d8b3778 (request id: 202606160546595459904053oGUY5UX)', 'type': 'bad_response_status_code', 'param': '', 'code': 'bad_response_status_code'}}
1 options {'temperature': 0.5, 'n': 8, 'top_p': 1.0, 'max_tokens': 150}
Error code: 429 - {'error': {'message': 'invalid request error trace_id: c15b1756f32939e6076e7b4b81eda30f (request id: 20260616054807814761922jETN4brh)', 'type': 'bad_response_status_code', 'param': '', 'code': 'bad_response_status_code'}}
FV-chain.py-_dynamic_chain_exec_with_cache_mp_core Error in test-68: too many retry times
1 options {'temperature': 0.0, 'n': 1, 'top_p': 1.0, 'max_tokens': 2048}
1 options {'temperature': 0.5, 'n': 8, 'top_p': 1.0, 'max_tokens': 150}
Error code: 429 - {'error': {'message': 'invalid request error trace_id: cc8619165676b7d2de11e8a285c78226 (request id: 20260616054858168939312TgggCpwv)', 'type': 'bad_response_status_code', 'param': '', 'code': 'bad_response_status_code'}}
1 options {'temperature': 0.5, 'n': 8, 'top_p': 1.0, 'max_tokens': 150}
Error code: 429 - {'error': {'message': 'invalid request error trace_id: eb5d88245644bfdf413eea0011009260 (request id: 20260616055006917781474WDKj9T1m)', 'type': 'bad_response_status_code', 'param': '', 'code': 'bad_response_status_code'}}
1 options {'temperature': 0.5, 'n': 8, 'top_p': 1.0, 'max_tokens': 150}
Error code: 429 - {'error': {'message': 'invalid request error trace_id: 50b9f50df40f8ddd4de6ec9b36ed7946 (request id: 20260616055115589303084i2uTkJgB)', 'type': 'bad_response_status_code', 'param': '', 'code': 'bad_response_status_code'}}
1 options {'temperature': 0.5, 'n': 8, 'top_p': 1.0, 'max_tokens': 150}
Error code: 429 - {'error': {'message': 'invalid request error trace_id: a428465514db503d9eb9fe8b86f1d4a4 (request id: 20260616055225645861465sjfeRBaC)', 'type': 'bad_response_status_code', 'param': '', 'code': 'bad_response_status_code'}}
FV-chain.py-_dynamic_chain_exec_with_cache_mp_core Error in test-69: too many retry times
1 options {'temperature': 0.0, 'n': 1, 'top_p': 1.0, 'max_tokens': 2048}
1 options {'temperature': 0.5, 'n': 8, 'top_p': 1.0, 'max_tokens': 150}
Error code: 429 - {'error': {'message': 'invalid request error trace_id: 3b85c788f7466b3e78a0acdd012b4f89 (request id: 202606160553262580386IfO6Qrey)', 'type': 'bad_response_status_code', 'param': '', 'code': 'bad_response_status_code'}}
1 options {'temperature': 0.5, 'n': 8, 'top_p': 1.0, 'max_tokens': 150}
Error code: 429 - {'error': {'message': 'invalid request error trace_id: 11c40278c4e83e7279c20f3df7d0fa8d (request id: 202606160554354581391807W2jEr3A)', 'type': 'bad_response_status_code', 'param': '', 'code': 'bad_response_status_code'}}
1 options {'temperature': 0.5, 'n': 8, 'top_p': 1.0, 'max_tokens': 150}
Error code: 429 - {'error': {'message': 'invalid request error trace_id: 63031894e8c04d2776bd93dceeb7ac69 (request id: 2026061605554490469311iX6aTtFF)', 'type': 'bad_response_status_code', 'param': '', 'code': 'bad_response_status_code'}}
1 options {'temperature': 0.5, 'n': 8, 'top_p': 1.0, 'max_tokens': 150}
Error code: 429 - {'error': {'message': 'invalid request error trace_id: d5799fddac1201f91c1eb108f4e10192 (request id: 20260616055653875523720e15oGmR)', 'type': 'bad_response_status_code', 'param': '', 'code': 'bad_response_status_code'}}
FV-chain.py-_dynamic_chain_exec_with_cache_mp_core Error in test-70: too many retry times
1 options {'temperature': 0.0, 'n': 1, 'top_p': 1.0, 'max_tokens': 2048}
1 options {'temperature': 0.5, 'n': 8, 'top_p': 1.0, 'max_tokens': 150}
Error code: 429 - {'error': {'message': 'invalid request error trace_id: 813514e0b3e62dfd1083ba5b64e5c79c (request id: 20260616055747203315784YSQNd3BK)', 'type': 'bad_response_status_code', 'param': '', 'code': 'bad_response_status_code'}}
1 options {'temperature': 0.5, 'n': 8, 'top_p': 1.0, 'max_tokens': 150}
Error code: 429 - {'error': {'message': 'invalid request error trace_id: 7a7e76f82f4f8a27b1edec31c4470fdc (request id: 20260616055856506561163qzwYzCnB)', 'type': 'bad_response_status_code', 'param': '', 'code': 'bad_response_status_code'}}
1 options {'temperature': 0.5, 'n': 8, 'top_p': 1.0, 'max_tokens': 150}
Error code: 429 - {'error': {'message': 'invalid request error trace_id: dad8cd4a712ffc192a930288b4db0736 (request id: 202606160600051668256052u3xlkCZ)', 'type': 'bad_response_status_code', 'param': '', 'code': 'bad_response_status_code'}}
1 options {'temperature': 0.5, 'n': 8, 'top_p': 1.0, 'max_tokens': 150}
Error code: 429 - {'error': {'message': 'invalid request error trace_id: 0e55bf69dd6040167490d32d2b502d23 (request id: 2026061606011470499793twHTIoYN)', 'type': 'bad_response_status_code', 'param': '', 'code': 'bad_response_status_code'}}
FV-chain.py-_dynamic_chain_exec_with_cache_mp_core Error in test-71: too many retry times
Dynamic chain execution:   3%|▎         | 69/2024 [8:57:39<184:33:22, 339.85s/it]1 options {'temperature': 0.0, 'n': 1, 'top_p': 1.0, 'max_tokens': 2048}
1 options {'temperature': 0.5, 'n': 8, 'top_p': 1.0, 'max_tokens': 150}
Error code: 429 - {'error': {'message': 'invalid request error trace_id: 78fa1d17407f21feede37be406f66091 (request id: 20260616060221879691318oyYi4qfG)', 'type': 'bad_response_status_code', 'param': '', 'code': 'bad_response_status_code'}}
1 options {'temperature': 0.5, 'n': 8, 'top_p': 1.0, 'max_tokens': 150}
Error code: 429 - {'error': {'message': 'invalid request error trace_id: a2322fa4e9ede169ae9ca27821dce1c4 (request id: 20260616060330402511612e6E6C4d9)', 'type': 'bad_response_status_code', 'param': '', 'code': 'bad_response_status_code'}}
1 options {'temperature': 0.5, 'n': 8, 'top_p': 1.0, 'max_tokens': 150}
Error code: 429 - {'error': {'message': 'invalid request error trace_id: 0410eacfa66354c7a1242d58502a1f68 (request id: 20260616060439278403049pRoWQjQG)', 'type': 'bad_response_status_code', 'param': '', 'code': 'bad_response_status_code'}}
1 options {'temperature': 0.5, 'n': 8, 'top_p': 1.0, 'max_tokens': 150}
Error code: 429 - {'error': {'message': 'invalid request error trace_id: dac02b497f05c496bb68d799c4bb7395 (request id: 202606160605492556389350FaSyIod)', 'type': 'bad_response_status_code', 'param': '', 'code': 'bad_response_status_code'}}
FV-chain.py-_dynamic_chain_exec_with_cache_mp_core Error in test-72: too many retry times
1 options {'temperature': 0.0, 'n': 1, 'top_p': 1.0, 'max_tokens': 2048}
1 options {'temperature': 0.5, 'n': 8, 'top_p': 1.0, 'max_tokens': 150}
Error code: 429 - {'error': {'message': 'invalid request error trace_id: ce55dddefd6188b5e60634a253332f39 (request id: 20260616060655900934648eEPrXOwL)', 'type': 'bad_response_status_code', 'param': '', 'code': 'bad_response_status_code'}}
1 options {'temperature': 0.5, 'n': 8, 'top_p': 1.0, 'max_tokens': 150}
Error code: 429 - {'error': {'message': 'invalid request error trace_id: c4998abdf513c09f81357ad91d97d624 (request id: 20260616060804923408271KVNwIrrq)', 'type': 'bad_response_status_code', 'param': '', 'code': 'bad_response_status_code'}}
1 options {'temperature': 0.5, 'n': 8, 'top_p': 1.0, 'max_tokens': 150}
Error code: 429 - {'error': {'message': 'invalid request error trace_id: 60ade7c5e86ef6b4957eea74b0bf7229 (request id: 202606160609148134207272hFROSJi)', 'type': 'bad_response_status_code', 'param': '', 'code': 'bad_response_status_code'}}
1 options {'temperature': 0.5, 'n': 8, 'top_p': 1.0, 'max_tokens': 150}
Error code: 429 - {'error': {'message': 'invalid request error trace_id: d5ec81041d18187621ec0f756c5af426 (request id: 202606160610237784581fU4ehhNF)', 'type': 'bad_response_status_code', 'param': '', 'code': 'bad_response_status_code'}}
FV-chain.py-_dynamic_chain_exec_with_cache_mp_core Error in test-73: too many retry times
1 options {'temperature': 0.0, 'n': 1, 'top_p': 1.0, 'max_tokens': 2048}
1 options {'temperature': 0.5, 'n': 8, 'top_p': 1.0, 'max_tokens': 150}
Error code: 429 - {'error': {'message': 'invalid request error trace_id: aadabce4f45f36fbde28a5e9c5957784 (request id: 20260616061107981289266grkocHpg)', 'type': 'bad_response_status_code', 'param': '', 'code': 'bad_response_status_code'}}
1 options {'temperature': 0.5, 'n': 8, 'top_p': 1.0, 'max_tokens': 150}
Error code: 429 - {'error': {'message': 'invalid request error trace_id: 280a3149530f3343a38de9e91557843d (request id: 20260616061218741003665XXwQ7WBB)', 'type': 'bad_response_status_code', 'param': '', 'code': 'bad_response_status_code'}}
1 options {'temperature': 0.5, 'n': 8, 'top_p': 1.0, 'max_tokens': 150}
Error code: 429 - {'error': {'message': 'invalid request error trace_id: 9f79c57afa7f35f66a444ee6ef3b2d4a (request id: 20260616061328220463897xdzfnit5)', 'type': 'bad_response_status_code', 'param': '', 'code': 'bad_response_status_code'}}
1 options {'temperature': 0.5, 'n': 8, 'top_p': 1.0, 'max_tokens': 150}
Error code: 429 - {'error': {'message': 'invalid request error trace_id: 3f9efeaeb2e1dad7ce864a124e8cd7e9 (request id: 202606160614371896043564jYmQhVb)', 'type': 'bad_response_status_code', 'param': '', 'code': 'bad_response_status_code'}}
FV-chain.py-_dynamic_chain_exec_with_cache_mp_core Error in test-74: too many retry times
1 options {'temperature': 0.0, 'n': 1, 'top_p': 1.0, 'max_tokens': 2048}
1 options {'temperature': 0.5, 'n': 8, 'top_p': 1.0, 'max_tokens': 150}
Error code: 429 - {'error': {'message': 'invalid request error trace_id: 8e0d1f2646f1b1b16cdef7e4dae2e5bd (request id: 20260616061523971849078rGv5vE60)', 'type': 'bad_response_status_code', 'param': '', 'code': 'bad_response_status_code'}}
1 options {'temperature': 0.5, 'n': 8, 'top_p': 1.0, 'max_tokens': 150}
Error code: 429 - {'error': {'message': 'invalid request error trace_id: a4d2b81aaa628c9763431d20094500cd (request id: 202606160616339816256008yQ9AVYb)', 'type': 'bad_response_status_code', 'param': '', 'code': 'bad_response_status_code'}}
1 options {'temperature': 0.5, 'n': 8, 'top_p': 1.0, 'max_tokens': 150}
Error code: 429 - {'error': {'message': 'invalid request error trace_id: 7e647c1e97e5d98d055d1bc376677a07 (request id: 20260616061742771068952gOV7NTGC)', 'type': 'bad_response_status_code', 'param': '', 'code': 'bad_response_status_code'}}
1 options {'temperature': 0.5, 'n': 8, 'top_p': 1.0, 'max_tokens': 150}
Error code: 429 - {'error': {'message': 'invalid request error trace_id: 31b65bbc7ffb68a115728fda01baa55e (request id: 20260616061851960233421Tmfkfbvq)', 'type': 'bad_response_status_code', 'param': '', 'code': 'bad_response_status_code'}}
FV-chain.py-_dynamic_chain_exec_with_cache_mp_core Error in test-75: too many retry times
Dynamic chain execution:   4%|▎         | 73/2024 [9:15:17<171:54:59, 317.22s/it]1 options {'temperature': 0.0, 'n': 1, 'top_p': 1.0, 'max_tokens': 2048}
1 options {'temperature': 0.5, 'n': 8, 'top_p': 1.0, 'max_tokens': 150}
Error code: 429 - {'error': {'message': 'invalid request error trace_id: 7e5e9b1240466ef9315bef214f10ef03 (request id: 20260616061956468843748HnHAp5nP)', 'type': 'bad_response_status_code', 'param': '', 'code': 'bad_response_status_code'}}
1 options {'temperature': 0.5, 'n': 8, 'top_p': 1.0, 'max_tokens': 150}
Error code: 429 - {'error': {'message': 'invalid request error trace_id: 45ce506cc89f10380613bcf907b1d0fd (request id: 2026061606210564995691020rkOkD5)', 'type': 'bad_response_status_code', 'param': '', 'code': 'bad_response_status_code'}}
1 options {'temperature': 0.5, 'n': 8, 'top_p': 1.0, 'max_tokens': 150}
Error code: 429 - {'error': {'message': 'invalid request error trace_id: 94e597592175b2a28b4f4a20b67f0ccb (request id: 20260616062214433434767pDsy23sa)', 'type': 'bad_response_status_code', 'param': '', 'code': 'bad_response_status_code'}}
1 options {'temperature': 0.5, 'n': 8, 'top_p': 1.0, 'max_tokens': 150}
Error code: 429 - {'error': {'message': 'invalid request error trace_id: 1433f97b088d9eefbfe4f3bf14294a4f (request id: 20260616062323298490126vm12xfii)', 'type': 'bad_response_status_code', 'param': '', 'code': 'bad_response_status_code'}}
FV-chain.py-_dynamic_chain_exec_with_cache_mp_core Error in test-76: too many retry times
1 options {'temperature': 0.0, 'n': 1, 'top_p': 1.0, 'max_tokens': 2048}
1 options {'temperature': 0.5, 'n': 8, 'top_p': 1.0, 'max_tokens': 150}
Error code: 429 - {'error': {'message': 'invalid request error trace_id: 445e33adb3949b8abd56bb0c8af18d95 (request id: 20260616062415948984550ErQDHEp)', 'type': 'bad_response_status_code', 'param': '', 'code': 'bad_response_status_code'}}
1 options {'temperature': 0.5, 'n': 8, 'top_p': 1.0, 'max_tokens': 150}
Error code: 429 - {'error': {'message': 'invalid request error trace_id: d0417269919982864ad4dc43a24731a3 (request id: 20260616062523765550260n2wKUqwW)', 'type': 'bad_response_status_code', 'param': '', 'code': 'bad_response_status_code'}}
1 options {'temperature': 0.5, 'n': 8, 'top_p': 1.0, 'max_tokens': 150}
Error code: 429 - {'error': {'message': 'invalid request error trace_id: b4315d3b9f34b32947dd9523fbf15e02 (request id: 20260616062632958835478QwB4OGlU)', 'type': 'bad_response_status_code', 'param': '', 'code': 'bad_response_status_code'}}
1 options {'temperature': 0.5, 'n': 8, 'top_p': 1.0, 'max_tokens': 150}
Error code: 429 - {'error': {'message': 'invalid request error trace_id: a3ca996c6bee845d010b171d11b5cf2a (request id: 20260616062741651814526ZvNuHMEu)', 'type': 'bad_response_status_code', 'param': '', 'code': 'bad_response_status_code'}}
FV-chain.py-_dynamic_chain_exec_with_cache_mp_core Error in test-77: too many retry times
1 options {'temperature': 0.0, 'n': 1, 'top_p': 1.0, 'max_tokens': 2048}
1 options {'temperature': 0.5, 'n': 8, 'top_p': 1.0, 'max_tokens': 150}
Error code: 429 - {'error': {'message': 'invalid request error trace_id: b7863d652f7aacba75e52bb66e9842d9 (request id: 20260616062839357355756cgdxy8Y1)', 'type': 'bad_response_status_code', 'param': '', 'code': 'bad_response_status_code'}}
1 options {'temperature': 0.5, 'n': 8, 'top_p': 1.0, 'max_tokens': 150}
Error code: 429 - {'error': {'message': 'invalid request error trace_id: 0797aa963193ca4519b4113da4abdd8b (request id: 202606160629486907707079wuMiIeA)', 'type': 'bad_response_status_code', 'param': '', 'code': 'bad_response_status_code'}}
1 options {'temperature': 0.5, 'n': 8, 'top_p': 1.0, 'max_tokens': 150}
Error code: 429 - {'error': {'message': 'invalid request error trace_id: 12e000545a245a876bd4c58679c8983d (request id: 20260616063057610837344yRZEd8yG)', 'type': 'bad_response_status_code', 'param': '', 'code': 'bad_response_status_code'}}
1 options {'temperature': 0.5, 'n': 8, 'top_p': 1.0, 'max_tokens': 150}
Error code: 429 - {'error': {'message': 'invalid request error trace_id: 69e49ccde2faa3e74cdd8af4482aadcf (request id: 20260616063206109930557YLyIFunS)', 'type': 'bad_response_status_code', 'param': '', 'code': 'bad_response_status_code'}}
FV-chain.py-_dynamic_chain_exec_with_cache_mp_core Error in test-78: too many retry times
1 options {'temperature': 0.0, 'n': 1, 'top_p': 1.0, 'max_tokens': 2048}
1 options {'temperature': 0.5, 'n': 8, 'top_p': 1.0, 'max_tokens': 150}
Error code: 429 - {'error': {'message': 'invalid request error trace_id: e41636c5c253f25ea0ca0a3856def15d (request id: 20260616063305881062893uzEOnP17)', 'type': 'bad_response_status_code', 'param': '', 'code': 'bad_response_status_code'}}
1 options {'temperature': 0.5, 'n': 8, 'top_p': 1.0, 'max_tokens': 150}
Error code: 429 - {'error': {'message': 'invalid request error trace_id: a1a5d51007ed698ad3dd79b1aa010ad0 (request id: 20260616063414576027306ASki1cKo)', 'type': 'bad_response_status_code', 'param': '', 'code': 'bad_response_status_code'}}
1 options {'temperature': 0.5, 'n': 8, 'top_p': 1.0, 'max_tokens': 150}
Error code: 429 - {'error': {'message': 'invalid request error trace_id: 7b59bcb6983d1f9dfa37652e69f123ac (request id: 20260616063523430220412HYkAsofL)', 'type': 'bad_response_status_code', 'param': '', 'code': 'bad_response_status_code'}}
1 options {'temperature': 0.5, 'n': 8, 'top_p': 1.0, 'max_tokens': 150}
Error code: 429 - {'error': {'message': 'invalid request error trace_id: 270c64cb60892ad003441b43ed4887cc (request id: 20260616063633367206259gO7VcOmm)', 'type': 'bad_response_status_code', 'param': '', 'code': 'bad_response_status_code'}}
FV-chain.py-_dynamic_chain_exec_with_cache_mp_core Error in test-79: too many retry times
Dynamic chain execution:   4%|▍         | 77/2024 [9:32:57<163:06:20, 301.58s/it]1 options {'temperature': 0.0, 'n': 1, 'top_p': 1.0, 'max_tokens': 2048}
1 options {'temperature': 0.5, 'n': 8, 'top_p': 1.0, 'max_tokens': 150}
Error code: 429 - {'error': {'message': 'invalid request error trace_id: 1a9964b6d29a87a28118b5edc0048ada (request id: 20260616063739213529223esKqtvqt)', 'type': 'bad_response_status_code', 'param': '', 'code': 'bad_response_status_code'}}
1 options {'temperature': 0.5, 'n': 8, 'top_p': 1.0, 'max_tokens': 150}
Error code: 429 - {'error': {'message': 'invalid request error trace_id: 797d3c50f8c0267b094042e4522e6c54 (request id: 20260616063849354895405l9P0BZqp)', 'type': 'bad_response_status_code', 'param': '', 'code': 'bad_response_status_code'}}
1 options {'temperature': 0.5, 'n': 8, 'top_p': 1.0, 'max_tokens': 150}
Error code: 429 - {'error': {'message': 'invalid request error trace_id: 4258bba3513b9f65c3b766bd08ba90d5 (request id: 20260616063958775188024UhYCMqX9)', 'type': 'bad_response_status_code', 'param': '', 'code': 'bad_response_status_code'}}
1 options {'temperature': 0.5, 'n': 8, 'top_p': 1.0, 'max_tokens': 150}
Error code: 429 - {'error': {'message': 'invalid request error trace_id: d54531c00ae1b4fdc3b0b6e866bb61c8 (request id: 20260616064108379288863rv1LDSmb)', 'type': 'bad_response_status_code', 'param': '', 'code': 'bad_response_status_code'}}
FV-chain.py-_dynamic_chain_exec_with_cache_mp_core Error in test-80: too many retry times
1 options {'temperature': 0.0, 'n': 1, 'top_p': 1.0, 'max_tokens': 2048}
1 options {'temperature': 0.5, 'n': 8, 'top_p': 1.0, 'max_tokens': 150}
Error code: 429 - {'error': {1 options {'temperature': 0.5, 'n': 8, 'top_p': 1.0, 'max_tokens': 150}
Error code: 429 - {'error': {'message': 'invalid request error trace_id: 2cc819d09d9349c003ffdc062be84f97 (request id: 202606160642346695311 options {'temperature': 0.5, 'n': 8, 'top_p': 1.0, 'max_tokens': 150}
Error code: 429 - {'error': {1 options {'temperature': 0.5, 'n': 8, 'top_p': 1.0, 'max_tokens': 150}
Error code: 429 - {'error': {'message': 'invalid request error trace_id: 26528c35d1f6bb582c14f4191d2f040c (request id: 202606160643431961651 options {'temperature': 0.5, 'n': 8, 'top_p': 1.0, 'max_tokens': 150}
Error code: 429 - {'error': {'message': 'invalid request error trace_id: 9843465c435fe3a1397148383ef6c5e2 (request id: 1 options {'temperature': 0.0, 'n': 1, 'top_p': 1.0, 'max_tokens': 2048}
1 options {'temperature': 0.5, 'n': 8, 'top_p': 1 options {'temperature': 0.5, 'n': 8, 'top_p': 1.0, 'max_tokens': 150}
Error code: 429 - {'error': {'message': 'invalid request error trace_id: 39b5d5d78767569715f111264988d299 (request id: 20260616064531308189538EskZXALX)', 'type': 'bad_response_status_code', 'p1 options {'temperature': 0.5, 'n': 8, 'top_p': 1.0, 'max_tokens': 150}
Error code: 429 - {'error': {'message': 'invalid request error tra1 options {'temperature': 0.0, 'n': 1, 'top_p': 1.0, 'max_tokens': 2048}
<html>
<head><title>504 Gateway Time-out</title></head>
<body>
<center><h1>504 Gateway Time-out</h1></center>
<hr><center>openresty</center>
</body>
</html>
1 options {'temperature': 0.0, 'n': 1, 'top_p': 1.0, 'max_tokens': 2048}
<html>
<head><title>504 Gateway Time-out</title></head>
<body>
<center><h1>504 Gateway Time-out</h1></center>
<hr><center>openresty</center>
</body>
</html>
1 options {'temperature': 0.0, 'n': 1, 'top_p': 1.0, 'max_tokens': 2048}
<html>
<head><title>504 Gateway Time-out</title></head>
<body>
<center><h1>504 Gateway Time-out</h1></center>
<hr><center>openresty</center>
</body>
</html>
1 options {'temperature': 0.0, 'n': 1, 'top_p': 1.0, 'max_tokens': 2048}
<html>
<head><title>504 Gateway Time-out</title></head>
<body>
<center><h1>504 Gateway Time-out</h1></center>
<hr><center>openresty</center>
</body>
</html>
FV-chain.py-_dynamic_chain_exec_with_cache_mp_core Error in test-82: too many retry times
1 options {'temperature': 0.0, 'n': 1, 'top_p': 1.0, 'max_tokens': 2048}
1 options {'temperature': 0.5, 'n': 8, 'top_p': 1.0, 'max_tokens': 150}
Error code: 429 - {'error': {'message': 'invalid request error trace_id: 8031ba9d462220dd86318f54f5deabf1 (request id: 2026061607034782374050K7e1hYQR)', 'type': 'bad_response_status_code', 'param': '', 'code': 'bad_response_status_code'}}
1 options {'temperature': 0.5, 'n': 8, 'top_p': 1.0, 'max_tokens': 150}
Error code: 429 - {'error': {'message': 'invalid request error trace_id: 570aaded6ae8eb1c9e39bed2524514ba (request id: 2026061607045656979916kR7Oujum)', 'type': 'bad_response_status_code', 'param': '', 'code': 'bad_response_status_code'}}
1 options {'temperature': 0.5, 'n': 8, 'top_p': 1.0, 'max_tokens': 150}
Error code: 429 - {'error': {'message': 'invalid request error trace_id: df23468cc2ba57cef0d25d3d05be6b99 (request id: 202606160706053233425N1ucfdI9)', 'type': 'bad_response_status_code', 'param': '', 'code': 'bad_response_status_code'}}
1 options {'temperature': 0.5, 'n': 8, 'top_p': 1.0, 'max_tokens': 150}
Error code: 429 - {'error': {'message': 'invalid request error trace_id: 65e4023221032deafff27e8470ecdea4 (request id: 20260616070713806230200hfrecbIp)', 'type': 'bad_response_status_code', 'param': '', 'code': 'bad_response_status_code'}}
FV-chain.py-_dynamic_chain_exec_with_cache_mp_core Error in test-83: too many retry times
Dynamic chain execution:   4%|▍         | 81/2024 [10:03:39<188:29:04, 349.22s/it]1 options {'temperature': 0.0, 'n': 1, 'top_p': 1.0, 'max_tokens': 2048}
1 options {'temperature': 0.0, 'n': 1, 'top_p': 1.0, 'max_tokens': 150}
1 options {'temperature': 0, 'n': 1, 'top_p': 1.0, 'max_tokens': 150}
1 options {'temperature': 0, 'n': 1, 'top_p': 1.0, 'max_tokens': 150}
1 options {'temperature': 0, 'n': 1, 'top_p': 1.0, 'max_tokens': 150}
1 options {'temperature': 0, 'n': 1, 'top_p': 1.0, 'max_tokens': 150}
1 options {'temperature': 0, 'n': 1, 'top_p': 1.0, 'max_tokens': 150}
1 options {'temperature': 0, 'n': 1, 'top_p': 1.0, 'max_tokens': 150}
1 options {'temperature': 0, 'n': 1, 'top_p': 1.0, 'max_tokens': 150}
1 options {'temperature': 0, 'n': 1, 'top_p': 1.0, 'max_tokens': 150}
1 options {'temperature': 0, 'n': 1, 'top_p': 1.0, 'max_tokens': 150}
1 options {'temperature': 0, 'n': 1, 'top_p': 1.0, 'max_tokens': 150}
1 options {'temperature': 0, 'n': 1, 'top_p': 1.0, 'max_tokens': 150}
1 options {'temperature': 0, 'n': 1, 'top_p': 1.0, 'max_tokens': 150}
1 options {'temperature': 0, 'n': 1, 'top_p': 1.0, 'max_tokens': 150}
1 options {'temperature': 0, 'n': 1, 'top_p': 1.0, 'max_tokens': 150}
1 options {'temperature': 0, 'n': 1, 'top_p': 1.0, 'max_tokens': 150}
1 options {'temperature': 0, 'n': 1, 'top_p': 1.0, 'max_tokens': 150}
1 options {'temperature': 0, 'n': 1, 'top_p': 1.0, 'max_tokens': 150}
1 options {'temperature': 0, 'n': 1, 'top_p': 1.0, 'max_tokens': 150}
1 options {'temperature': 0, 'n': 1, 'top_p': 1.0, 'max_tokens': 150}
1 options {'temperature': 0, 'n': 1, 'top_p': 1.0, 'max_tokens': 150}
1 options {'temperature': 0, 'n': 1, 'top_p': 1.0, 'max_tokens': 150}
1 options {'temperature': 0, 'n': 1, 'top_p': 1.0, 'max_tokens': 150}
1 options {'temperature': 0, 'n': 1, 'top_p': 1.0, 'max_tokens': 150}
1 options {'temperature': 0, 'n': 1, 'top_p': 1.0, 'max_tokens': 150}
1 options {'temperature': 0, 'n': 1, 'top_p': 1.0, 'max_tokens': 150}
1 options {'temperature': 0, 'n': 1, 'top_p': 1.0, 'max_tokens': 150}
1 options {'temperature': 0, 'n': 1, 'top_p': 1.0, 'max_tokens': 150}
1 options {'temperature': 0, 'n': 1, 'top_p': 1.0, 'max_tokens': 150}
1 options {'temperature': 0, 'n': 1, 'top_p': 1.0, 'max_tokens': 150}
1 options {'temperature': 0, 'n': 1, 'top_p': 1.0, 'max_tokens': 150}
1 options {'temperature': 0, 'n': 1, 'top_p': 1.0, 'max_tokens': 150}
1 options {'temperature': 0, 'n': 1, 'top_p': 1.0, 'max_tokens': 150}
1 options {'temperature': 0, 'n': 1, 'top_p': 1.0, 'max_tokens': 150}
1 options {'temperature': 0, 'n': 1, 'top_p': 1.0, 'max_tokens': 150}
1 options {'temperature': 0, 'n': 1, 'top_p': 1.0, 'max_tokens': 150}
1 options {'temperature': 0.0, 'n': 1, 'top_p': 1.0, 'max_tokens': 2048}
<html>
<head><title>504 Gateway Time-out</title></head>
<body>
<center><h1>504 Gateway Time-out</h1></center>
<hr><center>openresty</center>
</body>
</html>
1 options {'temperature': 0.0, 'n': 1, 'top_p': 1.0, 'max_tokens': 2048}
1 options {'temperature': 0.5, 'n': 8, 'top_p': 1.0, 'max_tokens': 150}
Error code: 429 - {'error': {'mes1 options {'temperature': 0.0, 'n': 1, 'top_p': 1.0, 'max_tokens': 2048}
<html>
<head><title>504 Gateway Time-out</title></head>
<body>
<center><h1>504 Gateway Time-out</h1></center>
<hr><center>openrest1 options {'temperature': 0.51 options {'temperature': 0.0, 'n': 1, 'top_p': 1.0, 'max_tokens': 2048}
<html>
<head><title>504 Gateway Time-out</title></head>
<body>
<center><h1>504 Gateway Time-out</h1></center>
<hr><center>openresty</center>
</body>
</html>
FV-chain.py-_dynamic_chain_exec_with_cache_mp_core Error in test-85: too many retry times
1 options {'temperature': 0.0, 'n': 1, 'top_p': 1.0, 'max_tokens': 2048}
1 options {'temperature': 0.5, 'n': 8, 'top_p': 1.0, 'max_tokens': 150}
Error code: 429 - {'error': {'message': 'invalid request error trace_id: b673d2b7acbf9d90654f28059d992e17 (request id: 20260616073426686079308mcbUnyqT)', 'type': 'bad_response_status_code', 'param': '', 'code': 'bad_response_status_code'}}
1 options {'temperature': 0.5, 'n': 8, 'top_p': 1.0, 'max_tokens': 150}
Error code: 429 - {'error': {'message': 'invalid request error trace_id: 4900978188d9d38ba564f772b39bc2f4 (request id: 2026061607353685337872hAR3khV)', 'type': 'bad_response_status_code', 'param': '', 'code': 'bad_response_status_code'}}
1 options {'temperature': 0.5, 'n': 8, 'top_p': 1.0, 'max_tokens': 150}
Error code: 429 - {'error': {'message': 'invalid request error trace_id: 2240c7c2db03889c955887f2a936c4b2 (request id: 2026061607364540116431 options {'temperature': 0.0, 'n': 1, 'top_p': 1.0, 'max_tokens': 2048}
<html>
<head><title>504 Gateway Time-out</title></head>
<body>
<center><h1>504 Gateway Time-out</h1></center>
<hr><center>openresty</center>
</body>
</html>
1 options {'temperature': 0.0, 'n': 1, 'top_p': 1.0, 'max_tokens': 2048}
<html>
<head><title>504 Gateway Time-out</title></head>
<body>
<center><h1>504 Gateway Time-out</h1></center>
<hr><center>openresty</center>
</body>
</html>
1 options {'temperature': 0.0, 'n': 1, 'top_p': 1.0, 'max_tokens': 2048}
<html>
<head><title>504 Gateway Time-out</title></head>
<body>
<center><h1>504 Gateway Time-out</h1></center>
<hr><center>openresty</center>
</body>
</html>
FV-chain.py-_dynamic_chain_exec_with_cache_mp_core Error in test-85: too many retry times
1 options {'temperature': 0.0, 'n': 1, 'top_p': 1.0, 'max_tokens': 2048}
1 options {'temperature': 0.5, 'n': 8, 'top_p': 1.0, 'max_tokens': 150}
Error code: 429 - {'error': {'message': 'invalid request error trace_id: e2db064a6d26da01a398d3bc3c40c3de (request id: 20260616074944102816305bWcveNHo)', 'type': 'bad_response_status_code', 'param': '', 'code': 'bad_response_status_code'}}
1 options {'temperature': 01 options {'temperature': 0.0, 'n': 1, 'top_p': 1.0, 'max_tokens': 2048}
<html>
<head><title>504 Gateway Time-out</title></head>
<body>
<center><h1>504 Gateway Time-out</h1></center>
<hr><center>openresty</center>
</body>
</html>
FV-chain.py-_dynamic_chain_exec_with_cache_mp_core Error in test-87: too many retry times
Dynamic chain execution:   4%|▍         | 85/2024 [10:49:23<240:06:03, 445.78s/it]1 options {'temperature': 0.0, 'n': 1, 'top_p': 1.0, 'max_tokens': 2048}
<html>
<head><title>504 Gateway Time-out</title></head>
<body>
<center><h1>504 Gateway Time-out</h1></center>
<hr><center>openresty</center>
</body>
</html>
1 options {'temperature': 0.0, 'n': 1, 'top_p': 1.0, 'max_tokens': 2048}
<html>
<head><title>504 Gateway Time-out</title></head>
<body>
<center><h1>504 Gateway Time-out</h1></center>
<hr><center>openresty</center>
</body>
</html>
1 options {'temperature': 0.0, 'n': 1, 'top_p': 1.0, 'max_tokens': 2048}
<html>
<head><title>504 Gateway Time-out</title></head>
<body>
<center><h1>504 Gateway Time-out</h1></center>
<hr><center>openresty</center>
</body>
</html>
1 options {'temperature': 0.0, 'n': 1, 'top_p': 1.0, 'max_tokens': 2048}
<html>
<head><title>504 Gateway Time-out</title></head>
<body>
<center><h1>504 Gateway Time-out</h1></center>
<hr><center>openresty</center>
</body>
</html>
FV-chain.py-_dynamic_chain_exec_with_cache_mp_core Error in test-88: too many retry times
1 options {'temperature': 0.0, 'n': 1, 'top_p': 1.0, 'max_tokens': 2048}
<html>
<head><title>504 Gateway Time-out</title></head>
<body>
<center><h1>504 Gateway Time-out</h1></center>
<hr><center>openresty</center>
</body>
</html>
1 options {'temperature': 0.0, 'n': 1, 'top_p': 1.0, 'max_tokens': 2048}
<html>
<head><title>504 Gateway Time-out</title></head>
<body>
<center><h1>504 Gateway Time-out</h1></center>
<hr><center>openresty</center>
</body>
</html>
1 options {'temperature': 0.0, 'n': 1, 'top_p': 1.0, 'max_tokens': 2048}
<html>
<head><title>504 Gateway Time-out</title></head>
<body>
<center><h1>504 Gateway Time-out</h1></center>
<hr><center>openresty</center>
</body>
</html>
1 options {'temperature': 0.0, 'n': 1, 'top_p': 1.0, 'max_tokens': 2048}
<html>
<head><title>504 Gateway Time-out</title></head>
<body>
<center><h1>504 Gateway Time-out</h1></center>
<hr><center>openresty</center>
</body>
</html>
FV-chain.py-_dynamic_chain_exec_with_cache_mp_core Error in test-89: too many retry times
1 options {'temperature': 0.0, 'n': 1, 'top_p': 1.0, 'max_tokens': 2048}
1 options {'temperature': 0.5, 'n': 8, 'top_p': 1.0, 'max_tokens': 150}
Error code: 429 - {'error': {'message': 'invalid request error trace_id: e117c0598483d743dd69ba193b8478b1 (request id: 2026061608241344662962089OvaumY)', 'type': 'bad_response_status_code', 'param': '', 'code': 'bad_response_status_code'}}
1 options {'temperature': 0.5, 'n': 8, 'top_p': 1.0, 'max_tokens': 150}
Error code: 429 - {'error': {'message': 'invalid request error trace_id: d5a8678aac1768c88837ea6ca91ee712 (request id: 20260616082521896838658P23MFcgt)', 'type': 'bad_response_status_code', 'param': '', 'code': 'bad_response_status_code'}}
1 options {'temperature': 0.5, 'n': 8, 'top_p': 1.0, 'max_tokens': 150}
Error code: 429 - {'error': {'message': 'invalid request error trace_id: add2504dcf144607c3f69b67f7c93143 (request id: 20260616082630928009589zdfAWfVK)', 'type': 'bad_response_status_code', 'param': '', 'code': 'bad_response_status_code'}}
1 options {'temperature': 0.5, 'n': 8, 'top_p': 1.0, 'max_tokens': 150}
Error code: 429 - {'error': {'message': 'invalid request error trace_id: a30c80294f705280a9cb9df4169f242f (request id: 20260616082740360647333IMq6LA89)', 'type': 'bad_response_status_code', 'param': '', 'code': 'bad_response_status_code'}}
FV-chain.py-_dynamic_chain_exec_with_cache_mp_core Error in test-90: too many retry times
1 options {'temperature': 0.0, 'n': 1, 'top_p': 1.0, 'max_tokens': 2048}
1 options {'temperature': 0.5, 'n': 8, 'top_p': 1.0, 'max_tokens': 150}
Error code: 429 - {'error': {'message': 'invalid request error trace_id: 63638b28bddb03565150e8d580dd9b77 (request id: 20260616082845371068028TDlowrm9)', 'type': 'bad_response_status_code', 'param': '', 'code': 'bad_response_status_code'}}
1 options {'temperature': 0.5, 'n': 8, 'top_p': 1.0, 'max_tokens': 150}
Error code: 429 - {'error': {'message': 'invalid request error trace_id: b3caf85c83efdb9dca6baab490cfd216 (request id: 202606160829547711010588jHqHJQA)', 'type': 'bad_response_status_code', 'param': '', 'code': 'bad_response_status_code'}}
1 options {'temperature': 0.5, 'n': 8, 'top_p': 1.0, 'max_tokens': 150}
Error code: 429 - {'error': {'message': 'invalid request error trace_id: cfedbd50f53ea70bedbb344736cb4dd6 (request id: 20260616083103644466466iyvFUGvH)', 'type': 'bad_response_status_code', 'param': '', 'code': 'bad_response_status_code'}}
1 options {'temperature': 0.5, 'n': 8, 'top_p': 1.0, 'max_tokens': 150}
Error code: 429 - {'error': {'message': 'invalid request error trace_id: 3241f555810b2cf87ce78275bb0f3275 (request id: 20260616083212488600885CnbORF9v)', 'type': 'bad_response_status_code', 'param': '', 'code': 'bad_response_status_code'}}
FV-chain.py-_dynamic_chain_exec_with_cache_mp_core Error in test-91: too many retry times
Dynamic chain execution:   4%|▍         | 89/2024 [11:28:35<262:32:54, 488.46s/it]1 options {'temperature': 0.0, 'n': 1, 'top_p': 1.0, 'max_tokens': 2048}
1 options {'temperature': 0.5, 'n': 8, 'top_p': 1.0, 'max_tokens': 150}
Error code: 429 - {'error': {'message': 'invalid request error trace_id: d97dcef7c9fa7de923f0485b6f99785e (request id: 20260616083521699567980OXtU7bk7)', 'type': 'bad_response_status_code', 'param': '', 'code': 'bad_response_status_code'}}
1 options {'temperature': 0.5, 'n': 8, 'top_p': 1.0, 'max_tokens': 150}
Error code: 429 - {'error': {'message': 'invalid request error trace_id: cf51eef91b0cc37c3712103b8467912c (request id: 2026061608363097786027Htv1KFYp)', 'type': 'bad_response_status_code', 'param': '', 'code': 'bad_response_status_code'}}
1 options {'temperature': 0.5, 'n': 8, 'top_p': 1.0, 'max_tokens': 150}
Error code: 429 - {'error': {'message': 'invalid request error trace_id: 66aee5a37adb6e8120ba69681b05f95e (request id: 20260616083739856799245E2ypbJGp)', 'type': 'bad_response_status_code', 'param': '', 'code': 'bad_response_status_code'}}
1 options {'temperature': 0.5, 'n': 8, 'top_p': 1.0, 'max_tokens': 150}
Error code: 429 - {'error': {'message': 'invalid request error trace_id: 7f827669965d3aa02363b638f8d547d7 (request id: 202606160838489636579570Ma7kjbW)', 'type': 'bad_response_status_code', 'param': '', 'code': 'bad_response_status_code'}}
FV-chain.py-_dynamic_chain_exec_with_cache_mp_core Error in test-92: too many retry times
1 options {'temperature': 0.0, 'n': 1, 'top_p': 1.0, 'max_tokens': 2048}
<html>
<head><title>504 Gateway Time-out</title></head>
<body>
<center><h1>504 Gateway Time-out</h1></center>
<hr><center>openresty</center>
</body>
</html>
1 options {'temperature': 0.0, 'n': 1, 'top_p': 1.0, 'max_tokens': 2048}
<html>
<head><title>504 Gateway Time-out</title></head>
<body>
<center><h1>504 Gateway Time-out</h1></center>
<hr><center>openresty</center>
</body>
</html>
1 options {'temperature': 0.0, 'n': 1, 'top_p': 1.0, 'max_tokens': 2048}
<html>
<head><title>504 Gateway Time-out</title></head>
<body>
<center><h1>504 Gateway Time-out</h1></center>
<hr><center>openresty</center>
</body>
</html>
1 options {'temperature': 0.0, 'n': 1, 'top_p': 1.0, 'max_tokens': 2048}
1 options {'temperature': 0.5, 'n': 8, 'top_p': 1.0, 'max_tokens': 150}
Error code: 429 - {'error': {'message': 'invalid request error trace_id: 8acfb7dbd702a4a65ce31d022ee2cfb8 (request id: 20260616085259703650327lC0TPBLu)', 'type': 'bad_response_status_code', 'param': '', 'code': 'bad_response_status_code'}}
1 options {'temperature': 0.5, 'n': 8, 'top_p': 1.0, 'max_tokens': 150}
Error code: 429 - {'error': {'message': 'invalid request error trace_id: 6241a7902de8b05d0cb0876955059d47 (request id: 202606160854099620177641oFceUyK)', 'type': 'bad_response_status_code', 'param': '', 'code': 'bad_response_status_code'}}
1 options {'temperature': 0.5, 'n': 8, 'top_p': 1.0, 'max_tokens': 150}
Error code: 429 - {'error': {'message': 'invalid request error trace_id: 02504a9e4adae94c4aa133ea1551e3f9 (request id: 20260616085519213245069qVEVCi1Q)', 'type': 'bad_response_status_code', 'param': '', 'code': 'bad_response_status_code'}}
1 options {'temperature': 0.5, 'n': 8, 'top_p': 1.0, 'max_tokens': 150}
Error code: 429 - {'error': {'message': 'invalid request error trace_id: 7bde3806227bf0c6a31ce15d870e528d (request id: 20260616085628616054424asUwXbUt)', 'type': 'bad_response_status_code', 'param': '', 'code': 'bad_response_status_code'}}
FV-chain.py-_dynamic_chain_exec_with_cache_mp_core Error in test-93: too many retry times
1 options {'temperature': 0.0, 'n': 1, 'top_p': 1.0, 'max_tokens': 2048}
1 options {'temperature': 0.5, 'n': 8, 'top_p': 1.0, 'max_tokens': 150}
Error code: 429 - {'error': {'message': 'invalid request error trace_id: 38c1670585b97fbe1cb8469e5a8eb6c8 (request id: 20260616085731911343465KUUSGNb5)', 'type': 'bad_response_status_code', 'param': '', 'code': 'bad_response_status_code'}}
1 options {'temperature': 0.5, 'n': 8, 'top_p': 1.0, 'max_tokens': 150}
Error code: 429 - {'error': {'message': 'invalid request error trace_id: e7695718fbbd8ce6eaf6d07405908479 (request id: 20260616085841266908440MZsnUbIc)', 'type': 'bad_response_status_code', 'param': '', 'code': 'bad_response_status_code'}}
1 options {'temperature': 0.5, 'n': 8, 'top_p': 1.0, 'max_tokens': 150}
Error code: 429 - {'error': {'message': 'invalid request error trace_id: f2aa01d995f3087015acaa7f813f2120 (request id: 20260616085950583986446esoa3ZzN)', 'type': 'bad_response_status_code', 'param': '', 'code': 'bad_response_status_code'}}
1 options {'temperature': 0.5, 'n': 8, 'top_p': 1.0, 'max_tokens': 150}
Error code: 429 - {'error': {'message': 'invalid request error trace_id: 8ee045e59b73c0a1d091eac9c9ad52b7 (request id: 202606160900593553606093EWRSJEU)', 'type': 'bad_response_status_code', 'param': '', 'code': 'bad_response_status_code'}}
FV-chain.py-_dynamic_chain_exec_with_cache_mp_core Error in test-94: too many retry times
1 options {'temperature': 0.0, 'n': 1, 'top_p': 1.0, 'max_tokens': 2048}
<html>
<head><title>504 Gateway Time-out</title></head>
<body>
<center><h1>504 Gateway Time-out</h1></center>
<hr><center>openresty</center>
</body>
</html>
1 options {'temperature': 0.0, 'n': 1, 'top_p': 1.0, 'max_tokens': 2048}
<html>
<head><title>504 Gateway Time-out</title></head>
<body>
<center><h1>504 Gateway Time-out</h1></center>
<hr><center>openresty</center>
</body>
</html>
1 options {'temperature': 0.0, 'n': 1, 'top_p': 1.0, 'max_tokens': 2048}
<html>
<head><title>504 Gateway Time-out</title></head>
<body>
<center><h1>504 Gateway Time-out</h1></center>
<hr><center>openresty</center>
</body>
</html>
1 options {'temperature': 0.0, 'n': 1, 'top_p': 1.0, 'max_tokens': 2048}
<html>
<head><title>504 Gateway Time-out</title></head>
<body>
<center><h1>504 Gateway Time-out</h1></center>
<hr><center>openresty</center>
</body>
</html>
FV-chain.py-_dynamic_chain_exec_with_cache_mp_core Error in test-95: too many retry times
Dynamic chain execution:   5%|▍         | 93/2024 [12:12:28<289:19:55, 539.41s/it]1 options {'temperature': 0.0, 'n': 1, 'top_p': 1.0, 'max_tokens': 2048}
1 options {'temperature': 0.5, 'n': 8, 'top_p': 1.0, 'max_tokens': 150}
Error code: 429 - {'error': {'message': 'invalid request error trace_id: 0cd5178c60dbffc4652711cd75ad52d1 (request id: 20260616091707625314327jqOOT8ka)', 'type': 'bad_response_status_code', 'param': '', 'code': 'bad_response_status_code'}}
1 options {'temperature': 0.5, 'n': 8, 'top_p': 1.0, 'max_tokens': 150}
Error code: 429 - {'error': {'message': 'invalid request error trace_id: 12f99151aed56068571c223d051d54f2 (request id: 20260616091816350108387DrbaMifo)', 'type': 'bad_response_status_code', 'param': '', 'code': 'bad_response_status_code'}}
1 options {'temperature': 0.5, 'n': 8, 'top_p': 1.0, 'max_tokens': 150}
Error code: 429 - {'error': {'message': 'invalid request error trace_id: adf49964eee471e5f43215ef716a01f6 (request id: 202606160919253239895636t3pEH1k)', 'type': 'bad_response_status_code', 'param': '', 'code': 'bad_response_status_code'}}
1 options {'temperature': 0.5, 'n': 8, 'top_p': 1.0, 'max_tokens': 150}
Error code: 429 - {'error': {'message': 'invalid request error trace_id: 5f0a835dd40b425e146a43582fdeda00 (request id: 202606160920347887547582qERcINN)', 'type': 'bad_response_status_code', 'param': '', 'code': 'bad_response_status_code'}}
FV-chain.py-_dynamic_chain_exec_with_cache_mp_core Error in test-96: too many retry times
1 options {'temperature': 0.0, 'n': 1, 'top_p': 1.0, 'max_tokens': 2048}
<html>
<head><title>504 Gateway Time-out</title></head>
<body>
<center><h1>504 Gateway Time-out</h1></center>
<hr><center>openresty</center>
</body>
</html>
1 options {'temperature': 0.0, 'n': 1, 'top_p': 1.0, 'max_tokens': 2048}
<html>
<head><title>504 Gateway Time-out</title></head>
<body>
<center><h1>504 Gateway Time-out</h1></center>
<hr><center>openresty</center>
</body>
</html>
1 options {'temperature': 0.0, 'n': 1, 'top_p': 1.0, 'max_tokens': 2048}
<html>
<head><title>504 Gateway Time-out</title></head>
<body>
<center><h1>504 Gateway Time-out</h1></center>
<hr><center>openresty</center>
</body>
</html>
1 options {'temperature': 0.0, 'n': 1, 'top_p': 1.0, 'max_tokens': 2048}
1 options {'temperature': 0.5, 'n': 8, 'top_p': 1.0, 'max_tokens': 150}
Error code: 429 - {'error': {'message': 'invalid request error trace_id: 15f20377e6a0c42638149927e0b94cf9 (request id: 20260616093347382294374wBO4JGhG)', 'type': 'bad_response_status_code', 'param': '', 'code': 'bad_response_status_code'}}
1 options {'temperature': 0.5, 'n': 8, 'top_p': 1.0, 'max_tokens': 150}
Error code: 429 - {'error': {'message': 'invalid request error trace_id: f2e361fa166705346ed77085e77ec604 (request id: 20260616093457922220879uPCThXRO)', 'type': 'bad_response_status_code', 'param': '', 'code': 'bad_response_status_code'}}
1 options {'temperature': 0.5, 'n': 8, 'top_p': 1.0, 'max_tokens': 150}
Error code: 429 - {'error': {'message': 'invalid request error trace_id: 0d3b18b742fa8fcc3bc0f54cb99de59d (request id: 20260616093608984577413BFZcrOBr)', 'type': 'bad_response_status_code', 'param': '', 'code': 'bad_response_status_code'}}
1 options {'temperature': 0.5, 'n': 8, 'top_p': 1.0, 'max_tokens': 150}
Error code: 429 - {'error': {'message': 'invalid request error trace_id: 5c85d295a2d2d73e1026958755b219c6 (request id: 20260616093718678195410JoTiptS5)', 'type': 'bad_response_status_code', 'param': '', 'code': 'bad_response_status_code'}}
FV-chain.py-_dynamic_chain_exec_with_cache_mp_core Error in test-97: too many retry times
1 options {'temperature': 0.0, 'n': 1, 'top_p': 1.0, 'max_tokens': 2048}
<html>
<head><title>504 Gateway Time-out</title></head>
<body>
<center><h1>504 Gateway Time-out</h1></center>
<hr><center>openresty</center>
</body>
</html>
1 options {'temperature': 0.0, 'n': 1, 'top_p': 1.0, 'max_tokens': 2048}
<html>
<head><title>504 Gateway Time-out</title></head>
<body>
<center><h1>504 Gateway Time-out</h1></center>
<hr><center>openresty</center>
</body>
</html>
1 options {'temperature': 0.0, 'n': 1, 'top_p': 1.0, 'max_tokens': 2048}
<html>
<head><title>504 Gateway Time-out</title></head>
<body>
<center><h1>504 Gateway Time-out</h1></center>
<hr><center>openresty</center>
</body>
</html>
1 options {'temperature': 0.0, 'n': 1, 'top_p': 1.0, 'max_tokens': 2048}
<html>
<head><title>504 Gateway Time-out</title></head>
<body>
<center><h1>504 Gateway Time-out</h1></center>
<hr><center>openresty</center>
</body>
</html>
FV-chain.py-_dynamic_chain_exec_with_cache_mp_core Error in test-98: too many retry times
1 options {'temperature': 0.0, 'n': 1, 'top_p': 1.0, 'max_tokens': 2048}
<html>
<head><title>504 Gateway Time-out</title></head>
<body>
<center><h1>504 Gateway Time-out</h1></center>
<hr><center>openresty</center>
</body>
</html>
1 options {'temperature': 0.0, 'n': 1, 'top_p': 1.0, 'max_tokens': 2048}
1 options {'temperature': 0.5, 'n': 8, 'top_p': 1.0, 'max_tokens': 150}
Error code: 429 - {'error': {'message': 'invalid request error trace_id: c3a1a2f031bd8ed579888b3d6e4f4912 (request id: 20260616095937119844463qwm7dvvV)', 'type': 'bad_response_status_code', 'param': '', 'code': 'bad_response_status_code'}}
1 options {'temperature': 0.5, 'n': 8, 'top_p': 1.0, 'max_tokens': 150}
Error code: 429 - {'error': {'message': 'invalid request error trace_id: f8bd88a4c8f75fdf6319484b2cd3c012 (request id: 20260616100047759344209OnfEQw30)', 'type': 'bad_response_status_code', 'param': '', 'code': 'bad_response_status_code'}}
1 options {'temperature': 0.5, 'n': 8, 'top_p': 1.0, 'max_tokens': 150}
Error code: 429 - {'error': {'message': 'invalid request error trace_id: b3d23ea9be90077f8a6b85b3e88b523b (request id: 20260616100156259698098Lgue958M)', 'type': 'bad_response_status_code', 'param': '', 'code': 'bad_response_status_code'}}
1 options {'temperature': 0.5, 'n': 8, 'top_p': 1.0, 'max_tokens': 150}
Error code: 429 - {'error': {'message': 'invalid request error trace_id: 2069145fac4bbe1e3849f150d458d021 (request id: 20260616100306107911748LOEltrI1)', 'type': 'bad_response_status_code', 'param': '', 'code': 'bad_response_status_code'}}
FV-chain.py-_dynamic_chain_exec_with_cache_mp_core Error in test-99: too many retry times
Dynamic chain execution:   5%|▍         | 97/2024 [12:59:29<315:21:38, 589.15s/it]1 options {'temperature': 0.0, 'n': 1, 'top_p': 1.0, 'max_tokens': 2048}
<html>
<head><title>504 Gateway Time-out</title></head>
<body>
<center><h1>504 Gateway Time-out</h1></center>
<hr><center>openresty</center>
</body>
</html>
1 options {'temperature': 0.0, 'n': 1, 'top_p': 1.0, 'max_tokens': 2048}
<html>
<head><title>504 Gateway Time-out</title></head>
<body>
<center><h1>504 Gateway Time-out</h1></center>
<hr><center>openresty</center>
</body>
</html>
1 options {'temperature': 0.0, 'n': 1, 'top_p': 1.0, 'max_tokens': 2048}
<html>
<head><title>504 Gateway Time-out</title></head>
<body>
<center><h1>504 Gateway Time-out</h1></center>
<hr><center>openresty</center>
</body>
</html>
1 options {'temperature': 0.0, 'n': 1, 'top_p': 1.0, 'max_tokens': 2048}
1 options {'temperature': 0.5, 'n': 8, 'top_p': 1.0, 'max_tokens': 150}
Error code: 429 - {'error': {'message': 'invalid request error trace_id: 5081ad45195d21f48878e8e40c920c41 (request id: 20260616101719616885165ZcE2lcb4)', 'type': 'bad_response_status_code', 'param': '', 'code': 'bad_response_status_code'}}
1 options {'temperature': 0.5, 'n': 8, 'top_p': 1.0, 'max_tokens': 150}
Error code: 429 - {'error': {'message': 'invalid request error trace_id: 3345f05cd7daecbf6fda1fe6075ab67f (request id: 2026061610183010979595llqVR2HZ)', 'type': 'bad_response_status_code', 'param': '', 'code': 'bad_response_status_code'}}
1 options {'temperature': 0.5, 'n': 8, 'top_p': 1.0, 'max_tokens': 150}
Error code: 429 - {'error': {'message': 'invalid request error trace_id: f760773fcc8b544c1a07dc5cc028f933 (request id: 20260616101939135185944urcO7jqW)', 'type': 'bad_response_status_code', 'param': '', 'code': 'bad_response_status_code'}}
1 options {'temperature': 0.5, 'n': 8, 'top_p': 1.0, 'max_tokens': 150}
Error code: 429 - {'error': {'message': 'invalid request error trace_id: be42ca683c30b6c510f639de29b5e671 (request id: 2026061610204910080529kTIQQT1O)', 'type': 'bad_response_status_code', 'param': '', 'code': 'bad_response_status_code'}}
FV-chain.py-_dynamic_chain_exec_with_cache_mp_core Error in test-100: too many retry times
1 options {'temperature': 0.0, 'n': 1, 'top_p': 1.0, 'max_tokens': 2048}
<html>
<head><title>504 Gateway Time-out</title></head>
<body>
<center><h1>504 Gateway Time-out</h1></center>
<hr><center>openresty</center>
</body>
</html>
1 options {'temperature': 0.0, 'n': 1, 'top_p': 1.0, 'max_tokens': 2048}
<html>
<head><title>504 Gateway Time-out</title></head>
<body>
<center><h1>504 Gateway Time-out</h1></center>
<hr><center>openresty</center>
</body>
</html>
1 options {'temperature': 0.0, 'n': 1, 'top_p': 1.0, 'max_tokens': 2048}
1 options {'temperature': 0.5, 'n': 8, 'top_p': 1.0, 'max_tokens': 150}
Error code: 429 - {'error': {'message': 'invalid request error trace_id: aa1cd5af8c15386db9a455536cc7e1fb (request id: 20260616103141971728884OzaWdSfy)', 'type': 'bad_response_status_code', 'param': '', 'code': 'bad_response_status_code'}}
1 options {'temperature': 0.5, 'n': 8, 'top_p': 1.0, 'max_tokens': 150}
Error code: 429 - {'error': {'message': 'invalid request error trace_id: 69ef2e39eb2e5a506d20e5dbbc86fd73 (request id: 2026061610325171697280M7VCdMil)', 'type': 'bad_response_status_code', 'param': '', 'code': 'bad_response_status_code'}}
1 options {'temperature': 0.5, 'n': 8, 'top_p': 1.0, 'max_tokens': 150}
Error code: 429 - {'error': {'message': 'invalid request error trace_id: a13d98195e1824c1a54eec36d15064e6 (request id: 2026061610340069223263tiP9X1PM)', 'type': 'bad_response_status_code', 'param': '', 'code': 'bad_response_status_code'}}
1 options {'temperature': 0.5, 'n': 8, 'top_p': 1.0, 'max_tokens': 150}
Error code: 429 - {'error': {'message': 'invalid request error trace_id: 32eb84203efb3f3e8c203fe788479848 (request id: 202606161035084237380469wbUn16X)', 'type': 'bad_response_status_code', 'param': '', 'code': 'bad_response_status_code'}}
FV-chain.py-_dynamic_chain_exec_with_cache_mp_core Error in test-101: too many retry times
1 options {'temperature': 0.0, 'n': 1, 'top_p': 1.0, 'max_tokens': 2048}
1 options {'temperature': 0.5, 'n': 8, 'top_p': 1.0, 'max_tokens': 150}
Error code: 429 - {'error': {'message': 'invalid request error trace_id: 1de4e0435fa9750170a7fd3b916f2320 (request id: 20260616103600155801070RV3oioqC)', 'type': 'bad_response_status_code', 'param': '', 'code': 'bad_response_status_code'}}
1 options {'temperature': 0.5, 'n': 8, 'top_p': 1.0, 'max_tokens': 150}
Error code: 429 - {'error': {'message': 'invalid request error trace_id: 35a7be6cc11455220d5dd346df59a97c (request id: 20260616103708892717731xJgYmpGl)', 'type': 'bad_response_status_code', 'param': '', 'code': 'bad_response_status_code'}}
1 options {'temperature': 0.5, 'n': 8, 'top_p': 1.0, 'max_tokens': 150}
Error code: 429 - {'error': {'message': 'invalid request error trace_id: b57dde1441ca487a8be9a0048a366366 (request id: 20260616103817992595288H0a4ah0T)', 'type': 'bad_response_status_code', 'param': '', 'code': 'bad_response_status_code'}}
1 options {'temperature': 0.5, 'n': 8, 'top_p': 1.0, 'max_tokens': 150}
Error code: 429 - {'error': {'message': 'invalid request error trace_id: 06bbae3e15c0d34fa6202e7282edcd0d (request id: 20260616103927409748776WMu5KQ26)', 'type': 'bad_response_status_code', 'param': '', 'code': 'bad_response_status_code'}}
FV-chain.py-_dynamic_chain_exec_with_cache_mp_core Error in test-102: too many retry times
1 options {'temperature': 0.0, 'n': 1, 'top_p': 1.0, 'max_tokens': 2048}
1 options {'temperature': 0.5, 'n': 8, 'top_p': 1.0, 'max_tokens': 150}
Error code: 429 - {'error': {'message': 'invalid request error trace_id: b9d8d80a6207fa02ca4b78d336270c81 (request id: 20260616104028459772751oVgEqAGZ)', 'type': 'bad_response_status_code', 'param': '', 'code': 'bad_response_status_code'}}
1 options {'temperature': 0.5, 'n': 8, 'top_p': 1.0, 'max_tokens': 150}
Error code: 429 - {'error': {'message': 'invalid request error trace_id: d439f673e17f02f555ac9bcda4141a26 (request id: 2026061610413688028338wQwDk2O7)', 'type': 'bad_response_status_code', 'param': '', 'code': 'bad_response_status_code'}}
1 options {'temperature': 0.5, 'n': 8, 'top_p': 1.0, 'max_tokens': 150}
Error code: 429 - {'error': {'message': 'invalid request error trace_id: eb14e3cb537c16226ee27aaf77ace1c9 (request id: 20260616104244882276726RfucGWrl)', 'type': 'bad_response_status_code', 'param': '', 'code': 'bad_response_status_code'}}
1 options {'temperature': 0.5, 'n': 8, 'top_p': 1.0, 'max_tokens': 150}
Error code: 429 - {'error': {'message': 'invalid request error trace_id: 7fdb1770f505de301ccfdbb628b41f30 (request id: 20260616104353204709444KQo936mp)', 'type': 'bad_response_status_code', 'param': '', 'code': 'bad_response_status_code'}}
FV-chain.py-_dynamic_chain_exec_with_cache_mp_core Error in test-103: too many retry times
Dynamic chain execution:   5%|▍         | 101/2024 [13:40:17<318:22:13, 596.01s/it]1 options {'temperature': 0.0, 'n': 1, 'top_p': 1.0, 'max_tokens': 2048}
1 options {'temperature': 0.5, 'n': 8, 'top_p': 1.0, 'max_tokens': 150}
Error code: 429 - {'error': {'message': 'invalid request error trace_id: 0791cd71e7fbf19bc85e7a6555f1dd0b (request id: 20260616104600994386179nLuHsGEU)', 'type': 'bad_response_status_code', 'param': '', 'code': 'bad_response_status_code'}}
1 options {'temperature': 0.5, 'n': 8, 'top_p': 1.0, 'max_tokens': 150}
Error code: 429 - {'error': {'message': 'invalid request error trace_id: 6e23796a7ec30bc7cac8b269c65ca3d1 (request id: 20260616104709554872260H9YL2d9X)', 'type': 'bad_response_status_code', 'param': '', 'code': 'bad_response_status_code'}}
1 options {'temperature': 0.5, 'n': 8, 'top_p': 1.0, 'max_tokens': 150}
Error code: 429 - {'error': {'message': 'invalid request error trace_id: 6b104fa63c265c5b361db1d1bf8c55c4 (request id: 20260616104818232981220IlzDpIQS)', 'type': 'bad_response_status_code', 'param': '', 'code': 'bad_response_status_code'}}
1 options {'temperature': 0.5, 'n': 8, 'top_p': 1.0, 'max_tokens': 150}
Error code: 429 - {'error': {'message': 'invalid request error trace_id: eae9fca2a50530d5a47bdc0c498bfc64 (request id: 20260616104926380384516PIFD5val)', 'type': 'bad_response_status_code', 'param': '', 'code': 'bad_response_status_code'}}
FV-chain.py-_dynamic_chain_exec_with_cache_mp_core Error in test-104: too many retry times
1 options {'temperature': 0.0, 'n': 1, 'top_p': 1.0, 'max_tokens': 2048}
Error code: 429 - {'error': {'message': 'rate_limit_exceeded (request id: 20260616105130505150457FChpkZlN)', 'type': 'new_api_error', 'param': '', 'code': 'channel_rate_limited'}}
1 options {'temperature': 0.0, 'n': 1, 'top_p': 1.0, 'max_tokens': 2048}
Error code: 429 - {'error': {'message': '当前分组上游负载已饱和，请稍后再试 (request id: 20260616105234759045383Hqkdh81a)', 'type': 'new_api_error', 'param': '', 'code': 'model_not_found'}}
1 options {'temperature': 0.0, 'n': 1, 'top_p': 1.0, 'max_tokens': 2048}
Error code: 429 - {'error': {'message': '当前分组上游负载已饱和，请稍后再试 (request id: 20260616105338174823171rqQJuSpN)', 'type': 'new_api_error', 'param': '', 'code': 'model_not_found'}}
1 options {'temperature': 0.0, 'n': 1, 'top_p': 1.0, 'max_tokens': 2048}
Error code: 429 - {'error': {'message': '当前分组上游负载已饱和，请稍后再试 (request id: 20260616105441808553213U6vUHlxV)', 'type': 'new_api_error', 'param': '', 'code': 'model_not_found'}}
FV-chain.py-_dynamic_chain_exec_with_cache_mp_core Error in test-105: too many retry times
1 options {'temperature': 0.0, 'n': 1, 'top_p': 1.0, 'max_tokens': 2048}
Error code: 429 - {'error': {'message': '当前分组上游负载已饱和，请稍后再试 (request id: 20260616105444580023979PCfUuyMj)', 'type': 'new_api_error', 'param': '', 'code': 'model_not_found'}}
1 options {'temperature': 0.0, 'n': 1, 'top_p': 1.0, 'max_tokens': 2048}
Error code: 429 - {'error': {'message': '当前分组上游负载已饱和，请稍后再试 (request id: 20260616105547257151897IxCl7egb)', 'type': 'new_api_error', 'param': '', 'code': 'model_not_found'}}
1 options {'temperature': 0.0, 'n': 1, 'top_p': 1.0, 'max_tokens': 2048}
Error code: 429 - {'error': {'message': '当前分组上游负载已饱和，请稍后再试 (request id: 202606161056499997924273qiynNBU)', 'type': 'new_api_error', 'param': '', 'code': 'model_not_found'}}
1 options {'temperature': 0.0, 'n': 1, 'top_p': 1.0, 'max_tokens': 2048}
1 options {'temperature': 0.5, 'n': 8, 'top_p': 1.0, 'max_tokens': 150}
Error code: 429 - {'error': {'message': 'invalid request error trace_id: 843ab13ed899a9997ac9948828144d57 (request id: 20260616105833977883608j6iISay0)', 'type': 'bad_response_status_code', 'param': '', 'code': 'bad_response_status_code'}}
1 options {'temperature': 0.5, 'n': 8, 'top_p': 1.0, 'max_tokens': 150}
Error code: 429 - {'error': {'message': 'invalid request error trace_id: 92cb5da7baaa36adbbd2ae5b0e539a32 (request id: 20260616105943338936374OUYYGSkm)', 'type': 'bad_response_status_code', 'param': '', 'code': 'bad_response_status_code'}}
1 options {'temperature': 0.5, 'n': 8, 'top_p': 1.0, 'max_tokens': 150}
Error code: 429 - {'error': {'message': 'invalid request error trace_id: eb11eb5344c436f834a9ce2df056f46f (request id: 2026061611005320313069I3g39BTV)', 'type': 'bad_response_status_code', 'param': '', 'code': 'bad_response_status_code'}}
1 options {'temperature': 0.5, 'n': 8, 'top_p': 1.0, 'max_tokens': 150}
Error code: 429 - {'error': {'message': 'invalid request error trace_id: 0f4a7a5c50b7e5290a2bdb88c9f471f6 (request id: 202606161102049144285800XPgJiTR)', 'type': 'bad_response_status_code', 'param': '', 'code': 'bad_response_status_code'}}
FV-chain.py-_dynamic_chain_exec_with_cache_mp_core Error in test-106: too many retry times
1 options {'temperature': 0.0, 'n': 1, 'top_p': 1.0, 'max_tokens': 2048}
1 options {'temperature': 0.5, 'n': 8, 'top_p': 1.0, 'max_tokens': 150}
Error code: 429 - {'error': {'message': 'invalid request error trace_id: baf2de658e9290c7214f5b00f3f9da09 (request id: 20260616110303876002446WwCHpo0d)', 'type': 'bad_response_status_code', 'param': '', 'code': 'bad_response_status_code'}}
1 options {'temperature': 0.5, 'n': 8, 'top_p': 1.0, 'max_tokens': 150}
Error code: 429 - {'error': {'message': 'invalid request error trace_id: 63e851d8ef1016b3a60a2fc869b3493b (request id: 2026061611041270232854Jg8VPv6e)', 'type': 'bad_response_status_code', 'param': '', 'code': 'bad_response_status_code'}}
1 options {'temperature': 0.5, 'n': 8, 'top_p': 1.0, 'max_tokens': 150}
Error code: 429 - {'error': {'message': 'invalid request error trace_id: 94a1a6d175d792a388e6af4875994a94 (request id: 20260616110527470107702dVMKyc9W)', 'type': 'bad_response_status_code', 'param': '', 'code': 'bad_response_status_code'}}
1 options {'temperature': 0.5, 'n': 8, 'top_p': 1.0, 'max_tokens': 150}
Error code: 429 - {'error': {'message': 'invalid request error trace_id: 5600ac0e1df6b53c693383cc13e86596 (request id: 202606161106368076062301Vo25NQ6)', 'type': 'bad_response_status_code', 'param': '', 'code': 'bad_response_status_code'}}
FV-chain.py-_dynamic_chain_exec_with_cache_mp_core Error in test-107: too many retry times
Dynamic chain execution:   5%|▌         | 105/2024 [14:03:00<276:52:20, 519.41s/it]1 options {'temperature': 0.0, 'n': 1, 'top_p': 1.0, 'max_tokens': 2048}
1 options {'temperature': 0.5, 'n': 8, 'top_p': 1.0, 'max_tokens': 150}
Error code: 429 - {'error': {'message': 'invalid request error trace_id: b7c46e6a634d203cc8a40cd89f008101 (request id: 202606161107144344431064DSiaaY8)', 'type': 'bad_response_status_code', 'param': '', 'code': 'bad_response_status_code'}}
1 options {'temperature': 0.5, 'n': 8, 'top_p': 1.0, 'max_tokens': 150}
Error code: 429 - {'error': {'message': 'invalid request error trace_id: 262950e0a0a5d73a9c3033e8a42b0824 (request id: 20260616110824921672373cQBXWx5l)', 'type': 'bad_response_status_code', 'param': '', 'code': 'bad_response_status_code'}}
1 options {'temperature': 0.5, 'n': 8, 'top_p': 1.0, 'max_tokens': 150}
Error code: 429 - {'error': {'message': 'invalid request error trace_id: c1ce4f95901d136cdef1cb5df4becba0 (request id: 20260616110934857372053mM8HZX6H)', 'type': 'bad_response_status_code', 'param': '', 'code': 'bad_response_status_code'}}
1 options {'temperature': 0.5, 'n': 8, 'top_p': 1.0, 'max_tokens': 150}
Error code: 429 - {'error': {'message': 'invalid request error trace_id: aaf39a88047dccb1ecb45e7210c041a0 (request id: 2026061611104472544087wKTJL1oG)', 'type': 'bad_response_status_code', 'param': '', 'code': 'bad_response_status_code'}}
FV-chain.py-_dynamic_chain_exec_with_cache_mp_core Error in test-108: too many retry times
1 options {'temperature': 0.0, 'n': 1, 'top_p': 1.0, 'max_tokens': 2048}
1 options {'temperature': 0.5, 'n': 8, 'top_p': 1.0, 'max_tokens': 150}
Error code: 429 - {'error': {'message': 'invalid request error trace_id: 3a4a90d91b6b6fd83557d38524fbf92c (request id: 20260616111128286207606RTGURWnQ)', 'type': 'bad_response_status_code', 'param': '', 'code': 'bad_response_status_code'}}
1 options {'temperature': 0.5, 'n': 8, 'top_p': 1.0, 'max_tokens': 150}
Error code: 429 - {'error': {'message': 'invalid request error trace_id: 3c860d8733fb8f558329a6a6f3194456 (request id: 2026061611123888124961213hu2WVP)', 'type': 'bad_response_status_code', 'param': '', 'code': 'bad_response_status_code'}}
1 options {'temperature': 0.5, 'n': 8, 'top_p': 1.0, 'max_tokens': 150}
Error code: 429 - {'error': {'message': 'invalid request error trace_id: c7ddabae6d718007050dcb43c7a2e9b8 (request id: 20260616111349582725308qgfr0dOX)', 'type': 'bad_response_status_code', 'param': '', 'code': 'bad_response_status_code'}}
1 options {'temperature': 0.5, 'n': 8, 'top_p': 1.0, 'max_tokens': 150}
Error code: 429 - {'error': {'message': 'invalid request error trace_id: 84b3a265860e23bd3438aff1455b20a0 (request id: 202606161114584487915103AAGVWcS)', 'type': 'bad_response_status_code', 'param': '', 'code': 'bad_response_status_code'}}
FV-chain.py-_dynamic_chain_exec_with_cache_mp_core Error in test-109: too many retry times
1 options {'temperature': 0.0, 'n': 1, 'top_p': 1.0, 'max_tokens': 2048}
1 options {'temperature': 0.5, 'n': 8, 'top_p': 1.0, 'max_tokens': 150}
Error code: 429 - {'error': {'message': 'invalid request error trace_id: cd145cec4a1d1dbf489c15c9e5ed220a (request id: 20260616111551872791963J73Vg2kt)', 'type': 'bad_response_status_code', 'param': '', 'code': 'bad_response_status_code'}}
1 options {'temperature': 0.5, 'n': 8, 'top_p': 1.0, 'max_tokens': 150}
Error code: 429 - {'error': {'message': 'invalid request error trace_id: 9cd66a33e4d19189c8a71b7b51e16050 (request id: 20260616111703118825878a3ranXoS)', 'type': 'bad_response_status_code', 'param': '', 'code': 'bad_response_status_code'}}
1 options {'temperature': 0.5, 'n': 8, 'top_p': 1.0, 'max_tokens': 150}
Error code: 429 - {'error': {'message': 'invalid request error trace_id: 01bbdd966811262d410b331db0f01801 (request id: 20260616111813529759203x4Xf70NA)', 'type': 'bad_response_status_code', 'param': '', 'code': 'bad_response_status_code'}}
1 options {'temperature': 0.5, 'n': 8, 'top_p': 1.0, 'max_tokens': 150}
Error code: 429 - {'error': {'message': 'invalid request error trace_id: cb0b2e8da2dbf44aa48b2b87cac482e4 (request id: 20260616111922696492687hP6ZuyW6)', 'type': 'bad_response_status_code', 'param': '', 'code': 'bad_response_status_code'}}
FV-chain.py-_dynamic_chain_exec_with_cache_mp_core Error in test-110: too many retry times
1 options {'temperature': 0.0, 'n': 1, 'top_p': 1.0, 'max_tokens': 2048}
1 options {'temperature': 0.5, 'n': 8, 'top_p': 1.0, 'max_tokens': 150}
Error code: 429 - {'error': {'message': 'invalid request error trace_id: f2ec57c397166a34c46bb32937ccd77c (request id: 20260616112122317753321Cx0nPGv4)', 'type': 'bad_response_status_code', 'param': '', 'code': 'bad_response_status_code'}}
1 options {'temperature': 0.5, 'n': 8, 'top_p': 1.0, 'max_tokens': 150}
Error code: 429 - {'error': {'message': 'invalid request error trace_id: 6fde77654ec7d264fc8cc3716b333943 (request id: 20260616112232331918756BFTZCcZ0)', 'type': 'bad_response_status_code', 'param': '', 'code': 'bad_response_status_code'}}
1 options {'temperature': 0.5, 'n': 8, 'top_p': 1.0, 'max_tokens': 150}
Error code: 429 - {'error': {'message': 'invalid request error trace_id: d715ef9d654d5c2cf7882decb0d2e496 (request id: 20260616112341756247327mYtL9bM0)', 'type': 'bad_response_status_code', 'param': '', 'code': 'bad_response_status_code'}}
1 options {'temperature': 0.5, 'n': 8, 'top_p': 1.0, 'max_tokens': 150}
Error code: 429 - {'error': {'message': 'invalid request error trace_id: 0b5c9d867afa71e7cb42953bde888692 (request id: 20260616112451989994655WzdISFc3)', 'type': 'bad_response_status_code', 'param': '', 'code': 'bad_response_status_code'}}
FV-chain.py-_dynamic_chain_exec_with_cache_mp_core Error in test-111: too many retry times
Dynamic chain execution:   5%|▌         | 109/2024 [14:21:15<237:05:51, 445.72s/it]1 options {'temperature': 0.0, 'n': 1, 'top_p': 1.0, 'max_tokens': 2048}
1 options {'temperature': 0.5, 'n': 8, 'top_p': 1.0, 'max_tokens': 150}
Error code: 429 - {'error': {'message': 'invalid request error trace_id: f04541a544f589c7ed8fbc97d94c20ab (request id: 20260616112556761969293kCgOA8SP)', 'type': 'bad_response_status_code', 'param': '', 'code': 'bad_response_status_code'}}
1 options {'temperature': 0.5, 'n': 8, 'top_p': 1.0, 'max_tokens': 150}
Error code: 429 - {'error': {'message': 'invalid request error trace_id: 57cb830df966591ac627819e652f20bf (request id: 2026061611270728876886oubkFoU)', 'type': 'bad_response_status_code', 'param': '', 'code': 'bad_response_status_code'}}
1 options {'temperature': 0.5, 'n': 8, 'top_p': 1.0, 'max_tokens': 150}
Error code: 429 - {'error': {'message': 'invalid request error trace_id: e512b41d9085fe6d8ef4c3fe0e914a4d (request id: 20260616112816559912516NdLRWIAL)', 'type': 'bad_response_status_code', 'param': '', 'code': 'bad_response_status_code'}}
1 options {'temperature': 0.5, 'n': 8, 'top_p': 1.0, 'max_tokens': 150}
Error code: 429 - {'error': {'message': 'invalid request error trace_id: 963d6713a6ec95598a0d9ade46138d29 (request id: 202606161129249444694552elBRZBT)', 'type': 'bad_response_status_code', 'param': '', 'code': 'bad_response_status_code'}}
FV-chain.py-_dynamic_chain_exec_with_cache_mp_core Error in test-112: too many retry times
1 options {'temperature': 0.0, 'n': 1, 'top_p': 1.0, 'max_tokens': 2048}
1 options {'temperature': 0.5, 'n': 8, 'top_p': 1.0, 'max_tokens': 150}
Error code: 429 - {'error': {'message': 'invalid request error trace_id: 7c494b8f1fd3f4daa88555ce346d4b84 (request id: 20260616113010961790924ZD8lX9LN)', 'type': 'bad_response_status_code', 'param': '', 'code': 'bad_response_status_code'}}
1 options {'temperature': 0.5, 'n': 8, 'top_p': 1.0, 'max_tokens': 150}
Error code: 429 - {'error': {'message': 'invalid request error trace_id: 09a2a5f766c09353bec2299b2c5dd725 (request id: 20260616113121425048670XEqDnz0p)', 'type': 'bad_response_status_code', 'param': '', 'code': 'bad_response_status_code'}}
1 options {'temperature': 0.5, 'n': 8, 'top_p': 1.0, 'max_tokens': 150}
Error code: 429 - {'error': {'message': 'invalid request error trace_id: e0c1a85889bf340d03d87f21c3f9059a (request id: 20260616113232127899550wo6LoTWe)', 'type': 'bad_response_status_code', 'param': '', 'code': 'bad_response_status_code'}}
1 options {'temperature': 0.5, 'n': 8, 'top_p': 1.0, 'max_tokens': 150}
Error code: 429 - {'error': {'message': 'invalid request error trace_id: 5cc3ae6e771149291efed65b9e2a3d87 (request id: 20260616113340974025872w4hueCcz)', 'type': 'bad_response_status_code', 'param': '', 'code': 'bad_response_status_code'}}
FV-chain.py-_dynamic_chain_exec_with_cache_mp_core Error in test-113: too many retry times
1 options {'temperature': 0.0, 'n': 1, 'top_p': 1.0, 'max_tokens': 2048}
1 options {'temperature': 0.5, 'n': 8, 'top_p': 1.0, 'max_tokens': 150}
Error code: 429 - {'error': {'message': 'invalid request error trace_id: 18b8216be6dd9aec5dacb66134c3cac2 (request id: 202606161135486364296607rYQnOy1)', 'type': 'bad_response_status_code', 'param': '', 'code': 'bad_response_status_code'}}
1 options {'temperature': 0.5, 'n': 8, 'top_p': 1.0, 'max_tokens': 150}
Error code: 429 - {'error': {'message': 'invalid request error trace_id: 98a4c17cf35209fcc6a6d0d1a9b3b77b (request id: 20260616113658858456144EqQvYbfe)', 'type': 'bad_response_status_code', 'param': '', 'code': 'bad_response_status_code'}}
1 options {'temperature': 0.5, 'n': 8, 'top_p': 1.0, 'max_tokens': 150}
Error code: 429 - {'error': {'message': 'invalid request error trace_id: 321652934b0442bd4fcf4afebb6a5c42 (request id: 20260616113809420020431HNcm7jcW)', 'type': 'bad_response_status_code', 'param': '', 'code': 'bad_response_status_code'}}
1 options {'temperature': 0.5, 'n': 8, 'top_p': 1.0, 'max_tokens': 150}
Error code: 429 - {'error': {'message': 'invalid request error trace_id: 11fd856c9305797e35d28c00fbfeafc0 (request id: 20260616113919968356152UlvoQXXr)', 'type': 'bad_response_status_code', 'param': '', 'code': 'bad_response_status_code'}}
FV-chain.py-_dynamic_chain_exec_with_cache_mp_core Error in test-114: too many retry times
1 options {'temperature': 0.0, 'n': 1, 'top_p': 1.0, 'max_tokens': 2048}
<html>
<head><title>504 Gateway Time-out</title></head>
<body>
<center><h1>504 Gateway Time-out</h1></center>
<hr><center>openresty</center>
</body>
</html>
1 options {'temperature': 0.0, 'n': 1, 'top_p': 1.0, 'max_tokens': 2048}
1 options {'temperature': 0.5, 'n': 8, 'top_p': 1.0, 'max_tokens': 150}
Error code: 429 - {'error': {'message': 'invalid request error trace_id: 25ea2941409e20514b16c45f9ef6824c (request id: 202606161144231917030945KQoB96m)', 'type': 'bad_response_status_code', 'param': '', 'code': 'bad_response_status_code'}}
1 options {'temperature': 0.5, 'n': 8, 'top_p': 1.0, 'max_tokens': 150}
Error code: 429 - {'error': {'message': 'invalid request error trace_id: 69288dac2152de93073252a6a22fd073 (request id: 20260616114533601179953xqFmbgyi)', 'type': 'bad_response_status_code', 'param': '', 'code': 'bad_response_status_code'}}
1 options {'temperature': 0.5, 'n': 8, 'top_p': 1.0, 'max_tokens': 150}
Error code: 429 - {'error': {'message': 'invalid request error trace_id: 63ac3d5eb62c11413c84ede1f55627f8 (request id: 20260616114643218918174xp3oRaya)', 'type': 'bad_response_status_code', 'param': '', 'code': 'bad_response_status_code'}}
1 options {'temperature': 0.5, 'n': 8, 'top_p': 1.0, 'max_tokens': 150}
Error code: 429 - {'error': {'message': 'invalid request error trace_id: 09ac4ecc5a15ce2bb17bf4672f956779 (request id: 2026061611475245780370cCQDAFIk)', 'type': 'bad_response_status_code', 'param': '', 'code': 'bad_response_status_code'}}
FV-chain.py-_dynamic_chain_exec_with_cache_mp_core Error in test-115: too many retry times
Dynamic chain execution:   6%|▌         | 113/2024 [14:44:15<220:33:42, 415.50s/it]1 options {'temperature': 0.0, 'n': 1, 'top_p': 1.0, 'max_tokens': 2048}
1 options {'temperature': 0.5, 'n': 8, 'top_p': 1.0, 'max_tokens': 150}
Error code: 429 - {'error': {'message': 'invalid request error trace_id: cc8ad95b4d45c02aa378cc1dccd19d62 (request id: 202606161149568918465661sxAXWfZ)', 'type': 'bad_response_status_code', 'param': '', 'code': 'bad_response_status_code'}}
1 options {'temperature': 0.5, 'n': 8, 'top_p': 1.0, 'max_tokens': 150}
Error code: 429 - {'error': {'message': 'invalid request error trace_id: 0fe4582247c7798188eb5e4d11f9592c (request id: 20260616115105555213291UZq4YeLl)', 'type': 'bad_response_status_code', 'param': '', 'code': 'bad_response_status_code'}}
1 options {'temperature': 0.5, 'n': 8, 'top_p': 1.0, 'max_tokens': 150}
Error code: 429 - {'error': {'message': 'invalid request error trace_id: 40e4213ca179e26a8d36f5a7f8d18293 (request id: 202606161152165768051609gAeDc1y)', 'type': 'bad_response_status_code', 'param': '', 'code': 'bad_response_status_code'}}
1 options {'temperature': 0.5, 'n': 8, 'top_p': 1.0, 'max_tokens': 150}
Error code: 429 - {'error': {'message': 'invalid request error trace_id: fae946d4e6b9b34b837066610ef7da4e (request id: 202606161153271154395553BTy66tR)', 'type': 'bad_response_status_code', 'param': '', 'code': 'bad_response_status_code'}}
FV-chain.py-_dynamic_chain_exec_with_cache_mp_core Error in test-116: too many retry times
1 options {'temperature': 0.0, 'n': 1, 'top_p': 1.0, 'max_tokens': 2048}
<html>
<head><title>504 Gateway Time-out</title></head>
<body>
<center><h1>504 Gateway Time-out</h1></center>
<hr><center>openresty</center>
</body>
</html>
1 options {'temperature': 0.0, 'n': 1, 'top_p': 1.0, 'max_tokens': 2048}
1 options {'temperature': 0.5, 'n': 8, 'top_p': 1.0, 'max_tokens': 150}
Error code: 429 - {'error': {'message': 'invalid request error trace_id: a6dd3385b9f051556317480e884114c9 (request id: 20260616115826735916867KBTYNgp8)', 'type': 'bad_response_status_code', 'param': '', 'code': 'bad_response_status_code'}}
1 options {'temperature': 0.5, 'n': 8, 'top_p': 1.0, 'max_tokens': 150}
Error code: 429 - {'error': {'message': 'invalid request error trace_id: e4a31dedf937bd5955d622e5c6d1e228 (request id: 20260616115938340556796R7o0Rwox)', 'type': 'bad_response_status_code', 'param': '', 'code': 'bad_response_status_code'}}
1 options {'temperature': 0.5, 'n': 8, 'top_p': 1.0, 'max_tokens': 150}
Error code: 429 - {'error': {'message': 'invalid request error trace_id: 22752754a32997b9f6ecbce67c60f8de (request id: 20260616120047756606577QOTq49YP)', 'type': 'bad_response_status_code', 'param': '', 'code': 'bad_response_status_code'}}
1 options {'temperature': 0.5, 'n': 8, 'top_p': 1.0, 'max_tokens': 150}
Error code: 429 - {'error': {'message': 'invalid request error trace_id: e3d354193512d868e9f5035fa7b636c5 (request id: 20260616120159233923198Rm89CLrO)', 'type': 'bad_response_status_code', 'param': '', 'code': 'bad_response_status_code'}}
FV-chain.py-_dynamic_chain_exec_with_cache_mp_core Error in test-117: too many retry times
1 options {'temperature': 0.0, 'n': 1, 'top_p': 1.0, 'max_tokens': 2048}
<html>
<head><title>504 Gateway Time-out</title></head>
<body>
<center><h1>504 Gateway Time-out</h1></center>
<hr><center>openresty</center>
</body>
</html>
1 options {'temperature': 0.0, 'n': 1, 'top_p': 1.0, 'max_tokens': 2048}
<html>
<head><title>504 Gateway Time-out</title></head>
<body>
<center><h1>504 Gateway Time-out</h1></center>
<hr><center>openresty</center>
</body>
</html>
1 options {'temperature': 0.0, 'n': 1, 'top_p': 1.0, 'max_tokens': 2048}
<html>
<head><title>504 Gateway Time-out</title></head>
<body>
<center><h1>504 Gateway Time-out</h1></center>
<hr><center>openresty</center>
</body>
</html>
1 options {'temperature': 0.0, 'n': 1, 'top_p': 1.0, 'max_tokens': 2048}
1 options {'temperature': 0.0, 'n': 1, 'top_p': 1.0, 'max_tokens': 150}
1 options {'temperature': 0, 'n': 1, 'top_p': 1.0, 'max_tokens': 150}
1 options {'temperature': 0, 'n': 1, 'top_p': 1.0, 'max_tokens': 150}
1 options {'temperature': 0, 'n': 1, 'top_p': 1.0, 'max_tokens': 150}
1 options {'temperature': 0, 'n': 1, 'top_p': 1.0, 'max_tokens': 150}
1 options {'temperature': 0, 'n': 1, 'top_p': 1.0, 'max_tokens': 150}
1 options {'temperature': 0, 'n': 1, 'top_p': 1.0, 'max_tokens': 150}
1 options {'temperature': 0, 'n': 1, 'top_p': 1.0, 'max_tokens': 150}
1 options {'temperature': 0.0, 'n': 1, 'top_p': 1.0, 'max_tokens': 2048}
<html>
<head><title>504 Gateway Time-out</title></head>
<body>
<center><h1>504 Gateway Time-out</h1></center>
<hr><center>openresty</center>
</body>
</html>
1 options {'temperature': 0.0, 'n': 1, 'top_p': 1.0, 'max_tokens': 2048}
<html>
<head><title>504 Gateway Time-out</title></head>
<body>
<center><h1>504 Gateway Time-out</h1></center>
<hr><center>openresty</center>
</body>
</html>
1 options {'temperature': 0.0, 'n': 1, 'top_p': 1.0, 'max_tokens': 2048}
<html>
<head><title>504 Gateway Time-out</title></head>
<body>
<center><h1>504 Gateway Time-out</h1></center>
<hr><center>openresty</center>
</body>
</html>
1 options {'temperature': 0.0, 'n': 1, 'top_p': 1.0, 'max_tokens': 2048}
<html>
<head><title>504 Gateway Time-out</title></head>
<body>
<center><h1>504 Gateway Time-out</h1></center>
<hr><center>openresty</center>
</body>
</html>
FV-chain.py-_dynamic_chain_exec_with_cache_mp_core Error in test-118: too many retry times
1 options {'temperature': 0.0, 'n': 1, 'top_p': 1.0, 'max_tokens': 2048}
1 options {'temperature': 0.5, 'n': 8, 'top_p': 1.0, 'max_tokens': 150}
Error code: 429 - {'error': {'message': 'invalid request error trace_id: c1c569ab2c0ec964dc7b8b188cbc2940 (request id: 2026061612351754339619728TJzIy7)', 'type': 'bad_response_status_code', 'param': '', 'code': 'bad_response_status_code'}}
1 options {'temperature': 0.5, 'n': 8, 'top_p': 1.0, 'max_tokens': 150}
Error code: 429 - {'error': {'message': 'invalid request error trace_id: 50290d18bf266a17508a7c8d115d485b (request id: 20260616123628154121211vc8jVOfO)', 'type': 'bad_response_status_code', 'param': '', 'code': 'bad_response_status_code'}}
1 options {'temperature': 0.5, 'n': 8, 'top_p': 1.0, 'max_tokens': 150}
Error code: 429 - {'error': {'message': 'invalid request error trace_id: e81a3441069325a06a36b736cf472d08 (request id: 202606161237389342171YSgcmezb)', 'type': 'bad_response_status_code', 'param': '', 'code': 'bad_response_status_code'}}
1 options {'temperature': 0.5, 'n': 8, 'top_p': 1.0, 'max_tokens': 150}
Error code: 429 - {'error': {'message': 'invalid request error trace_id: bb63e955ff31549791affd4a2f950dde (request id: 2026061612384773136543lrg5C40B)', 'type': 'bad_response_status_code', 'param': '', 'code': 'bad_response_status_code'}}
FV-chain.py-_dynamic_chain_exec_with_cache_mp_core Error in test-119: too many retry times
Dynamic chain execution:   6%|▌         | 117/2024 [15:35:10<275:26:53, 519.99s/it]1 options {'temperature': 0.0, 'n': 1, 'top_p': 1.0, 'max_tokens': 2048}
1 options {'temperature': 0.5, 'n': 8, 'top_p': 1.0, 'max_tokens': 150}
Error code: 429 - {'error': {'message': 'invalid request error trace_id: c071653ec2b90eb8a00ca02e5656915a (request id: 20260616124054496502429QupxKDEV)', 'type': 'bad_response_status_code', 'param': '', 'code': 'bad_response_status_code'}}
1 options {'temperature': 0.5, 'n': 8, 'top_p': 1.0, 'max_tokens': 150}
Error code: 429 - {'error': {'message': 'invalid request error trace_id: f540ecac76e25a117fe13a67c818da85 (request id: 20260616124205207673254AYBZ50IJ)', 'type': 'bad_response_status_code', 'param': '', 'code': 'bad_response_status_code'}}
1 options {'temperature': 0.5, 'n': 8, 'top_p': 1.0, 'max_tokens': 150}
Error code: 429 - {'error': {'message': 'invalid request error trace_id: d92fbf44d738b8fb8c7693eb7148fc31 (request id: 20260616124317474200228IpnoUmfB)', 'type': 'bad_response_status_code', 'param': '', 'code': 'bad_response_status_code'}}
1 options {'temperature': 0.5, 'n': 8, 'top_p': 1.0, 'max_tokens': 150}
Error code: 429 - {'error': {'message': 'invalid request error trace_id: ee3bee5bcaf8510d6244706ab2bd433d (request id: 202606161244295358492004pBMo5V9)', 'type': 'bad_response_status_code', 'param': '', 'code': 'bad_response_status_code'}}
FV-chain.py-_dynamic_chain_exec_with_cache_mp_core Error in test-121: too many retry times
1 options {'temperature': 0.0, 'n': 1, 'top_p': 1.0, 'max_tokens': 2048}
1 options {'temperature': 0.5, 'n': 8, 'top_p': 1.0, 'max_tokens': 150}
Error code: 429 - {'error': {'message': 'invalid request error trace_id: 4367a8b9f6e59c946e061df830adbeab (request id: 20260616124537702188316LX1W5KYI)', 'type': 'bad_response_status_code', 'param': '', 'code': 'bad_response_status_code'}}
1 options {'temperature': 0.5, 'n': 8, 'top_p': 1.0, 'max_tokens': 150}
Error code: 429 - {'error': {'message': 'invalid request error trace_id: 3bb62f10411db5b4ecae256c540781c4 (request id: 202606161246473220656U2QHhBHt)', 'type': 'bad_response_status_code', 'param': '', 'code': 'bad_response_status_code'}}
1 options {'temperature': 0.5, 'n': 8, 'top_p': 1.0, 'max_tokens': 150}
Error code: 429 - {'error': {'message': 'invalid request error trace_id: fadb46c212eb83e67a4a8522527983a9 (request id: 2026061612475678115304627EHJwA0)', 'type': 'bad_response_status_code', 'param': '', 'code': 'bad_response_status_code'}}
1 options {'temperature': 0.5, 'n': 8, 'top_p': 1.0, 'max_tokens': 150}
Error code: 429 - {'error': {'message': 'invalid request error trace_id: ce7edc17ebcb1353aecab1d35d6b9899 (request id: 20260616124907432355155PThT2gwR)', 'type': 'bad_response_status_code', 'param': '', 'code': 'bad_response_status_code'}}
FV-chain.py-_dynamic_chain_exec_with_cache_mp_core Error in test-122: too many retry times
1 options {'temperature': 0.0, 'n': 1, 'top_p': 1.0, 'max_tokens': 2048}
1 options {'temperature': 0.5, 'n': 8, 'top_p': 1.0, 'max_tokens': 150}
Error code: 429 - {'error': {'message': 'invalid request error trace_id: 5a648ed3e0b784a29518af61b44aac68 (request id: 20260616125011216733124Nx04C8Y2)', 'type': 'bad_response_status_code', 'param': '', 'code': 'bad_response_status_code'}}
1 options {'temperature': 0.5, 'n': 8, 'top_p': 1.0, 'max_tokens': 150}
Error code: 429 - {'error': {'message': 'invalid request error trace_id: 8d7dcc127962fae53dab3fb5a1617503 (request id: 202606161251223841624328KKXomOz)', 'type': 'bad_response_status_code', 'param': '', 'code': 'bad_response_status_code'}}
1 options {'temperature': 0.5, 'n': 8, 'top_p': 1.0, 'max_tokens': 150}
Error code: 429 - {'error': {'message': 'invalid request error trace_id: f869d9c8b8cc4a5b2bedb583f1adf80d (request id: 202606161252332771377149rvIOlqK)', 'type': 'bad_response_status_code', 'param': '', 'code': 'bad_response_status_code'}}
1 options {'temperature': 0.5, 'n': 8, 'top_p': 1.0, 'max_tokens': 150}
Error code: 429 - {'error': {'message': 'invalid request error trace_id: fd37fe0dd7e292e534cdd8ef13430a05 (request id: 2026061612534513488048pxDIZLok)', 'type': 'bad_response_status_code', 'param': '', 'code': 'bad_response_status_code'}}
FV-chain.py-_dynamic_chain_exec_with_cache_mp_core Error in test-123: too many retry times
Dynamic chain execution:   6%|▌         | 121/2024 [15:50:10<228:05:05, 431.48s/it]1 options {'temperature': 0.0, 'n': 1, 'top_p': 1.0, 'max_tokens': 2048}
1 options {'temperature': 0.5, 'n': 8, 'top_p': 1.0, 'max_tokens': 150}
Error code: 429 - {'error': {'message': 'invalid request error trace_id: 14bbc1e382984a3173796fbcde6c875d (request id: 20260616125452942505360X0kQClLL)', 'type': 'bad_response_status_code', 'param': '', 'code': 'bad_response_status_code'}}
1 options {'temperature': 0.5, 'n': 8, 'top_p': 1.0, 'max_tokens': 150}
Error code: 429 - {'error': {'message': 'invalid request error trace_id: 4b767ffa682c6322274f55bb87821e01 (request id: 20260616125603429505029gc6XZRWv)', 'type': 'bad_response_status_code', 'param': '', 'code': 'bad_response_status_code'}}
1 options {'temperature': 0.5, 'n': 8, 'top_p': 1.0, 'max_tokens': 150}
Error code: 429 - {'error': {'message': 'invalid request error trace_id: 855b931627940558908195087f67775e (request id: 20260616125712744053579e59E81zH)', 'type': 'bad_response_status_code', 'param': '', 'code': 'bad_response_status_code'}}
1 options {'temperature': 0.5, 'n': 8, 'top_p': 1.0, 'max_tokens': 150}
Error code: 429 - {'error': {'message': 'invalid request error trace_id: 3819ebc29eb7dac6f95b967a6be9165f (request id: 20260616125823799813835AKq6bJro)', 'type': 'bad_response_status_code', 'param': '', 'code': 'bad_response_status_code'}}
FV-chain.py-_dynamic_chain_exec_with_cache_mp_core Error in test-124: too many retry times
1 options {'temperature': 0.0, 'n': 1, 'top_p': 1.0, 'max_tokens': 2048}
1 options {'temperature': 0.5, 'n': 8, 'top_p': 1.0, 'max_tokens': 150}
Error code: 429 - {'error': {'message': 'invalid request error trace_id: 5d2de0474c3c5b52861ebc6ea4abf0db (request id: 20260616130131453928116sPN3UbQw)', 'type': 'bad_response_status_code', 'param': '', 'code': 'bad_response_status_code'}}
1 options {'temperature': 0.5, 'n': 8, 'top_p': 1.0, 'max_tokens': 150}
Error code: 429 - {'error': {'message': 'invalid request error trace_id: 39238d4297cf2cbff56064a0a06c5991 (request id: 20260616130242224824097tZhnm8JP)', 'type': 'bad_response_status_code', 'param': '', 'code': 'bad_response_status_code'}}
1 options {'temperature': 0.5, 'n': 8, 'top_p': 1.0, 'max_tokens': 150}
Error code: 429 - {'error': {'message': 'invalid request error trace_id: e56653a4eafbb343d60805231bc2f5be (request id: 20260616130353761171097HCWQMm3)', 'type': 'bad_response_status_code', 'param': '', 'code': 'bad_response_status_code'}}
1 options {'temperature': 0.5, 'n': 8, 'top_p': 1.0, 'max_tokens': 150}
Error code: 429 - {'error': {'message': 'invalid request error trace_id: d0b9f38e046a793e0663bea9a9b62092 (request id: 20260616130503273124197ouVQXPiF)', 'type': 'bad_response_status_code', 'param': '', 'code': 'bad_response_status_code'}}
FV-chain.py-_dynamic_chain_exec_with_cache_mp_core Error in test-125: too many retry times
1 options {'temperature': 0.0, 'n': 1, 'top_p': 1.0, 'max_tokens': 2048}
1 options {'temperature': 0.5, 'n': 8, 'top_p': 1.0, 'max_tokens': 150}
Error code: 429 - {'error': {'message': 'invalid request error trace_id: 473b74d4b20930fa62b2395500c2e17a (request id: 20260616130607665559004gQd8hdWL)', 'type': 'bad_response_status_code', 'param': '', 'code': 'bad_response_status_code'}}
1 options {'temperature': 0.5, 'n': 8, 'top_p': 1.0, 'max_tokens': 150}
Error code: 429 - {'error': {'message': 'invalid request error trace_id: 2396e9b9a7902131d09a1840d476eadb (request id: 20260616130716827936542m3pqnVO2)', 'type': 'bad_response_status_code', 'param': '', 'code': 'bad_response_status_code'}}
1 options {'temperature': 0.5, 'n': 8, 'top_p': 1.0, 'max_tokens': 150}
Error code: 429 - {'error': {'message': 'invalid request error trace_id: 08481cc19d290dbf83b3d6f5c688f743 (request id: 2026061613082771320303qrdpj5P2)', 'type': 'bad_response_status_code', 'param': '', 'code': 'bad_response_status_code'}}
1 options {'temperature': 0.5, 'n': 8, 'top_p': 1.0, 'max_tokens': 150}
Error code: 429 - {'error': {'message': 'invalid request error trace_id: 2409a757437fd1ad84b2dfbbb192e0f3 (request id: 20260616130937657236793oR5ruobg)', 'type': 'bad_response_status_code', 'param': '', 'code': 'bad_response_status_code'}}
FV-chain.py-_dynamic_chain_exec_with_cache_mp_core Error in test-126: too many retry times
1 options {'temperature': 0.0, 'n': 1, 'top_p': 1.0, 'max_tokens': 2048}
1 options {'temperature': 0.5, 'n': 8, 'top_p': 1.0, 'max_tokens': 150}
Error code: 429 - {'error': {'message': 'invalid request error trace_id: 812112c9b82e883b29d08a8d6761b82f (request id: 20260616131035301668341nDAeLbkx)', 'type': 'bad_response_status_code', 'param': '', 'code': 'bad_response_status_code'}}
1 options {'temperature': 0.5, 'n': 8, 'top_p': 1.0, 'max_tokens': 150}
Error code: 429 - {'error': {'message': 'invalid request error trace_id: 5597f985cdfc3dd69117f9e2bc4ff9bf (request id: 20260616131144654576663jskwLkY2)', 'type': 'bad_response_status_code', 'param': '', 'code': 'bad_response_status_code'}}
1 options {'temperature': 0.5, 'n': 8, 'top_p': 1.0, 'max_tokens': 150}
Error code: 429 - {'error': {'message': 'invalid request error trace_id: 1f676813a4422367d0a3d007e5e5c78a (request id: 20260616131258951915140CotrwCSR)', 'type': 'bad_response_status_code', 'param': '', 'code': 'bad_response_status_code'}}
1 options {'temperature': 0.5, 'n': 8, 'top_p': 1.0, 'max_tokens': 150}
Error code: 429 - {'error': {'message': 'invalid request error trace_id: f8fb6a6dabe74a2769ffded3ec78eb1e (request id: 2026061613141096638902u4TVPO9A)', 'type': 'bad_response_status_code', 'param': '', 'code': 'bad_response_status_code'}}
FV-chain.py-_dynamic_chain_exec_with_cache_mp_core Error in test-127: too many retry times
Dynamic chain execution:   6%|▌         | 125/2024 [16:10:34<207:44:52, 393.83s/it]1 options {'temperature': 0.0, 'n': 1, 'top_p': 1.0, 'max_tokens': 2048}
1 options {'temperature': 0.5, 'n': 8, 'top_p': 1.0, 'max_tokens': 150}
Error code: 429 - {'error': {'message': 'invalid request error trace_id: ffbb0bd511a9a1312ac79a4ce2a0fd59 (request id: 20260616131511356116739ZjGjIXsU)', 'type': 'bad_response_status_code', 'param': '', 'code': 'bad_response_status_code'}}
1 options {'temperature': 0.5, 'n': 8, 'top_p': 1.0, 'max_tokens': 150}
Error code: 429 - {'error': {'message': 'invalid request error trace_id: a79501dfe79b6d9597c04ae13cafda35 (request id: 202606161316253286023574Jc31K5W)', 'type': 'bad_response_status_code', 'param': '', 'code': 'bad_response_status_code'}}
1 options {'temperature': 0.5, 'n': 8, 'top_p': 1.0, 'max_tokens': 150}
Error code: 429 - {'error': {'message': 'invalid request error trace_id: 4dc74f674b09d127e9175499ba96b8ae (request id: 2026061613174098870402TDZFE2BN)', 'type': 'bad_response_status_code', 'param': '', 'code': 'bad_response_status_code'}}
1 options {'temperature': 0.5, 'n': 8, 'top_p': 1.0, 'max_tokens': 150}
Error code: 429 - {'error': {'message': 'invalid request error trace_id: 1ef9a24642676905d138d3bfb5a36781 (request id: 202606161318513558061418oSDB9nX)', 'type': 'bad_response_status_code', 'param': '', 'code': 'bad_response_status_code'}}
FV-chain.py-_dynamic_chain_exec_with_cache_mp_core Error in test-128: too many retry times
1 options {'temperature': 0.0, 'n': 1, 'top_p': 1.0, 'max_tokens': 2048}
1 options {'temperature': 0.5, 'n': 8, 'top_p': 1.0, 'max_tokens': 150}
Error code: 429 - {'error': {'message': 'invalid request error trace_id: 69d2ae315bd2669ee785a5eab360cf53 (request id: 20260616131949268461373NJ9TK5TF)', 'type': 'bad_response_status_code', 'param': '', 'code': 'bad_response_status_code'}}
1 options {'temperature': 0.5, 'n': 8, 'top_p': 1.0, 'max_tokens': 150}
Error code: 429 - {'error': {'message': 'invalid request error trace_id: 6460b2c7c03d3eb1b512433cbaa3a69b (request id: 20260616132103481935833ezrWfVrg)', 'type': 'bad_response_status_code', 'param': '', 'code': 'bad_response_status_code'}}
1 options {'temperature': 0.5, 'n': 8, 'top_p': 1.0, 'max_tokens': 150}
Error code: 429 - {'error': {'message': 'invalid request error trace_id: b977f4405a975b639bda4458a54eff12 (request id: 20260616132212696241836mtBquP1F)', 'type': 'bad_response_status_code', 'param': '', 'code': 'bad_response_status_code'}}
1 options {'temperature': 0.5, 'n': 8, 'top_p': 1.0, 'max_tokens': 150}
Error code: 429 - {'error': {'message': 'invalid request error trace_id: 6cab8577c87e9609a29b0045a8750f57 (request id: 20260616132323138775569PZbz23Im)', 'type': 'bad_response_status_code', 'param': '', 'code': 'bad_response_status_code'}}
FV-chain.py-_dynamic_chain_exec_with_cache_mp_core Error in test-129: too many retry times
1 options {'temperature': 0.0, 'n': 1, 'top_p': 1.0, 'max_tokens': 2048}
1 options {'temperature': 0.5, 'n': 8, 'top_p': 1.0, 'max_tokens': 150}
Error code: 429 - {'error': {'message': 'invalid request error trace_id: 8c7ccfb60641174ea9e7bea2309125b0 (request id: 20260616132415679683667DAlzU7UU)', 'type': 'bad_response_status_code', 'param': '', 'code': 'bad_response_status_code'}}
1 options {'temperature': 0.5, 'n': 8, 'top_p': 1.0, 'max_tokens': 150}
Error code: 429 - {'error': {'message': 'invalid request error trace_id: d7e73440d3fd413f2b75b93602afd566 (request id: 20260616132529293049546wdvYUI0j)', 'type': 'bad_response_status_code', 'param': '', 'code': 'bad_response_status_code'}}
1 options {'temperature': 0.5, 'n': 8, 'top_p': 1.0, 'max_tokens': 150}
Error code: 429 - {'error': {'message': 'invalid request error trace_id: 8949e9c9d9f34468d8681d6484b178f0 (request id: 2026061613263843270267sziHWUjB)', 'type': 'bad_response_status_code', 'param': '', 'code': 'bad_response_status_code'}}
1 options {'temperature': 0.5, 'n': 8, 'top_p': 1.0, 'max_tokens': 150}
Error code: 429 - {'error': {'message': 'invalid request error trace_id: 4b197873072291b6aadf64bed0ffba57 (request id: 20260616132747637245352CnN9PgLm)', 'type': 'bad_response_status_code', 'param': '', 'code': 'bad_response_status_code'}}
FV-chain.py-_dynamic_chain_exec_with_cache_mp_core Error in test-130: too many retry times
1 options {'temperature': 0.0, 'n': 1, 'top_p': 1.0, 'max_tokens': 2048}
1 options {'temperature': 0.5, 'n': 8, 'top_p': 1.0, 'max_tokens': 150}
Error code: 429 - {'error': {'message': 'invalid request error trace_id: 196a528da5475e124f024eebea2c32ac (request id: 20260616132842401490458lUMr2rO6)', 'type': 'bad_response_status_code', 'param': '', 'code': 'bad_response_status_code'}}
1 options {'temperature': 0.5, 'n': 8, 'top_p': 1.0, 'max_tokens': 150}
Error code: 429 - {'error': {'message': 'invalid request error trace_id: f9cd340143dee03e80b6dffd2a963602 (request id: 202606161329546609808225Fee3bdx)', 'type': 'bad_response_status_code', 'param': '', 'code': 'bad_response_status_code'}}
1 options {'temperature': 0.5, 'n': 8, 'top_p': 1.0, 'max_tokens': 150}
Error code: 429 - {'error': {'message': 'invalid request error trace_id: 181db6453140d3f41b1177af541d149b (request id: 202606161331043357789072RDcRVPs)', 'type': 'bad_response_status_code', 'param': '', 'code': 'bad_response_status_code'}}
1 options {'temperature': 0.5, 'n': 8, 'top_p': 1.0, 'max_tokens': 150}
Error code: 429 - {'error': {'message': 'invalid request error trace_id: a138b63eadbf3b0fcf70d6f7ffbfc746 (request id: 202606161332149943049568Zx9JHBx)', 'type': 'bad_response_status_code', 'param': '', 'code': 'bad_response_status_code'}}
FV-chain.py-_dynamic_chain_exec_with_cache_mp_core Error in test-131: too many retry times
Dynamic chain execution:   6%|▋         | 129/2024 [16:28:39<187:57:06, 357.06s/it]1 options {'temperature': 0.0, 'n': 1, 'top_p': 1.0, 'max_tokens': 2048}
1 options {'temperature': 0.5, 'n': 8, 'top_p': 1.0, 'max_tokens': 150}
Error code: 429 - {'error': {'message': 'invalid request error trace_id: 27b50d302d3e8942a41f8f996cad5d73 (request id: 2026061613342377891560ILagh6YP)', 'type': 'bad_response_status_code', 'param': '', 'code': 'bad_response_status_code'}}
1 options {'temperature': 0.5, 'n': 8, 'top_p': 1.0, 'max_tokens': 150}
Error code: 429 - {'error': {'message': 'invalid request error trace_id: 920c496cc1ad23bf547ffb99038fe46b (request id: 20260616133532878446312dQxnhTyK)', 'type': 'bad_response_status_code', 'param': '', 'code': 'bad_response_status_code'}}
1 options {'temperature': 0.5, 'n': 8, 'top_p': 1.0, 'max_tokens': 150}
Error code: 429 - {'error': {'message': 'invalid request error trace_id: f7399d669b0b9908d497dbb31fe98b37 (request id: 202606161336454171960T24oVkbB)', 'type': 'bad_response_status_code', 'param': '', 'code': 'bad_response_status_code'}}
1 options {'temperature': 0.5, 'n': 8, 'top_p': 1.0, 'max_tokens': 150}
Error code: 429 - {'error': {'message': 'invalid request error trace_id: 21f3ef9a0fb1d355df97b39614f37f6a (request id: 202606161337561233091918aCB0Rqd)', 'type': 'bad_response_status_code', 'param': '', 'code': 'bad_response_status_code'}}
FV-chain.py-_dynamic_chain_exec_with_cache_mp_core Error in test-132: too many retry times
1 options {'temperature': 0.0, 'n': 1, 'top_p': 1.0, 'max_tokens': 2048}
1 options {'temperature': 0.5, 'n': 8, 'top_p': 1.0, 'max_tokens': 150}
Error code: 429 - {'error': {'message': 'invalid request error trace_id: e28f4cf29f8182c2b874f9885e5a70dd (request id: 20260616133952136147113WkP9g42c)', 'type': 'bad_response_status_code', 'param': '', 'code': 'bad_response_status_code'}}
1 options {'temperature': 0.5, 'n': 8, 'top_p': 1.0, 'max_tokens': 150}
Error code: 429 - {'error': {'message': 'invalid request error trace_id: 53a3555b8894eb632bad504844d4dd8d (request id: 20260616134104938799186lsU3Xu3)', 'type': 'bad_response_status_code', 'param': '', 'code': 'bad_response_status_code'}}
1 options {'temperature': 0.5, 'n': 8, 'top_p': 1.0, 'max_tokens': 150}
Error code: 429 - {'error': {'message': 'invalid request error trace_id: edddb2c34b56b0984b62deb276bf396c (request id: 20260616134215361306295LqkyIvQJ)', 'type': 'bad_response_status_code', 'param': '', 'code': 'bad_response_status_code'}}
1 options {'temperature': 0.5, 'n': 8, 'top_p': 1.0, 'max_tokens': 150}
Error code: 429 - {'error': {'message': 'invalid request error trace_id: 45b4a7121fc4ccfa274aae2b7831f953 (request id: 20260616134324775198398XzPiARI0)', 'type': 'bad_response_status_code', 'param': '', 'code': 'bad_response_status_code'}}
FV-chain.py-_dynamic_chain_exec_with_cache_mp_core Error in test-133: too many retry times
1 options {'temperature': 0.0, 'n': 1, 'top_p': 1.0, 'max_tokens': 2048}
1 options {'temperature': 0.5, 'n': 8, 'top_p': 1.0, 'max_tokens': 150}
Error code: 429 - {'error': {'message': 'invalid request error trace_id: aa02dc4bb2f2246e12b1be7438512b2d (request id: 202606161344284736633428doQnnx6)', 'type': 'bad_response_status_code', 'param': '', 'code': 'bad_response_status_code'}}
1 options {'temperature': 0.5, 'n': 8, 'top_p': 1.0, 'max_tokens': 150}
Error code: 429 - {'error': {'message': 'invalid request error trace_id: 6c1abada7f83db1842c478a0b916ef36 (request id: 20260616134538365619430k5e7MCXc)', 'type': 'bad_response_status_code', 'param': '', 'code': 'bad_response_status_code'}}
1 options {'temperature': 0.5, 'n': 8, 'top_p': 1.0, 'max_tokens': 150}
Error code: 429 - {'error': {'message': 'invalid request error trace_id: 28b76842f7eef4e3e37587680c12dc54 (request id: 20260616134649642469411phF2hsCU)', 'type': 'bad_response_status_code', 'param': '', 'code': 'bad_response_status_code'}}
1 options {'temperature': 0.5, 'n': 8, 'top_p': 1.0, 'max_tokens': 150}
Error code: 429 - {'error': {'message': 'invalid request error trace_id: e322e4b928e2008dc886142ebd1ac382 (request id: 20260616134759334246786x52FYw86)', 'type': 'bad_response_status_code', 'param': '', 'code': 'bad_response_status_code'}}
FV-chain.py-_dynamic_chain_exec_with_cache_mp_core Error in test-134: too many retry times
1 options {'temperature': 0.0, 'n': 1, 'top_p': 1.0, 'max_tokens': 2048}
1 options {'temperature': 0.5, 'n': 8, 'top_p': 1.0, 'max_tokens': 150}
Error code: 429 - {'error': {'message': 'invalid request error trace_id: 950ac5ed0143d8aa28422153989aa91 options {'temperature': 0.0, 'n': 1, 'top_p': 1.0, 'max_tokens': 2048}
<html>
<head><title>504 Gateway Time-out</title></head>
<body>1 options {'temperature': 0.5, 'n': 8, 'top_p': 1.0, 'max_tokens': 150}
Error code: 429 - {'error':1 options {'temperature': 0.0, 'n': 1, 'top_p': 1.0, 'max_tokens': 2048}
<html>
<head><title>504 Gateway Time-out</title></head>
<body>
<center><h1>504 Gateway Time-out</h1></center>
<hr><center>openresty</center>
</body>
</html>
1 options {'temperature': 0.0, 'n': 1, 'top_p': 1.0, 'max_tokens': 2048}
<html>
<head><title>504 Gateway Time-out</title></head>
<body>
<center><h1>504 Gateway Time-out</h1></center>
<hr><center>openresty</center>
</body>
</html>
FV-chain.py-_dynamic_chain_exec_with_cache_mp_core Error in test-132: too many retry times
1 options {'temperature': 0.0, 'n': 1, 'top_p': 1.0, 'max_tokens': 2048}
1 options {'temperature': 0.5, 'n': 8, 'top_p': 1.0, 'max_tokens': 150}
Error code: 429 - {'error': {'message': 'invalid request error trace_id: bb8cf285b7751c4bc9b3c7ed5778d4f6 (request id: 20260616135845240765212nkPWUwtp)', 'type': 'bad_response_status_code', 'param': '', 'code': 'bad_response_status_code'}}
1 options {'temperature': 0.5, 'n': 8, 'top_p': 1.0, 'max_tokens': 150}
Error code: 429 - {'error': {'message': 'invalid request error trace_id: 95f2c8eea247208404c3d09b4a798f6d (request id: 20260616135954654656428MHFFOT2s)', 'type': 'bad_response_status_code', 'param': '', 'code': 'bad_response_status_code'}}
1 options {'temperature': 0.5, 'n': 8, 'top_p': 1.0, 'max_tokens': 150}
Error code: 429 - {'error': {'message': 'invalid request error trace_id: a180fc2cc02849de5b5ee7624034613e (request id: 20260616140103882281055erZgosZv)', 'type': 'bad_response_status_code', 'param': '', 'code': 'bad_response_status_code'}}
1 options {'temperature': 0.5, 'n': 8, 'top_p': 1.0, 'max_tokens': 150}
Error code: 429 - {'error': {'message': 'invalid request error trace_id: 0310e1f145a8d6e719ba994717e96f3e (request id: 20260616140214491346693tYXkMYZE)', 'type': 'bad_response_status_code', 'param': '', 'code': 'bad_response_status_code'}}
FV-chain.py-_dynamic_chain_exec_with_cache_mp_core Error in test-133: too many retry times
1 options {'temperature': 0.0, 'n': 1, 'top_p': 1.0, 'max_tokens': 2048}
1 options {'temperature': 0.5, 'n': 8, 'top_p': 1.0, 'max_tokens': 150}
Error code: 429 - {'error': {'message': 'invalid request error trace_id: d359e48f774b862d9891bd340dd76607 (request id: 20260616140315634860287fzvyL4Dh)', 'type': 'bad_response_status_code', 'param': '', 'code': 'bad_response_status_code'}}
1 options {'temperature': 0.5, 'n': 8, 'top_p': 1.0, 'max_tokens': 150}
Error code: 429 - {'error': {'message': 'invalid request error trace_id: 5f008bbc32dcf11b9a96e27a1ba5b658 (request id: 20260616140428864415566rCMZtwh)', 'type': 'bad_response_status_code', 'param': '', 'code': 'bad_response_status_code'}}
1 options {'temperature': 0.5, 'n': 8, 'top_p': 1.0, 'max_tokens': 150}
Error code: 429 - {'error': {'message': 'invalid request error trace_id: 94ae122644c6acce14e6cd845d19b782 (request id: 20260616140537593418933H85zcITY)', '1 options {'temperature': 0.0, 'n': 1, 'top_p': 1.0, 'max_tokens': 2048}
<html>
<head><title>504 Gateway Time-out</title></head>
<body>
<center><h1>504 Gateway Time-out</h1></center>
<hr><center>openresty</center>
</body>
</html>
1 options {'temperature': 0.0, 'n': 1, 'top_p': 1.0, 'max_tokens': 2048}
<html>
<head><title>504 Gateway Time-out</title></head>
<body>
<center><h1>504 Gateway Time-out</h1></center>
<hr><center>openresty</center>
</body>
</html>
FV-chain.py-_dynamic_chain_exec_with_cache_mp_core Error in test-137: too many retry times
1 options {'temperature': 0.0, 'n': 1, 'top_p': 1.0, 'max_tokens': 2048}
<html>
<head><title>504 Gateway Time-out</title></head>
<body>
<center><h1>504 Gateway Time-out</h1></center>
<hr><center>openresty</center>
</body>
</html>
1 options {'temperature': 0.0, 'n': 1, 'top_p': 1.0, 'max_tokens': 2048}
<html>
<head><title>504 Gateway Time-out</title></head>
<body>
<center><h1>504 Gateway Time-out</h1></center>
<hr><center>openresty</center>
</body>
</html>
1 options {'temperature': 0.0, 'n': 1, 'top_p': 1.0, 'max_tokens': 2048}
1 options {'temperature': 0.5, 'n': 8, 'top_p': 1.0, 'max_tokens': 150}
Error code: 429 - {'error': {'message': 'invalid request error trace_id: d9358ae1c6026180f96fb78a4f18ded2 (request id: 20260616142220974766073vyJgWhrP)', 'type': 'bad_response_status_code', 'param': '', 'code': 'bad_response_status_code'}}
1 options {'temperature': 0.5, 'n': 8, 'top_p': 1.0, 'max_tokens': 150}
Error code: 429 - {'error': {'message': 'invalid request error trace_id: 2461d32c9f9837098030b55ef01096b2 (request id: 202606161423318361304782XC61nat)', 'type': 'bad_response_status_code', 'param': '', 'code': 'bad_response_status_code'}}
1 options {'temperature': 0.5, 'n': 8, 'top_p': 1.0, 'max_tokens': 150}
Error code: 429 - {'error': {'message': 'invalid request error trace_id: 5edc9c9ccdc3a3c3fe5251e7fd5fa477 (request id: 20260616142443766300129G3U4ygxq)', 'type': 'bad_response_status_code', 'param': '', 'code': 'bad_response_status_code'}}
1 options {'temperature': 0.5, 'n': 8, 'top_p': 1.0, 'max_tokens': 150}
Error code: 429 - {'error': {'message': 'invalid request error trace_id: 082b72dad1f89f1b92197eeb49c36c3b (request id: 20260616142552317564066hrQfRodV)', 'type': 'bad_response_status_code', 'param': '', 'code': 'bad_response_status_code'}}
FV-chain.py-_dynamic_chain_exec_with_cache_mp_core Error in test-138: too many retry times
1 options {'temperature': 0.0, 'n': 1, 'top_p': 1.0, 'max_tokens': 2048}
1 options {'temperature': 0.5, 'n': 8, 'top_p': 1.0, 'max_tokens': 150}
Error code: 429 - {'error': {'message': 'invalid request error trace_id: d887017ed738fd3b7293fc1855b8db67 (request id: 20260616142648462697208Rv2SQiFh)', 'type': 'bad_response_status_code', 'param': '', 'code': 'bad_response_status_code'}}
1 options {'temperature': 0.5, 'n': 8, 'top_p': 1.0, 'max_tokens': 150}
Error code: 429 - {'error': {'message': 'invalid request error trace_id: 41b766cecd6262adbe1f1def9ef8b3c5 (request id1 options {'temperature': 0.0, 'n': 1, 'top_p': 1.0, 'max_tokens': 2048}
<html>
<head><title>504 Gateway Time-out</title><1 options {'temperature': 0.5, 'n': 8, 'top_p': 1.0, 'max_tokens': 150}
Error code: 429 - {'error': {'message': '1 options {'temperature': 0.0, 'n': 1, 'top_p': 1.0, 'max_tokens': 2048}
<html>
<head><title>504 Gateway Time-out</title></head>
<body>
<center><h1>504 Gateway Time-out</h1></center>
<hr><center>openresty</center>
</body>
</html>
1 options {'temperature': 0.0, 'n': 1, 'top_p': 1.0, 'max_tokens': 2048}
<html>
<head><title>504 Gateway Time-out</title></head>
<body>
<center><h1>504 Gateway Time-out</h1></center>
<hr><center>openresty</center>
</body>
</html>
1 options {'temperature': 0.0, 'n': 1, 'top_p': 1.0, 'max_tokens': 2048}
<html>
<head><title>504 Gateway Time-out</title></head>
<body>
<center><h1>504 Gateway Time-out</h1></center>
<hr><center>openresty</center>
</body>
</html>
FV-chain.py-_dynamic_chain_exec_with_cache_mp_core Error in test-137: too many retry times
1 options {'temperature': 0.0, 'n': 1, 'top_p': 1.0, 'max_tokens': 2048}
1 options {'temperature': 0.5, 'n': 8, 'top_p': 1.0, 'max_tokens': 150}
Error code: 429 - {'error': {'message': 'invalid request error trace_id: 2bc6cce79ef17db3cfff2eb53218811a (request id: 20260616144153153748221see3bVDI)', 'type': 'bad_response_status_code', 'param': '', 'code': 'bad_response_status_code'}}
1 options {'temperature': 0.5, 'n': 8, 'top_p': 1.0, 'max_tokens': 150}
Error code: 429 - {'error': {'message': 'invalid request error trace_id: 61fedaa7e02dcc14442616b0f7137679 (request id: 20260616144303677297160hpMd08Ls)', 'type': 'bad_response_status_code', 'param': '', 'code': 'bad_response_status_code'}}
1 options {'temperature': 0.5, 'n': 8, 'top_p': 1.0, 'max_tokens': 150}
Error code: 429 - {'error': {'message': 'invalid request error trace_id: a58dcd2a8a322fa8be7d2203d24bdd43 (request id: 20260616144412665217391t5PKp42T)', 'type': 'bad_response_status_code', 'param': '', 'code': 'bad_response_status_code'}}
1 options {'temperature': 0.5, 'n': 8, 'top_p': 1.0, 'max_tokens': 150}
Error code: 429 - {'error': {'message': 'invalid request error trace_id: 49f371d9db3d1ffb65b0f5dc7c08a209 (request id: 20260616144524329176793cmPwLn3O)', 'type': 'bad_response_status_code', 'param': '', 'code': 'bad_response_status_code'}}
FV-chain.py-_dynamic_chain_exec_with_cache_mp_core Error in test-138: too many retry times
1 options {'temperature': 0.0, 'n': 1, 'top_p': 1.0, 'max_tokens': 2048}
1 options {'temperature': 0.5, 'n': 8, 'top_p': 1.0, 'max_tokens': 150}
Error code: 429 - {'error': {'message': 'invalid request error trace_id: b861f1a15d569cc17e76e02ffb2f686a (request id: 20260616144615411711388WtgYW8Pk)', 'type': 'bad_response_status_code', 'param': '', 'code': 'bad_response_status_code'}}
1 options {'temperature': 0.5, 'n': 8, 'top_p': 1.0, 'max_tokens': 150}
Error code: 429 - {'error': {'message': 'invalid request error trace_id: 194b8627978dd61f0c4dba7ca1a02097 (request id: 20260616144725592853358C4yL5qnI)', 'type': 'bad_response_status_code', 'param': '', 'code': 'bad_response_status_code'}}
1 options {'temperature': 0.5, 'n': 8, 'top_p': 1.0, 'max_tokens': 150}
Error code: 429 - {'error': {'message': 'invalid request error trace_id: 64de9730091fefc1a3d3a9849047ff8c (request id: 202606161448354038525498jk4QQ0P)', 'type': 'bad_response_status_code', 'param': '', 'code': 'bad_response_status_code'}}
1 options {'temperature': 0.5, 'n': 8, 'top_p': 1.0, 'max_tokens': 150}
Error code: 429 - {'error': {'message': 'invalid request error trace_id: 6f814ed894d82cef785b0f7a71065909 (request id: 20260616144945713100616KlggXxFE)', 'type': 'bad_response_status_code', 'param': '', 'code': 'bad_response_status_code'}}
FV-chain.py-_dynamic_chain_exec_with_cache_mp_core Error in test-139: too many retry times
Dynamic chain execution:   7%|▋         | 137/2024 [17:46:13<224:19:29, 427.96s/it]1 options {'temperature': 0.0, 'n': 1, 'top_p': 1.0, 'max_tokens': 2048}
1 options {'temperature': 0.5, 'n': 8, 'top_p': 1.0, 'max_tokens': 150}
Error code: 429 - {'error': {'message': 'invalid request error trace_id: 3c5c456c3544a2601ecabeda655bd3e9 (request id: 20260616145042307140286LGp4PJKU)', 'type': 'bad_response_status_code', 'param': '', 'code': 'bad_response_status_code'}}
1 options {'temperature': 0.5, 'n': 8, 'top_p': 1.0, 'max_tokens': 150}
Error code: 429 - {'error': {'message': 'invalid request error trace_id: 9c6bbdefa30e772a87395cccaeea577b (request id: 20260616145153185142396B2SKJF5P)', 'type': 'bad_response_status_code', 'param': '', 'code': 'bad_response_status_code'}}
1 options {'temperature': 0.5, 'n': 8, 'top_p': 1.0, 'max_tokens': 150}
Error code: 429 - {'error': {'message': 'invalid request error trace_id: dc64309810f04b3be63e5d63964cbde8 (request id: 2026061614530486280778l34ocuQI)', 'type': 'bad_response_status_code', 'param': '', 'code': 'bad_response_status_code'}}
1 options {'temperature': 0.5, 'n': 8, 'top_p': 1.0, 'max_tokens': 150}
Error code: 429 - {'error': {'message': 'invalid request error trace_id: 3023a8bb6095177aa58a24fe53c4f670 (request id: 20260616145413796288072aUPSkQ8V)', 'type': 'bad_response_status_code', 'param': '', 'code': 'bad_response_status_code'}}
FV-chain.py-_dynamic_chain_exec_with_cache_mp_core Error in test-140: too many retry times
1 options {'temperature': 0.0, 'n': 1, 'top_p': 1.0, 'max_tokens': 2048}
1 options {'temperature': 0.5, 'n': 8, 'top_p': 1.0, 'max_tokens': 150}
Error code: 429 - {'error': {'message': 'invalid request error trace_id: dbea0674a84511b4897f7da1044bdae6 (request id: 202606161455134210631888OUtSshI)', 'type': 'bad_response_status_code', 'param': '', 'code': 'bad_response_status_code'}}
1 options {'temperature': 0.5, 'n': 8, 'top_p': 1.0, 'max_tokens': 150}
Error code: 429 - {'error': {'message': 'invalid request error trace_id: 055ab33b1415b18155db8c579d9a549c (request id: 20260616145623680061435xBMgcCGz)', 'type': 'bad_response_status_code', 'param': '', 'code': 'bad_response_status_code'}}
1 options {'temperature': 0.5, 'n': 8, 'top_p': 1.0, 'max_tokens': 150}
Error code: 429 - {'error': {'message': 'invalid request error trace_id: d2d0b96928f32df5384515ff70f72993 (request id: 20260616145734200339356TUxB0fXH)', 'type': 'bad_response_status_code', 'param': '', 'code': 'bad_response_status_code'}}
1 options {'temperature': 0.5, 'n': 8, 'top_p': 1.0, 'max_tokens': 150}
Error code: 429 - {'error': {'message': 'invalid request error trace_id: b6c5922cb971422790c298210db29fad (request id: 20260616145847888862291tYv3thPR)', 'type': 'bad_response_status_code', 'param': '', 'code': 'bad_response_status_code'}}
FV-chain.py-_dynamic_chain_exec_with_cache_mp_core Error in test-141: too many retry times
1 options {'temperature': 0.0, 'n': 1, 'top_p': 1.0, 'max_tokens': 2048}
1 options {'temperature': 0.5, 'n': 8, 'top_p': 1.0, 'max_tokens': 150}
Error code: 429 - {'error': {'message': 'invalid request error trace_id: 0532a24e08fb6d3ab66e3eea763d69b3 (request id: 2026061614594565902720177lPdtlc)', 'type': 'bad_response_status_code', 'param': '', 'code': 'bad_response_status_code'}}
1 options {'temperature': 0.5, 'n': 8, 'top_p': 1.0, 'max_tokens': 150}
Error code: 429 - {'error': {'message': 'invalid request error trace_id: 9dcc48d116e2a40ab238710b931154fa (request id: 2026061615005874820774wuGt28WH)', 'type': 'bad_response_status_code', 'param': '', 'code': 'bad_response_status_code'}}
1 options {'temperature': 0.5, 'n': 8, 'top_p': 1.0, 'max_tokens': 150}
Error code: 429 - {'error': {'message': 'invalid request error trace_id: 014038f58852bb75b8fb3210d415fdf6 (request id: 20260616150207915950248nOrLCmyE)', 'type': 'bad_response_status_code', 'param': '', 'code': 'bad_response_status_code'}}
1 options {'temperature': 0.5, 'n': 8, 'top_p': 1.0, 'max_tokens': 150}
Error code: 429 - {'error': {'message': 'invalid request error trace_id: b27f5b69bec0d8d384d222c9bee4d052 (request id: 20260616150320517235478aVTxAgOd)', 'type': 'bad_response_status_code', 'param': '', 'code': 'bad_response_status_code'}}
FV-chain.py-_dynamic_chain_exec_with_cache_mp_core Error in test-142: too many retry times
1 options {'temperature': 0.0, 'n': 1, 'top_p': 1.0, 'max_tokens': 2048}
1 options {'temperature': 0.5, 'n': 8, 'top_p': 1.0, 'max_tokens': 150}
Error code: 429 - {'error': {'message': 'invalid request error trace_id: e140a07c334043e18c231091f10198e2 (request id: 20260616150632122914491uwet3ynA)', 'type': 'bad_response_status_code', 'param': '', 'code': 'bad_response_status_code'}}
1 options {'temperature': 0.5, 'n': 8, 'top_p': 1.0, 'max_tokens': 150}
Error code: 429 - {'error': {'message': 'invalid request error trace_id: e15b430ba486ddf3a58f3513c84988de (request id: 20260616150744872920615f8paAAAR)', 'type': 'bad_response_status_code', 'param': '', 'code': 'bad_response_status_code'}}
1 options {'temperature': 0.5, 'n': 8, 'top_p': 1.0, 'max_tokens': 150}
Error code: 429 - {'error': {'message': 'invalid request error trace_id: a522d9f6b655dd41f5b171e9162bca7f (request id: 2026061615085579788908eYSVj4U0)', 'type': 'bad_response_status_code', 'param': '', 'code': 'bad_response_status_code'}}
1 options {'temperature': 0.5, 'n': 8, 'top_p': 1.0, 'max_tokens': 150}
Error code: 429 - {'error': {'message': 'invalid request error trace_id: 468191cf26641409f22c40ac4639dbb1 (request id: 20260616151004570687993ZUxmkIB0)', 'type': 'bad_response_status_code', 'param': '', 'code': 'bad_response_status_code'}}
FV-chain.py-_dynamic_chain_exec_with_cache_mp_core Error in test-143: too many retry times
Dynamic chain execution:   7%|▋         | 141/2024 [18:06:30<204:26:19, 390.85s/it]1 options {'temperature': 0.0, 'n': 1, 'top_p': 1.0, 'max_tokens': 2048}
1 options {'temperature': 0.5, 'n': 8, 'top_p': 1.0, 'max_tokens': 150}
Error code: 429 - {'error': {'message': 'invalid request error trace_id: 3ffe91d92669e29416cc04b453a6bd37 (request id: 20260616151209941220994rVobj3eP)', 'type': 'bad_response_status_code', 'param': '', 'code': 'bad_response_status_code'}}
1 options {'temperature': 0.5, 'n': 8, 'top_p': 1.0, 'max_tokens': 150}
Error code: 429 - {'error': {'message': 'invalid request error trace_id: 79f53636dccee74f93cbbed03578677b (request id: 20260616151323849163212lZu6dL9M)', 'type': 'bad_response_status_code', 'param': '', 'code': 'bad_response_status_code'}}
1 options {'temperature': 0.5, 'n': 8, 'top_p': 1.0, 'max_tokens': 150}
Error code: 429 - {'error': {'message': 'invalid request error trace_id: 603916bbfe2be4f557939c3ee6bcf097 (request id: 202606161514342868753858OWUDxyj)', 'type': 'bad_response_status_code', 'param': '', 'code': 'bad_response_status_code'}}
1 options {'temperature': 0.5, 'n': 8, 'top_p': 1.0, 'max_tokens': 150}
Error code: 429 - {'error': {'message': 'invalid request error trace_id: 2ca9eff5b068860d19174cd874f72d73 (request id: 20260616151545297634475jgtr5I3r)', 'type': 'bad_response_status_code', 'param': '', 'code': 'bad_response_status_code'}}
FV-chain.py-_dynamic_chain_exec_with_cache_mp_core Error in test-144: too many retry times
1 options {'temperature': 0.0, 'n': 1, 'top_p': 1.0, 'max_tokens': 2048}
1 options {'temperature': 0.5, 'n': 8, 'top_p': 1.0, 'max_tokens': 150}
Error code: 429 - {'error': {'message': 'invalid request error trace_id: 9dc62e48bc69f2271c1f9b4aa11cede8 (request id: 202606161516479592175546lODwA1h)', 'type': 'bad_response_status_code', 'param': '', 'code': 'bad_response_status_code'}}
1 options {'temperature': 0.5, 'n': 8, 'top_p': 1.0, 'max_tokens': 150}
Error code: 429 - {'error': {'message': 'invalid request error trace_id: 04758a51cb61f6c72240bc1e7378a918 (request id: 2026061615175667701366uB7UHcMs)', 'type': 'bad_response_status_code', 'param': '', 'code': 'bad_response_status_code'}}
1 options {'temperature': 0.5, 'n': 8, 'top_p': 1.0, 'max_tokens': 150}
Error code: 429 - {'error': {'message': 'invalid request error trace_id: 659d03ac7180c72449666a1aec6880a9 (request id: 20260616151905474231203bChqBe8f)', 'type': 'bad_response_status_code', 'param': '', 'code': 'bad_response_status_code'}}
1 options {'temperature': 0.5, 'n': 8, 'top_p': 1.0, 'max_tokens': 150}
Error code: 429 - {'error': {'message': 'invalid request error trace_id: 508526beafa4ee8bf09c42afef9e6c01 (request id: 20260616152015988252729n6FQ5IYY)', 'type': 'bad_response_status_code', 'param': '', 'code': 'bad_response_status_code'}}
FV-chain.py-_dynamic_chain_exec_with_cache_mp_core Error in test-145: too many retry times
1 options {'temperature': 0.0, 'n': 1, 'top_p': 1.0, 'max_tokens': 2048}
1 options {'temperature': 0.5, 'n': 8, 'top_p': 1.0, 'max_tokens': 150}
Error code: 429 - {'error': {'message': 'invalid request error trace_id: dde8e09981033d075577245bfbdc1c81 (request id: 202606161521125442046087fyWpjLw)', 'type': 'bad_response_status_code', 'param': '', 'code': 'bad_response_status_code'}}
1 options {'temperature': 0.5, 'n': 8, 'top_p': 1.0, 'max_tokens': 150}
Error code: 429 - {'error': {'message': 'invalid request error trace_id: bcb7ca13b2816d64081d629020d78e2e (request id: 2026061615222389822537839pFkOjQ)', 'type': 'bad_response_status_code', 'param': '', 'code': 'bad_response_status_code'}}
1 options {'temperature': 0.5, 'n': 8, 'top_p': 1.0, 'max_tokens': 150}
Error code: 429 - {'error': {'message': 'invalid request error trace_id: 5559bb76a96951be8b1cb7ca6daedc81 (request id: 20260616152335307848438fxDTg01M)', 'type': 'bad_response_status_code', 'param': '', 'code': 'bad_response_status_code'}}
1 options {'temperature': 0.5, 'n': 8, 'top_p': 1.0, 'max_tokens': 150}
Error code: 429 - {'error': {'message': 'invalid request error trace_id: fc9a1c97644ada3539f9d1c9595c3688 (request id: 2026061615244427816974aCF6bMjf)', 'type': 'bad_response_status_code', 'param': '', 'code': 'bad_response_status_code'}}
FV-chain.py-_dynamic_chain_exec_with_cache_mp_core Error in test-146: too many retry times
1 options {'temperature': 0.0, 'n': 1, 'top_p': 1.0, 'max_tokens': 2048}
1 options {'temperature': 0.5, 'n': 8, 'top_p': 1.0, 'max_tokens': 150}
Error code: 429 - {'error': {'message': 'invalid request error trace_id: 4871febb247a60a2d95da9b8c562cd4c (request id: 20260616152542793930776NkufME1z)', 'type': 'bad_response_status_code', 'param': '', 'code': 'bad_response_status_code'}}
1 options {'temperature': 0.5, 'n': 8, 'top_p': 1.0, 'max_tokens': 150}
Error code: 429 - {'error': {'message': 'invalid request error trace_id: ece88672792cb6647b9332af9bc20c12 (request id: 2026061615265314659877FqR61AxW)', 'type': 'bad_response_status_code', 'param': '', 'code': 'bad_response_status_code'}}
1 options {'temperature': 0.5, 'n': 8, 'top_p': 1.0, 'max_tokens': 150}
Error code: 429 - {'error': {'message': 'invalid request error trace_id: 7b86e628ad814ecfa89b12edf60a0b8a (request id: 20260616152802897613833q8rPa3g0)', 'type': 'bad_response_status_code', 'param': '', 'code': 'bad_response_status_code'}}
1 options {'temperature': 0.5, 'n': 8, 'top_p': 1.0, 'max_tokens': 150}
Error code: 429 - {'error': {'message': 'invalid request error trace_id: e775f21e39b3fef47d6844b32b8bf9c3 (request id: 20260616152912798132bkbtmfwf)', 'type': 'bad_response_status_code', 'param': '', 'code': 'bad_response_status_code'}}
FV-chain.py-_dynamic_chain_exec_with_cache_mp_core Error in test-147: too many retry times
Dynamic chain execution:   7%|▋         | 145/2024 [18:25:37<187:43:09, 359.65s/it]1 options {'temperature': 0.0, 'n': 1, 'top_p': 1.0, 'max_tokens': 2048}
<html>
<head><title>504 Gateway Time-out</title></head>
<body>
<center><h1>504 Gateway Time-out</h1></center>
<hr><center>openresty</center>
</body>
</html>
1 options {'temperature': 0.0, 'n': 1, 'top_p': 1.0, 'max_tokens': 2048}
1 options {'temperature': 0.5, 'n': 8, 'top_p': 1.0, 'max_tokens': 150}
Error code: 429 - {'error': {'message': 'invalid request error trace_id: 2f2d47b29553a2a7f375f14168fd01b1 (request id: 20260616153623665228591I6Br0QzQ)', 'type': 'bad_response_status_code', 'param': '', 'code': 'bad_response_status_code'}}
1 options {'temperature': 0.5, 'n': 8, 'top_p': 1.0, 'max_tokens': 150}
Error code: 429 - {'error': {'message': 'invalid request error trace_id: 6c813d98b8ae3395b7e7a849d8ceba2e (request id: 20260616153733257978351oUk8wiJ4)', 'type': 'bad_response_status_code', 'param': '', 'code': 'bad_response_status_code'}}
1 options {'temperature': 0.5, 'n': 8, 'top_p': 1.0, 'max_tokens': 150}
Error code: 429 - {'error': {'message': 'invalid request error trace_id: 63984965ca900a771f0d6e915b4bbb07 (request id: 2026061615384323896698FmsKDHRK)', 'type': 'bad_response_status_code', 'param': '', 'code': 'bad_response_status_code'}}
1 options {'temperature': 0.5, 'n': 8, 'top_p': 1.0, 'max_tokens': 150}
Error code: 429 - {'error': {'message': 'invalid request error trace_id: e886b245efad99a901ad40ad8472c3e1 (request id: 20260616153953931928112y7PBiObi)', 'type': 'bad_response_status_code', 'param': '', 'code': 'bad_response_status_code'}}
FV-chain.py-_dynamic_chain_exec_with_cache_mp_core Error in test-148: too many retry times
1 options {'temperature': 0.0, 'n': 1, 'top_p': 1.0, 'max_tokens': 2048}
1 options {'temperature': 0.5, 'n': 8, 'top_p': 1.0, 'max_tokens': 150}
Error code: 429 - {'error': {'message': 'invalid request error trace_id: f4d3bd89be8878a9357717003e4c8e56 (request id: 2026061615404634427722hiWcRs3j)', 'type': 'bad_response_status_code', 'param': '', 'code': 'bad_response_status_code'}}
1 options {'temperature': 0.5, 'n': 8, 'top_p': 1.0, 'max_tokens': 150}
Error code: 429 - {'error': {'message': 'invalid request error trace_id: 0dd1f2c8e457f60615bf92ab9e735b4f (request id: 20260616154156759773445gSJj9ELR)', 'type': 'bad_response_status_code', 'param': '', 'code': 'bad_response_status_code'}}
1 options {'temperature': 0.5, 'n': 8, 'top_p': 1.0, 'max_tokens': 150}
Error code: 429 - {'error': {'message': 'invalid request error trace_id: 44a537c0f16cfb33a349cbd2bf555f3d (request id: 20260616154307449059770E5jDPS4J)', 'type': 'bad_response_status_code', 'param': '', 'code': 'bad_response_status_code'}}
1 options {'temperature': 0.5, 'n': 8, 'top_p': 1.0, 'max_tokens': 150}
Error code: 429 - {'error': {'message': 'invalid request error trace_id: c8932ee1f4ed145d1861a5d4555f3187 (request id: 20260616154417842151121crk2wNi6)', 'type': 'bad_response_status_code', 'param': '', 'code': 'bad_response_status_code'}}
FV-chain.py-_dynamic_chain_exec_with_cache_mp_core Error in test-149: too many retry times
1 options {'temperature': 0.0, 'n': 1, 'top_p': 1.0, 'max_tokens': 2048}
1 options {'temperature': 0.5, 'n': 8, 'top_p': 1.0, 'max_tokens': 150}
Error code: 429 - {'error': {'message': 'invalid request error trace_id: d7f81371288374fbe02b64d6af5ce8d1 (request id: 20260616154516653095081enYgTysu)', 'type': 'bad_response_status_code', 'param': '', 'code': 'bad_response_status_code'}}
1 options {'temperature': 0.5, 'n': 8, 'top_p': 1.0, 'max_tokens': 150}
Error code: 429 - {'error': {'message': 'invalid request error trace_id: 643997efa22bc6fa6b60fbb0264999cd (request id: 2026061615462557222285AhwzK7Ee)', 'type': 'bad_response_status_code', 'param': '', 'code': 'bad_response_status_code'}}
1 options {'temperature': 0.5, 'n': 8, 'top_p': 1.0, 'max_tokens': 150}
Error code: 429 - {'error': {'message': 'invalid request error trace_id: 398a41e86a36e28526dd0e64a3f110f4 (request id: 20260616154735806290701keRuDAs2)', 'type': 'bad_response_status_code', 'param': '', 'code': 'bad_response_status_code'}}
1 options {'temperature': 0.5, 'n': 8, 'top_p': 1.0, 'max_tokens': 150}
Error code: 429 - {'error': {'message': 'invalid request error trace_id: 134261539aa6d0639692aa9f2f827e84 (request id: 2026061615484784646966z9X81P1z)', 'type': 'bad_response_status_code', 'param': '', 'code': 'bad_response_status_code'}}
FV-chain.py-_dynamic_chain_exec_with_cache_mp_core Error in test-150: too many retry times
1 options {'temperature': 0.0, 'n': 1, 'top_p': 1.0, 'max_tokens': 2048}
1 options {'temperature': 0.5, 'n': 8, 'top_p': 1.0, 'max_tokens': 150}
Error code: 429 - {'error': {'message': 'invalid request error trace_id: 4064f2a9ea104f383bc18228ab358c39 (request id: 20260616154940617116213YLGhOvEJ)', 'type': 'bad_response_status_code', 'param': '', 'code': 'bad_response_status_code'}}
1 options {'temperature': 0.5, 'n': 8, 'top_p': 1.0, 'max_tokens': 150}
Error code: 429 - {'error': {'message': 'invalid request error trace_id: efa4e283c40c65ad76e8b93126be31fd (request id: 20260616155050735549007m2tOTGt2)', 'type': 'bad_response_status_code', 'param': '', 'code': 'bad_response_status_code'}}
1 options {'temperature': 0.5, 'n': 8, 'top_p': 1.0, 'max_tokens': 150}
Error code: 429 - {'error': {'message': 'invalid request error trace_id: 40c7a6c8577742792a0f05110182a2ea (request id: 202606161552005776341444tsB2SUW)', 'type': 'bad_response_status_code', 'param': '', 'code': 'bad_response_status_code'}}
1 options {'temperature': 0.5, 'n': 8, 'top_p': 1.0, 'max_tokens': 150}
Error code: 429 - {'error': {'message': 'invalid request error trace_id: 8b49be2416dc87360d2933d16f1408a1 (request id: 20260616155310933418786AVX2kjq6)', 'type': 'bad_response_status_code', 'param': '', 'code': 'bad_response_status_code'}}
FV-chain.py-_dynamic_chain_exec_with_cache_mp_core Error in test-151: too many retry times
Dynamic chain execution:   7%|▋         | 149/2024 [18:49:36<187:20:23, 359.69s/it]1 options {'temperature': 0.0, 'n': 1, 'top_p': 1.0, 'max_tokens': 2048}
1 options {'temperature': 0.5, 'n': 8, 'top_p': 1.0, 'max_tokens': 150}
Error code: 429 - {'error': {'message': 'invalid request error trace_id: bfae28b829846f95787f8cc810dbe5d5 (request id: 202606161554091612846516gWyIVt5)', 'type': 'bad_response_status_code', 'param': '', 'code': 'bad_response_status_code'}}
1 options {'temperature': 0.5, 'n': 8, 'top_p': 1.0, 'max_tokens': 150}
Error code: 429 - {'error': {'message': 'invalid request error trace_id: 230aaee8034f8d47c176b179d8ac69a9 (request id: 20260616155518253820065SItsK6f)', 'type': 'bad_response_status_code', 'param': '', 'code': 'bad_response_status_code'}}
1 options {'temperature': 0.5, 'n': 8, 'top_p': 1.0, 'max_tokens': 150}
Error code: 429 - {'error': {'message': 'invalid request error trace_id: 44eb7dbd426475b0ddf2101ea5408d78 (request id: 20260616155627625456442Cfx9hj1U)', 'type': 'bad_response_status_code', 'param': '', 'code': 'bad_response_status_code'}}
1 options {'temperature': 0.5, 'n': 8, 'top_p': 1.0, 'max_tokens': 150}
Error code: 429 - {'error': {'message': 'invalid request error trace_id: 0e3117f04996050446dcaee75458fea0 (request id: 20260616155737305889321zRz2gRpU)', 'type': 'bad_response_status_code', 'param': '', 'code': 'bad_response_status_code'}}
FV-chain.py-_dynamic_chain_exec_with_cache_mp_core Error in test-152: too many retry times
1 options {'temperature': 0.0, 'n': 1, 'top_p': 1.0, 'max_tokens': 2048}
1 options {'temperature': 0.5, 'n': 8, 'top_p': 1.0, 'max_tokens': 150}
Error code: 429 - {'error': {'message': 'invalid request error trace_id: 2a788a67d5d9f68f74ad767c05334738 (request id: 20260616155843728573486wS4HMkOh)', 'type': 'bad_response_status_code', 'param': '', 'code': 'bad_response_status_code'}}
1 options {'temperature': 0.5, 'n': 8, 'top_p': 1.0, 'max_tokens': 150}
Error code: 429 - {'error': {'message': 'invalid request error trace_id: d9f458548dd17d2e2eee13bbcdf97fcf (request id: 2026061615595316497896194w8MbvR)', 'type': 'bad_response_status_code', 'param': '', 'code': 'bad_response_status_code'}}
1 options {'temperature': 0.5, 'n': 8, 'top_p': 1.0, 'max_tokens': 150}
Error code: 429 - {'error': {'message': 'invalid request error trace_id: 1d979b421539da2f3380499dc426402c (request id: 20260616160101197788724dHddyu1E)', 'type': 'bad_response_status_code', 'param': '', 'code': 'bad_response_status_code'}}
1 options {'temperature': 0.5, 'n': 8, 'top_p': 1.0, 'max_tokens': 150}
Error code: 429 - {'error': {'message': 'invalid request error trace_id: 790d91b287202d068d95f0c492f32bbe (request id: 202606161602113771079918oAgmvhZ)', 'type': 'bad_response_status_code', 'param': '', 'code': 'bad_response_status_code'}}
FV-chain.py-_dynamic_chain_exec_with_cache_mp_core Error in test-153: too many retry times
1 options {'temperature': 0.0, 'n': 1, 'top_p': 1.0, 'max_tokens': 2048}
1 options {'temperature': 0.5, 'n': 8, 'top_p': 1.0, 'max_tokens': 150}
Error code: 429 - {'error': {'message': 'invalid request error trace_id: 4414a98b8310fde12d1a7e3fe48a2b0e (request id: 202606161603155799077599shWSO8n)', 'type': 'bad_response_status_code', 'param': '', 'code': 'bad_response_1 options {'temperature': 0.0, 'n': 1, 'top_p': 1.0, 'max_tokens': 2048}
<html>
<head><title>504 Gateway Time-out</title></head>
<body>
<center><h1>504 Gateway Time-out</h1></center>
<hr><center>openresty</center>
</body>
</html>
FV-chain.py-_dynamic_chain_exec_with_cache_mp_core Error in test-157: too many retry times
1 options {'temperature': 0.0, 'n': 1, 'top_p': 1.0, 'max_tokens': 2048}
1 options {'temperature': 0.5, 'n': 8, 'top_p': 1.0, 'max_tokens': 150}
Error code: 429 - {'error': {'message': 'invalid request error trace_id: 1274159c405efc06d36dc9a4a0615cab (request id: 20260616160904750981836rLLgcvrC)', 'type': 'bad_response_status_code', 'param': '', 'code': 'bad_response_status_code'}}
1 options {'temperature': 0.5, 'n': 8, 'top_p': 1.0, 'max_tokens': 150}
Error code: 429 - {'error': {'message': 'invalid request error trace_id: 34c8714310a2132fbe2d543fabcd42de (request id: 20260616161016719708681Z1ks2sQ3)', 'type': 'bad_response_status_code', 'param': '', 'code': 'bad_response_status_code'}}
1 options {'temper1 options {'temperature': 0.0, 'n': 1, 'top_p': 1.0, 'max_tokens': 2048}
1 options {'temperature': 0.0, 'n': 1, 'top_p': 1.0, 'max_tokens': 150}
1 options {'temperature': 0, 'n': 1, 'top_p': 1.0, 'max_tokens': 150}
1 options {'temperature': 0, 'n': 1, 'top_p': 1.0, 'max_tokens': 150}
1 options {'temperature': 0, 'n': 1, 'top_p': 1.0, 'max_tokens': 150}
1 options {'temperature': 0, 'n': 1, 'top_p': 1.0, 'max_tokens': 150}
1 options {'temperature': 0, 'n': 1, 'top_p': 1.0, 'max_tokens': 150}
1 options {'temperature': 0, 'n': 1, 'top_p': 1.0, 'max_tokens': 150}
1 options {'temperature': 0.0, 'n': 1, 'top_p': 1.0, 'max_tokens': 2048}
1 options {'temperature': 0.5, 'n': 8, 'top_p': 1.0, 'max_1 options {'temperature': 0.0, 'n': 1, 'top_p': 1.0, 'max_tokens': 2048}
<html>
<head><title>504 Gateway Time-out</title></head>
<body>
<center><h1>504 Gateway Time-out</h1></center>
<hr><center>openresty</center>
</body>
</html>
1 options {'temperature': 0.0, 'n': 1, 'top_p': 1.0, 'max_tokens': 2048}
1 options {'temperature': 0.5, 'n': 8, 'top_p': 1.0, 'max_tokens': 150}
Error code: 429 - {'error': {'message': 'invalid request error trace_id: a4ab42f3acd8295110e98882db45300f (request id: 20260616161740510428365xjY9mQQr)', 'type': 'bad_response_status_code', 'param': '', 'code': 'bad_response_status_code'}}
1 options {'temperature': 0.5, 'n': 8, 'top_p': 1.0, 'max_tokens': 150}
Error code: 429 - {'error': {'message': 'invalid request error trace_id: a780659935fa4135b79a3a3bb8c86866 (request id: 20260616161851363294697sjeGEzts)', 'type': 'bad_response_status_code', 'param': '', 'code': 'bad_response_status_code'}}
1 options {'temperature': 0.5, 'n': 8, 'top_p': 1.0, 'max_tokens': 150}
Error code: 429 - {'error': {'message': 'invalid request error trace_id: 08082e34a50ce285d4a7cb67797bdba8 (request id: 20260616162009875278863Vhd1qHQk)', 'type': 'bad_response_status_code', 'param': '', 'code': 'bad_response_status_code'}}
1 options {'temperature': 0.5, 'n': 8, 'top_p': 1.0, 'max_tokens': 150}
Error code: 429 - {'error': {'message': 'invalid request error trace_id: a089ab3eb4e0c39832589d80e7640160 (request id: 20260616162119861354569eh9602Bx)', 'type': 'bad_response_status_code', 'param': '', 'code': 'bad_response_status_code'}}
FV-chain.py-_dynamic_chain_exec_with_cache_mp1 options {'temperature': 0.0, 'n': 1, 'top_p': 1.0, 'max_tokens': 2048}
<html>
<head><title>504 Gateway Time-out</title></head>
<body>
<center><h1>504 Gateway Time-out</h1></center>
<hr><center>openresty</center>
</body>
</html>
1 options {'temperature': 0.0, 'n': 1, 'top_p': 1.0, 'max_tokens': 2048}
<html>
<head><title>504 Gateway Time-out</title></head>
<body>
<center><h1>504 Gateway Time-out</h1></center>
<hr><center>openresty</center>
</body>
</html>
1 options {'temperature': 0.0, 'n': 1, 'top_p': 1.0, 'max_tokens': 2048}
<html>
<head><title>504 Gateway Time-out</title></head>
<body>
<center><h1>504 Gateway Time-out</h1></center>
<hr><center>openresty</center>
</body>
</html>
FV-chain.py-_dynamic_chain_exec_with_cache_mp_core Error in test-157: too many retry times
1 options {'temperature': 0.0, 'n': 1, 't1 options {'temperature': 0.0, 'n': 1, 'top_p': 1.0, 'max_tokens': 2048}
1 options {'temperature': 0.0, 'n': 1, 'top_p': 1.0, 'max_tokens': 150}
1 options {'temperature': 0, 'n': 1, 'top_p': 1.0, 'max_tokens': 150}
1 options {'temperature': 0, 'n': 1, 'top_p': 1.0, 'max_tokens': 150}
1 options {'temperature': 0, 'n': 1, 'top_p': 1.0, 'max_tokens': 150}
1 options {'temperature': 0, 'n': 1, 'top_p': 1.0, 'max_tokens': 150}
1 options {'temperature': 0, 'n': 1, 'top_p': 1.0, 'max_tokens': 150}
1 options {'temperature': 0, 'n': 1, 'top_p': 1.0, 'max_tokens': 150}
1 options {'temperature': 0.0, 'n': 1, 'top_p': 1.0, 'max_tokens': 2048}
<html>
<head><title>504 Gateway Time-out</title></head>
<body>
<center><h1>504 Gateway Time-out</h1></center>
<hr><center>openresty</center>
</body>
</html>
1 options {'temperature': 0.0, 'n': 1, 'top_p': 1.0, 'max_tokens': 2048}
1 options {'temperature': 0.5, 'n': 8, 'top_p': 1.0, 'max_tokens': 150}
Error code: 429 - {'error': {'message': 'invalid request error trace_id: 96ad073be443b889a06cd29892f489a1 (request id: 20260616164221435259622Vd3dzo7B)', 'type': 'bad_response_status_code', 'param': '', 'code': 'bad_response_status_code'}}
1 options {'temperature': 0.5, 'n': 8, 'top_p': 1.0, 'max_tokens': 150}
Error code: 429 - {'error': {'message': 'invalid request error trace_id: a6280f716f7392d5917e8ac4cc5af8c7 (request id: 20260616164331810146141S1jrurEz)', 'type': 'bad_response_status_code', 'param': '', 'code': 'bad_response_status_code'}}
1 options {'temperature': 0.5, 'n': 8, 'top_p': 1.0, 'max_tokens': 150}
Error code: 429 - {'error': {'messag1 options {'temperature': 0.0, 'n': 1, 'top_p': 1.0, 'max_tokens': 2048}
1 options {'temperature': 0.5, 'n': 8, 'top_p': 1.0, 'max_tokens': 150}
Error code: 429 - {'error': {'message': 'invalid request er1 options {'temperature': 0.5, 'n': 8, 'top_p': 1.0, 'max_tokens': 150}
Error code: 429 - {'error': {'message': 'invalid request error trace_id: 87c0ff22853c1397c45f30048c17d773 (re1 options {'temperature': 0.5, 'n': 8, 'top_p': 1.0, 'max_tokens': 150}
Error code: 429 - {'error': {'message': 'invalid request error trace_id: 322ad860a1cb11b6bbcf7d13c855e644 (request id: 20260616164602116986551PYOgiGBY1 options {'temperature': 0.0, 'n': 1, 'top_p': 1.0, 'max_tokens': 2048}
1 options {'temperature': 0.5, 'n': 8, 'top_p': 1.0, 'max_tokens': 150}
Error code: 429 - {'error': {'message': 'invalid request error trace_id: 536d49ec1752c162a83ce340f9d50c3e (request id: 2026061616485735754666AaOMGG4w)', 'type': 'bad_response_statu1 options {'temperature': 0.5, 'n': 8, 'top_p': 1.0, 'max_t1 options {'temperature': 0.5, 'n': 8, 'top_p': 1.0, 'max_tokens': 150}
Error code: 429 - {'error': {'message': 'invalid request error trace_id: 633c14ed8c59093db898425a528be40a (request id: 202606161650069707091269OaBsfKq)', 'type': 'bad_response_status_code', 'param': '', 'code': 'bad_response_status_code'}}
1 options {'temperature': 0.5, 'n': 8, 'top_p': 1.0, 'max_tokens': 150}
Error code: 429 - {'error': {'message': 'inval1 options {'temperature': 0.0, 'n': 1, 'top_p': 1.0, 'max_tokens': 2048}
<html>
<head><title>504 Gateway Time-out</title></head>
<body>
<center><h1>504 Gateway Time-out</h1></center>
<hr><ce1 options {'temperature': 0.5, 'n': 8, 'to1 options {'temperature': 0.0, 'n': 1, 'top_p': 1.0, 'max_tokens': 2048}
<html>
<head><title>504 Gateway Time-out</title></head>
<body>
<center><h1>504 Gateway Time-out</h1></center>
<hr><center>openresty</center>
</body>
</html>
1 options {'temperature': 0.0, 'n': 1, 'top_p': 1.0, 'max_tokens': 2048}
<html>
<head><title>504 Gateway Time-out</title></head>
<body>
<center><h1>504 Gateway Time-out</h1></center>
<hr><center>openresty</center>
</body>
</html>
1 options {'temperature': 0.0, 'n': 1, 'top_p': 1.0, 'max_tokens': 2048}
1 options {'temperature': 0.5, 'n': 8, 'top_p': 1.0, 'max_tokens': 150}
Error code: 429 - {'error': {'message': 'invalid request error trace_id: 9566a1c6c0d7e6d3ce435ac2d0a6847f (request id: 202606161702267332802904hwOSuiF)', 'type': 'bad_response_status_code', 'param': '', 'code': 'bad_1 options {'temperature'1 options {'temperature': 0.5, 'n': 8, 'top_p': 1.0, 'max_tokens': 150}
Error code: 429 - {'error': {'message': 'invalid request error trace_id: e3d15e9f3ca2055f146ea94580530629 (request id: 2026061617033617295881 options {'temperature': 0.0, 'n': 1, 'top_p': 1.0, 'max_tokens': 2048}
<html>
<head><title>504 Gateway Time-out</title></head>
<body>
<center><h1>504 Gateway Time-out</h1></center>
<hr><center>openresty</center>
</body>
</html>
FV-chain.py-_dynamic_chain_exec_with_cache_mp_core Error in test-162: too many retry times
1 options {'temperature': 0.0, 'n': 1, 'top_p': 1.0, 'max_tokens': 2048}
1 options {'temperature': 0.5, 'n': 8, 'top_p': 1.0, 'max_tokens': 150}
Error code: 429 - {'error': {'message': 'invalid request error trace_id: 9db6c1801bf409c59c026bcba49857de (request id: 20260616170828807804025DQtDGZeU)', 'type': 'bad_response_status_code', 'param': '', 'code': 'bad_response_status_code'}}
1 options {'temperature': 0.5, 'n': 8, 'top_p': 1.0, 'max_tokens': 150}
Error code: 429 - {'error': {'message': 'invalid request error trace_id: 9ee5ad88dbfcc9701339c144b05450f4 (request id: 20260616170938934053046xWjs2lRa)', 'type': 'bad_response_status_code', 'param': '', 'code': 'bad_response_status_code'}}
1 options {'temperature': 0.5, 'n': 8, 'top_p': 1.0, 'max_tokens': 150}
Error code: 429 - {'error': {'message': 'invalid request error trace_id: dee04354427443cf5db369b31dea5c94 (request id: 20260616171049845452379EA7Pba1z)', 'type': 'bad_response_status_code', 'param': '', 'code': 'bad_response_status_code'}}
1 options {'temperature': 0.5, 'n': 8, 'top_p': 1.0, 'max_tokens': 150}
Error code: 429 - {'error': {'message': 'invalid request error trace_id: bcc969f6eb06ee0153d8ea8a59e159ab (request id: 20260616171158828437729oP3d9ue9)', 'type': 'bad_response_status_code', 'param': '', 'code': 'bad_response_status_code'}}
FV-chain.py-_dynamic_chain_exec_with_cache_mp_core Error in test-163: too many retry times
Dynamic chain execution:   8%|▊         | 161/2024 [20:08:24<251:02:48, 485.11s/it]1 options {'temperature': 0.0, 'n': 1, 'top_p': 1.0, 'max_tokens': 2048}
1 options {'temperature': 0.5, 'n': 8, 'top_p': 1.0, 'max_tokens': 150}
Error code: 429 - {'error': {'message': 'invalid request error trace_id: 75764dfb21aaabefa696432c2d4cbcf7 (request id: 202606161714114049921085gBZ5FgF)', 'type': 'bad_response_status_code', 'param': '', 'code': 'bad_response_status_code'}}
1 options {'temperature': 0.5, 'n': 8, 'top_p': 1.0, 'max_tokens': 150}
Error code: 429 - {'error': {'message': 'invalid request error trace_id: 80351410859f9870a823e097ef3e0267 (request id: 20260616171522695404062Yd44CixP)', 'type': 'bad_response_stat1 options {'temperature': 0.0, 'n': 1, 'top_p': 1.0, 'max_tokens': 2048}
<html>
<head><title>504 Gateway Time-out</title></head>
<body>
<center><h1>504 Gateway Time-out</h1></center>
<hr><center>openresty</center>
</body>
</html>
1 options {'temperature': 0.0, 'n': 1, 'top_p': 1.0, 'max_tokens': 2048}
<html>
<head><title>504 Gateway Time-out</title></head>
<body>
<center><h1>504 Gateway Time-out</h1></center>
<hr><center>openresty</center>
</body>
</html>
1 options {'temperature': 0.0, 'n': 1, 'top_p': 1.0, 'max_tokens': 2048}
<html>
<head><title>504 Gateway Time-out</title></head>
<body>
<center><h1>504 Gateway Time-out</h1></center>
<hr><center>openresty</center>
</body>
</html>
FV-chain.py-_dynamic_chain_exec_with_cache_mp_core Error in test-162: too many retry times
1 options {'temperature': 0.0, 'n': 1, 'top_p': 1.0, 'max_tokens': 2048}
1 options {'temperature': 0.5, 'n': 8, 'top_p': 1.0, 'max_tokens': 150}
Error code: 429 - {'error': {'message': 'invalid request error trace_id: b39e985f5fe8bbeb63d5452ccd973dbc (request id: 20260616172645373779898qaK6nhid)', 'type': 'bad_response_status_code', 'param': '', 'code': 'bad_response_status_code'}}
1 options {'temperature': 0.5, 'n': 8, 'top_p': 1.0, 'max_tokens': 150}
Error code: 429 - {'error': {'message': 'invalid request error trace_id: 23bb8c20f6e2962965fedf9f9dc7b796 (request id: 20260616172755755328834KlbsmYeV)', 'type': 'bad_response_status_code', 'param': '', 'code': 'bad_response_status_code'}}
1 options {'temperature': 0.5, 'n': 8, 'top_p': 1.0, 'max_tokens': 150}
Error code: 429 - {'error': {'message': 'invalid request error trace_id: 5dc98707d3936c406c63b95e7442591f (request id: 20260616172910929605868VPhmfPy3)', 'type': 'bad_response_status_code', 'param': '', 'code': 'bad_response_status_code'}}
1 options {'temperature': 0.5, 'n': 8, 'top_p': 1.0, 'max_tokens': 150}
Error code: 429 - {'error': {'message': 'invalid request error trace_id: 573279e92835e941876027671e478953 (request id: 20260616173020226631174lri4UBas)', 'type': 'bad_response_status_code', 'param': '', 'code': 'bad_response_status_code'}}
FV-chain.py-_dynamic_chain_exec_with_cache_mp_core Error in test-163: too many retry times
Dynamic chain execution:   8%|▊         | 161/2024 [20:26:46<238:43:49, 461.32s/it]1 options {'temperature': 0.0, 'n': 1, 'top_p': 1.0, 'max_tokens': 2048}
1 options {'temperature': 0.5, 'n': 8, 'top_p': 1.0, 'max_tokens': 150}
Error code: 429 - {'error': {'message': 'invalid request error trace_id: c619acbf196366a4ef4e00db0288772c (request id: 202606161731234729632816fAYHjlR)', 'type': 'bad_response_status_code', 'param': '', 'code': 'bad_1 options {'temperature': 0.0, 'n': 1, 'top_p': 1.0, 'max_tokens': 2048}
<html>
<head><title>504 Gateway Time-out</title></head>
<body>
<center><h1>504 Gateway Time-out</h1></center>
<hr><center>openresty</center>
</body>
</html>
1 options {'temperature': 0.0, 'n': 1, 'top_p': 1.0, 'max_tokens': 2048}
<html>
<head><title>504 Gateway Time-out</title></head>
<body>
<center><h1>504 Gateway Time-out</h1></center>
<hr><center>openresty</center>
</body>
</html>
FV-chain.py-_dynamic_chain_exec_with_cache_mp_core Error in test-166: too many retry times
1 options {'temperature': 0.0, 'n': 1, 'top_p': 1.0, 'max_tokens': 2048}
<html>
<head><title>504 Gateway Time-out</title></head>
<body>
<center><h1>504 Gateway Time-out</h1></center>
<hr><center>openresty</center>
</body>
</html>
1 options {'temperature': 0.0, 'n': 1, 'top_p': 1.0, 'max_tokens': 2048}
1 options {'temperature': 0.5, 'n': 8, 'top_p': 1.0, 'max_tokens': 150}
Error code: 429 - {'error': {'message': 'invalid request error trace_id: 54e7319eb359f36a92146581ebc90f2e (request id: 202606161742236071820784qmgbTJb)', 'type': 'bad_response_status_code', 'param': '', 'code': 'bad_response_status_code'}}
1 options {'temperature': 0.5, 'n': 8, 'top_p': 1.0, 'max_tokens': 150}
Error code: 429 - {'error': {'message': 'invalid request error trace_id: 7bfd8299d898c46170da56533b571ed1 (request id: 20260616174333577458766bj4Gy63x)', 'type': 'bad_response_status_code', 'param': '', 'code': 'bad_response_status_code'}}
1 options {'temperature': 0.5, 'n': 8, 'top_p': 1.0, 'max_tokens': 150}
Error code: 429 - {'error': {'message': 'invalid request error trace_id: 573fc21b4e41ea366375ec95263c66d4 (request id: 20260616174445113990801FgO5ZJcc)', 'type': 'bad_response_status_code', 'param': '', 'code': 'bad_response_status_code'}}
1 options {'temperature': 0.5, 'n': 8, 'top_p': 1.0, 'max_tokens': 150}
Error code: 429 - {'error': {'message': 'invalid request error trace_id: 5f7c4215103ece1ac0d49dc467e690a7 (request id: 20260616174553900343969er2vdTHJ)', 'type': 'bad_response_status_code', 'param': '', 'code': 'bad_response_status_code'}}
FV-chain.py-_dynamic_chain_exec_with_cache_mp_core Error in test-167: too many retry times
Dynamic chain execution:   8%|▊         | 165/2024 [20:42:18<254:06:40, 492.09s/it]1 options {'temperature': 0.0, 'n': 1, 'top_p': 1.0, 'max_tokens': 2048}
<html>
<head><title>504 Gateway Time-out</title></head>
<body>
<center><h1>504 Gateway Time-out</h1></center>
<hr><center>openresty</center>
</body>
</html>
1 options {'temperature': 0.0, 'n': 1, 'top_p': 1.0, 'max_tokens': 2048}
<html>
<head><title>504 Gateway Time-out</title></head>
<body>
<center><h1>504 Gateway Time-out</h1></center>
<hr><center>openresty</center>
</body>
</html>
1 options {'temperature': 0.0, 'n': 1, 'top_p': 1.0, 'max_tokens': 2048}
<html>
<head><title>504 Gateway Time-out</title></head>
<body>
<center><h1>504 Gateway Time-out</h1></center>
<hr><center>openresty</center>
</body>
</html>
1 options {'temperature': 0.0, 'n': 1, 'top_p': 1.0, 'max_tokens': 2048}
1 options {'temperature': 0.5, 'n': 8, 'top_p': 1.0, 'max_tokens': 150}
Error code: 429 - {'error': {'message': 'invalid request error trace_id: 6bf860b8eca6f543bc487b3325ebe12a (request id: 20260616175906294099247imWhi3Zw)', 'type': 'bad_response_status_code', 'param': '', 'code': 'bad_response_status_code'}}
1 options {'temperature': 0.5, 'n': 8, 'top_p': 1.0, 'max_tokens': 150}
Error code: 429 - {'error': {'message': 'invalid request error trace_id: 03d4e33121cc3fcc5a37e2c92e92660e (request id: 2026061618001626560878935VHGR96)', 'type': 'bad_response_status_code', 'param': '', 'code': 'bad_response_status_code'}}
1 options {'temperature': 0.5, 'n': 8, 'top_p': 1.0, 'max_tokens': 150}
Error code: 429 - {'error': {'message': 'invalid request error trace_id: 5e61bc59f03d43ca9ffef1e48a39aa9f (request id: 20260616180126475669934Vp2PRcnz)', 'type': 'bad_response_status_code', 'param': '', 'code': 'bad_response_status_code'}}
1 options {'temperature': 0.5, 'n': 8, 'top_p': 1.0, 'max_tokens': 150}
Error code: 429 - {'error': {'message': 'invalid request error trace_id: 1f7b0de5e135d4d87669160c7ef6de5b (request id: 20260616180234868185384LPBCm8HS)', 'type': 'bad_response_status_code', 'param': '', 'code': 'bad_response_status_code'}}
FV-chain.py-_dynamic_chain_exec_with_cache_mp_core Error in test-168: too many retry times
1 options {'temperature': 0.0, 'n': 1, 'top_p': 1.0, 'max_tokens': 2048}
1 options {'temperature': 0.5, 'n': 8, 'top_p': 1.0, 'max_tokens': 150}
Error code: 429 - {'error': {'message': 'invalid request error trace_id: c8df35fae196616b6c9037cc2010f792 (request id: 20260616180429898993984K6sv8NZv)', 'type': 'bad_response_status_code', 'param': '', 'code': 'bad_response_status_code'}}
1 options {'temperature': 0.5, 'n': 8, 'top_p': 1.0, 'max_tokens': 150}
Error code: 429 - {'error': {'message': 'invalid request error trace_id: 2bf8e867dc0a3c59055304097360a1e2 (request id: 20260616180540531085031Kx0nqMrt)', 'type': 'bad_response_status_code', 'param': '', 'code': 'bad_response_status_code'}}
1 options {'temperature': 0.5, 'n': 8, 'top_p': 1.0, 'max_tokens': 150}
Error code: 429 - {'error': {'message': 'invalid request error trace_id: 1001cc10f4816c3ee19a9af324615152 (request id: 20260616180649840718091DVE7sHLp)', 'type': 'bad_response_status_code', 'param': '', 'code': 'bad_response_status_code'}}
1 options {'temperature': 0.5, 'n': 8, 'top_p': 1.0, 'max_tokens': 150}
Error code: 429 - {'error': {'message': 'invalid request error trace_id: b5bd40a6336038b097403bf83485a026 (request id: 202606161807595053679149lW7a1BZ)', 'type': 'bad_response_status_code', 'param': '', 'code': 'bad_response_status_code'}}
FV-chain.py-_dynamic_chain_exec_with_cache_mp_core Error in test-169: too many retry times
1 options {'temperature': 0.0, 'n': 1, 'top_p': 1.0, 'max_tokens': 2048}
1 options {'temperature': 0.5, 'n': 8, 'top_p': 1.0, 'max_tokens': 150}
Error code: 429 - {'error': {'message': 'invalid request error trace_id: 085c80a962a8151154c89b05411281de (request id: 202606161810086064445952l4vSIkO)', 'type': 'bad_response_status_code', 'param': '', 'code': 'bad_response_status_code'}}
1 options {'temperature': 0.5, 'n': 8, 'top_p': 1.0, 'max_tokens': 150}
<html>
<head><title>504 Gateway Time-out</title></head>
<body>
<center><h1>504 Gateway Time-out</h1></center>
<hr><center>openresty</center>
</body>
</html>
1 options {'temperature': 0.5, 'n': 8, 'top_p': 1.0, 'max_tokens': 150}
<html>
<head><title>504 Gateway Time-out</title></head>
<body>
<center><h1>504 Gateway Time-out</h1></center>
<hr><center>openresty</center>
</body>
</html>
1 options {'temperature': 0.5, 'n': 8, 'top_p': 1.0, 'max_tokens': 150}
Error code: 429 - {'error': {'message': 'invalid request error trace_id: 428f8fc06b3d28cfb5410c29c9ef24c1 (request id: 2026061618192888767259087uWVY8m)', 'type': 'bad_response_status_code', 'param': '', 'code': 'bad_response_status_code'}}
FV-chain.py-_dynamic_chain_exec_with_cache_mp_core Error in test-170: too many retry times
1 options {'temperature': 0.0, 'n': 1, 'top_p': 1.0, 'max_tokens': 2048}
1 options {'temperature': 0.5, 'n': 8, 'top_p': 1.0, 'max_tokens': 150}
Error code: 429 - {'error': {'message': 'invalid request error trace_id: 512e4caae10b2faa0112ffd56eced14f (request id: 20260616182043803659933hIje0kZY)', 'type': 'bad_response_status_code', 'param': '', 'code': 'bad_response_status_code'}}
1 options {'temperature': 0.5, 'n': 8, 'top_p': 1.0, 'max_tokens': 150}
Error code: 429 - {'error': {'message': 'invalid request error trace_id: cf58e8008c7614e31d2d250ca7988d96 (request id: 20260616182155874866509dM6ABYUd)', 'type': 'bad_response_status_code', 'param': '', 'code': 'bad_response_status_code'}}
1 options {'temperature': 0.5, 'n': 8, 'top_p': 1.0, 'max_tokens': 150}
Error code: 429 - {'error': {'message': 'in1 options {'temperature': 0.0, 'n': 1, 'top_p': 1.0, 'max_tokens': 2048}
1 options {'temperature': 0.5, 'n': 8, 'top_p': 1.0, 'max_tokens': 150}
Error code: 429 - {'error': {'message': 'invalid req1 options {'temperature': 0.5, 'n': 8, 'top_p': 1.0, 'max_tokens': 150}
Error code: 429 - {'error': {'message': 'invalid request error trace_id: a86fb17f3a3ac5e334ebad44e11f1b10 (request i1 options {'temperature': 0.5, 'n': 8, 'top_p': 1.0, 'max_tokens': 150}
Error code: 429 - {'error': {'message': 'invalid request error trace_id: 7684187e762a1b8b7821249cafe6d417 (request id: 202606161824303206925882AgBEmit)', 'type': 'bad_response_status_code', 'param': '', 'code': 'bad_response_stat1 options {1 options {'temperature': 0.5, 'n': 8, 'top_p': 1.0, 'max_tokens': 150}
Error code: 429 - {'error': {'message': 'invalid request error trace_id: 0c0408fb436e49bc8aad48594b2798e4 (request id: 20260616182545450232266YYWPI1x4)', 'type': 'bad_response_status_code', 'param': '', 'code': 'bad_response_status_code'}}
1 options {'temperature': 0.5, 'n': 8, 'top_p': 1.0, 'max_tokens': 150}
Error code: 429 - {'error': {'message': 'invalid request error trace_id: 53a3c8248095048888b4906725394955 (request id: 20260616182654867404059mc0kBUxT)', 'type': 'bad_response_status_code', 'param': '', 'code': 'bad_response_status_code'}}
FV-chain.py-_dynamic_chain_exec_with_cache_mp_core Error in t1 options {'temperature': 0.5,1 options {'temperature': 0.0, 'n': 1, 'top_p': 1.0, 'max_tokens': 2048}
Error code: 502 - {'error': {'message': 'openai_error', 'type': 'bad_response_status_code', 'param': '', 'code': 'bad_response_status_code'}}
1 options {'temperature': 0.0, 'n': 1, 'top_p': 1.0, 'max_tokens': 2048}
1 options {'temperature': 0.5, 'n': 8, 'top_p': 1.0, 'max_tokens': 150}
Error code: 429 - {'error': {'message': 'invalid request error trace_id: d552ed5b27834794e0c1635cbaacd1c9 (request id: 20260616183254338100784PFUUykSs)', 'type': 'bad_response_status_code', 'param': '', 'code': 'bad_response_status_code'}}
1 options {'temperature': 0.5, 'n': 8, 'top_p': 1.0, 'max_tokens': 150}
Error code: 429 - {'error': {'message': 'invalid request error trace_id: c86416a8ee49e4844545593294200a3b (request id: 20260616183405878504058PLLyERUz)', 'type': 'bad_response_status_code', 'param': '', 'code': 'bad_response_status_code'}}
1 options {'temperature': 0.5, 'n': 8, 'top_p': 1.0, 'max_tokens': 150}
Error code: 429 - {'error': {'message': 'invalid request error trace_id: 8354c8c11a327c4efba78d9dd204ff58 (request id: 20260616183517946860410J37Zh6f7)', 'type': 'bad_response_status_code', 'param': '', 'code': 'bad_response_status_code'}}
1 options {'temperature': 0.5, 'n': 8, 'top_p': 1.0, 'max_tokens': 150}
Error code: 429 - {'error': {'message': 'invalid request error trace_id: e910d7756b097177c6d57dd61f9addbd (request id: 20260616183627902892706MEewnUfs)', 'type': 'bad_response_status_code', 'param': '', 'code': 'bad_response_status_code'}}
FV-chain.py-_dynamic_chain_exec_with_cache_mp_core Error in test-171: too many retry times
Dynamic chain execution:   8%|▊         | 169/2024 [21:32:54<252:14:13, 489.52s/it]1 options {'temperature': 0.0, 'n': 1, 'top_p': 1.0, 'max_tokens': 2048}
1 options {'temperature': 0.5, 'n': 8, 'top_p': 1.0, 'max_tokens': 150}
Error code: 429 - {'error': {'message': 'invalid request error trace_id: 6504d7a2d19acfc65906f1b717abb649 (request id: 20260616183718686059091D1GSVTp)', 'type': 'bad_response_status_code', 'param': '', 'code': 'bad_response_status_code'}}
1 options {'temperature': 0.5, 'n': 8, 'top_p': 1.0, 'max_tokens': 150}
Error code: 429 - {'error': {'message': 'invalid request error trace_id: abc078486578e843a41d955c757eb16d (request id: 20260616183828474984367OmRAFSio)', 'type': 'bad_response_status_code', 'param': '', 'code': 'bad_response_status_code'}}
1 options {'temperature': 0.5, 'n': 8, 'top_p': 1.0, 'max_tokens': 150}
Error code: 429 - {'error': {'message': 'invalid request error trace_id: 5495184ccfcc93380d6d20c65ab4fc80 (request id: 202606161839388145170390SUzASmo)', 'type': 'bad_response_status_code', 'param': '', 'code': 'bad_response_status_code'}}
1 options {'temperature': 0.5, 'n': 8, 'top_p': 1.0, 'max_tokens': 150}
Error code: 429 - {'error': {'message': 'invalid request error trace_id: 09291a63fb66e69f207d58ae00c6253d (request id: 20260616184051785214965zaCO9dJo)', 'type': 'bad_response_status_code', 'param': '', 'code': 'bad_response_status_code'}}
FV-chain.py-_dynamic_chain_exec_with_cache_mp_core Error in test-172: too many retry times
1 options {'temperature': 0.0, 'n': 1, 'top_p': 1.0, 'max_tokens': 2048}
1 options {'temperature': 0.5, 'n': 8, 'top_p': 1.0, 'max_tokens': 150}
Error code: 429 - {'error': {'message': 'invalid request error trace_id: c72446990d1f9400c893d5ff02eaab18 (request id: 20260616184151388860918Lz9x4NiW)', 'type': 'bad_response_status_code', 'param': '', 'code': 'bad_response_status_code'}}
1 options {'temperature': 0.5, 'n': 8, 'top_p': 1.0, 'max_tokens': 150}
Error code: 429 - {'error': {'message': 'invalid request error trace_id: 3f1e73a9afed3ca5e39e744b09575fb3 (request id: 20260616184303786157883YBdktCQ)', 'type': 'bad_response_status_code', 'param': '', 'code': 'bad_response_status_code'}}
1 options {'temperature': 0.5, 'n': 8, 'top_p': 1.0, 'max_tokens': 150}
Error code: 429 - {'error': {'message': 'invalid request error trace_id: 1f6f33d8512a98793ffd15f62cf045b3 (request id: 20260616184413831481918ZYvp0qDR)', 'type': 'bad_response_status_code', 'param': '', 'code': 'bad_response_status_code'}}
1 options {'temperature': 0.5, 'n': 8, 'top_p': 1.0, 'max_tokens': 150}
Error code: 429 - {'error': {'message': 'invalid request error trace_id: f33adfce2dea0e5309b515f4f34c5318 (request id: 20260616184526204823062jR14UxEe)', 'type': 'bad_response_status_code', 'param': '', 'code': 'bad_response_status_code'}}
FV-chain.py-_dynamic_chain_exec_with_cache_mp_core Error in test-173: too many retry times
1 options {'temperature': 0.0, 'n': 1, 'top_p': 1.0, 'max_tokens': 2048}
<html>
<head><title>504 Gateway Time-out</title></head>
<body>
<center><h1>504 Gateway Time-out</h1></center>
<hr><center>openresty</center>
</body>
</html>
1 options {'temperature': 0.0, 'n': 1, 'top_p': 1.0, 'max_tokens': 2048}
1 options {'temperature': 0.5, 'n': 8, 'top_p': 1.0, 'max_tokens': 150}
Error code: 429 - {'error': {'message': 'invalid request error trace_id: 64ef7c4a458fbcdd4d8f8a54748b6382 (request id: 20260616185034468248980tOguKOY6)', 'type': 'bad_response_status_code', 'param': '', 'code': 'bad_response_status_code'}}
1 options {'temperature': 0.5, 'n': 8, 'top_p': 1.0, 'max_tokens': 150}
Error code: 429 - {'error': {'message': 'invalid request error trace_id: 7866cafd666e0b82a704243cc08a09cc (request id: 20260616185144169988179LdTBw8YZ)', 'type': 'bad_response_status_code', 'param': '', 'code': 'bad_response_status_code'}}
1 options {'temperature': 0.5, 'n': 8, 'top_p': 1.0, 'max_tokens': 150}
Error code: 429 - {'error': {'message': 'server overload, please try again later trace_id: 606b5ad92fb5c1c696d64102f617c944 (request id: 20260616185252960420343cQkSJGjJ)', 'type': 'bad_response_status_code', 'param': '', 'code': 'bad_response_status_code'}}
1 options {'temperature': 0.5, 'n': 8, 'top_p': 1.0, 'max_tokens': 150}
Error code: 429 - {'error': {'message': 'invalid request error trace_id: 27d5bd207f2153ccdddedfbc50ee6762 (request id: 20260616185407268190914W4XMy3bC)', 'type': 'bad_response_status_code', 'param': '', 'code': 'bad_response_status_code'}}
FV-chain.py-_dynamic_chain_exec_with_cache_mp_core Error in test-174: too many retry times
1 options {'temperature': 0.0, 'n': 1, 'top_p': 1.0, 'max_tokens': 2048}
1 options {'temperature': 0.5, 'n': 8, 'top_p': 1.0, 'max_tokens': 150}
Error code: 429 - {'error': {'message': 'invalid request error trace_id: 5e59e4c6405b4217ab76a33f0130445c (request id: 202606161855013324671070fTQmN4o)', 'type': 'bad_response_status_code', 'param': '', 'code': 'bad_response_status_code'}}
1 options {'temperature': 0.5, 'n': 8, 'top_p': 1.0, 'max_tokens': 150}
Error code: 429 - {'error': {'message': 'invalid request error trace_id: 57eaef355764fd6dcafc55f77c24b82e (request id: 202606161856224528239554N8QaRlc)', 'type': 'bad_response_status_code', 'param': '', 'code': 'bad_response_status_code'}}
1 options {'temperature': 0.5, 'n': 8, 'top_p': 1.0, 'max_tokens': 150}
Error code: 429 - {'error': {'message': 'invalid request error trace_id: 4dc1259b78e2525a6dff0af2d1d45234 (request id: 20260616185738415358171YIrD5HCX)', 'type': 'bad_response_status_code', 'param': '', 'code': 'bad_response_status_code'}}
1 options {'temperature': 0.5, 'n': 8, 'top_p': 1.0, 'max_tokens': 150}
Error code: 429 - {'error': {'message': 'invalid request error trace_id: b4a40f0aa54040718195483069d806f6 (request id: 202606161858494992101kWkDagNH)', 'type': 'bad_response_status_code', 'param': '', 'code': 'bad_response_status_code'}}
FV-chain.py-_dynamic_chain_exec_with_cache_mp_core Error in test-175: too many retry times
Dynamic chain execution:   9%|▊         | 173/2024 [21:55:15<227:54:44, 443.27s/it]1 options {'temperature': 0.0, 'n': 1, 'top_p': 1.0, 'max_tokens': 2048}
1 options {'temperature': 0.5, 'n': 8, 'top_p': 1.0, 'max_tokens': 150}
Error code: 429 - {'error': {'message': 'invalid request error trace_id: e02eaf1cc92ffd0eb9629e4ce23e02d7 (request id: 202606161859438075891135YqT7cJS)', 'type': 'bad_response_status_code', 'param': '', 'code': 'bad_response_status_code'}}
1 options {'tempera1 options {'temperature': 0.0, 'n': 1, 'top_p': 1.0, 'max_tokens': 2048}
<html>
<head><title>504 Gateway Time-out</title></head>
<body>
<center><h1>504 Gateway Time-out</h1></center>
<hr><center>openresty</center>
</body>
</html>
1 options {'temperature': 0.0, 'n': 1, 'top_p': 1.0, 'max_tokens': 2048}
<html>
<head><title>504 Gateway Time-out</title></head>
<body>
<center><h1>504 Gateway Time-out</h1></center>
<hr><center>openresty</center>
</body>
</html>
1 options {'temperature': 0.0, 'n': 1, 'top_p': 1.0, 'max_tokens': 2048}
<html>
<head><title>504 Gateway Time-out</title></head>
<body>
<center><h1>504 Gateway Time-out</h1></center>
<hr><center>openresty</center>
</body>
</html>
FV-chain.py-_dynamic_chain_exec_with_cache_mp_core Error in test-178: too many retry times
1 options {'temperature': 0.0, 'n': 1, 'top_p': 1.0, 'max_tokens': 2048}
1 options {'temperature': 0.5, 'n': 8, 'top_p': 1.0, 'max_tokens': 150}
Error code: 429 - {'error': {'message': 'invalid request error trace_id: dff39f6d21468332638118e840e755cf (request id: 20260616190957680324776Ccn77FD6)', 'type': 'bad_response_status_code', 'param': '', 'code': 'bad_response_status_code'}}
1 options {'temperature': 0.5, 'n': 8, 'top_p': 1.0, 'max_tokens': 150}
Error code: 429 - {'error': {'message': 'invalid request error trace_id: 214f84d8d24821ac4131dd60a98b119a (request id: 20260616191106840259686voF4EtOG)', 'type': 'bad_response_status_code', 'param': '', 'code': 'bad_response_status_code'}}
1 options {'temperature': 0.5, 'n': 8, 'top_p': 1.0, 'max_tokens': 150}
Error code: 429 - {'error': {'message': 'invalid request error trace_id: 404af98c168c46b7fddc115b8dcc3c27 (request id: 20260616191217752717167kEnxTsOh)', 'type': 'bad_response_status_code', 'param': '', 'code': 'bad_response_status_code'}}
1 options {'temperature': 0.5, 'n': 8, 'top_p': 1.0, 'max_tokens': 150}
Error code: 429 - {'error': {'message': 'invalid request error trace_id: f868f4a78aad000c2858dff3a0ed250c (request id: 20260616191328858608763rI6J7fAF)', 'type': 'bad_response_status_code', 'param': '', 'code': 'bad_response_status_code'}}
FV-chain.py-_dynamic_chain_exec_with_cache_mp_core Error in test-179: too many retry times
Dynamic chain execution:   9%|▊         | 177/2024 [22:09:54<230:21:49, 449.00s/it]1 options {'temperature': 0.0, 'n': 1, 'top_p': 1.0, 'max_tokens': 2048}
<html>
<head><title>504 Gateway Time-out</title></head>
<body>
<center><h1>504 Gateway Time-out</h1></center>
<hr><center>openresty</center>
</body>
</html>
1 options {'temperature': 0.0, 'n': 1, 'top_p': 1.0, 'max_tokens': 2048}
<html>
<head><title>504 Gateway Time-out</title></head>
<body>
<center><h1>504 Gateway Time-out</h1></center>
<hr><center>openresty</center>
</body>
</html>
1 options {'temperature': 0.0, 'n': 1, 'top_p': 1.0, 'max_tokens': 2048}
<html>
<head><title>504 Gateway Time-out</title></head>
<body>
<center><h1>504 Gateway Time-out</h1></center>
<hr><center>openresty</center>
</body>
</html>
1 options {'temperature': 0.0, 'n': 1, 'top_p': 1.0, 'max_tokens': 2048}
<html>
<head><title>504 Gateway Time-out</title></head>
<body>
<center><h1>504 Gateway Time-out</h1></center>
<hr><center>openresty</center>
</body>
</html>
FV-chain.py-_dynamic_chain_exec_with_cache_mp_core Error in test-180: too many retry times
1 options {'temperature': 0.0, 'n': 1, 'top_p': 1.0, 'max_tokens': 2048}
1 options {'temperature': 0.5, 'n': 8, 'top_p': 1.0, 'max_tokens': 150}
Error code: 429 - {'error': {'message': 'invalid request error trace_id: d695656988189eac66fde1b294a023df (request id: 202606161929361092061wD55WLoK)', 'type': 'bad_response_status_code', 'param': '', 'code': 'bad_response_status_code'}}
1 options {'temperature': 0.5, 'n': 8, 'top_p': 1.0, 'max_tokens': 150}
Error code: 429 - {'error': {'message': 'invalid request error trace_id: 60a3498a801fb134dac70157ba20944f (request id: 20260616193144440234587FP9EyCG7)', 'type': 'bad_response_status_code', 'param': '', 'code': 'bad_response_status_code'}}
1 options {'temperature': 0.5, 'n': 8, 'top_p': 1.0, 'max_tokens': 150}
<html>
<head><title>504 Gateway Time-out</title></head>
<body>
<center><h1>504 Gateway Time-out</h1></center>
<hr><center>openresty</center>
</body>
</html>
1 options {'temperature': 0.5, 'n': 8, 'top_p': 1.0, 'max_tokens': 150}
Error code: 429 - {'error': {'message': 'invalid request error trace_id: 7f93fa7203678bfc736c9335846438ba (request id: 20260616193506446876421JqFjkr77)', 'type': 'bad_response_status_code', 'param': '', 'code': 'bad_response_status_code'}}
FV-chain.py-_dynamic_chain_exec_with_cache_mp_core Error in test-181: too many retry times
1 options {'temperature': 0.0, 'n': 1, 'top_p': 1.0, 'max_tokens': 2048}
1 options {'temperature': 0.5, 'n': 8, 'top_p': 1.0, 'max_tokens': 150}
Error code: 429 - {'error': {'message': 'invalid request error trace_id: a8bb17045c645e25a973d1de92b77eaf (request id: 20260616193704306531155tkpMSCrt)', 'type': 'bad_response_status_code', 'param': '', 'code': 'bad_response_status_code'}}
1 options {'temperature': 0.5, 'n': 8, 'top_p': 1.0, 'max_tokens': 150}
Error code: 429 - {'error': {'message': 'invalid request error trace_id: 90c4d3ba9f4bc79fdfba86382784cc0f (request id: 20260616193834477629958q8EQnMFg)', 'type': 'bad_response_status_code', 'param': '', 'code': 'bad_response_1 options {'tem1 options {'temperature': 0.5, 'n': 8, 'top_p': 1.0, 'max_tokens': 150}
Error code: 429 - {'error': {'message': 'invalid request error trace_id: bd3b7d39a05fefd32a1cfdddee795b21 (request id: 20260616193951657348529mmgwXsN1 options {'temperature': 0.0, 'n': 1, 'top_p': 1.0, 'max_tokens': 2048}
<html>
<head><title>504 Gateway Time-out</title></head>
<body>
<center><h1>504 Gateway Time-out</h1></center>
<hr><center>openresty</center>
</body>
</html>
FV-chain.py-_dynamic_chain_exec_with_cache_mp_core Error in test-180: too many retry times
1 options {'temperature': 0.0, 'n': 1, 'top_p': 1.0, 'max_tokens': 2048}
1 options {'temperature': 0.5, 'n': 8, 'top_p': 1.0, 'max_tokens': 150}
Error code: 429 - {'error': {'message': 'invalid request error trace_id: eac8375b56636ca48c5a7e3791e72854 (request id: 20260616194500196965242KSjK4UuC)', 'type': 'bad_response_status_code', 'param': '', 'code': 'bad_response_status_code'}}
1 options {'temper1 options {'temperature': 0.0, 'n': 1, 'top_p': 1.0, 'max_tokens': 2048}
<html>
<head><title>504 Gateway Time-out</title></head>
<body>
<center><h1>504 Gateway Time-out</h1></center>
<hr><center>openresty</center>
</body>
</html>
1 options {'temperature': 0.0, 'n': 1, 'top_p': 1.0, 'max_tokens': 2048}
1 options {'temperature': 0.5, 'n': 8, 'top_p': 1.0, 'max_tokens': 150}
Error code: 429 - {'error': {'message': 'invalid request error trace_id: f10cf0018708f80ed48a50654e49c255 (request id: 2026061619511993598998304gHXYvv)', 'type': 'bad_response_status_code', 'param': '', 'code': 'bad_response_status_code'}}
1 options {'temperature': 0.5, 'n': 8, 'top_p': 1.0, 'max_tokens': 150}
Error code: 429 - {'error': {'message': 'invalid request error trace_id: 1f4db56f6cdb5e031e1f83a51c2c1b7d (request id: 20260616195250379371851U7Sfc2Vs)', 'type': 'bad_response_status_code', 'param': '', 'code': 'bad_response_status_code'}}
1 options {'temperature': 0.5, 'n': 8, 'top_p': 1.0, 'max_tokens': 150}
Error code: 429 - {'error': {'message': 'invalid request error trace_id: 8b40bb9b88820d5b8911f3b493db80a0 (request id: 20260616195401314153591zV20qelG)', 'type': 'bad_response_status_code', 'param': '', 'code': 'bad_response_status_code'}}1 options {'temperature': 0.0, 'n': 1, 'top_p': 1.0, 'max_tokens': 2048}
<html>
<head><title>504 Gateway Time-out</title></head>
<body>
<center><h1>504 Gateway Time-out</h1></center>
<hr><center>openresty</center>
</body>
</html>
1 options {'temperature': 0.0, 'n': 1, 'top_p': 1.0, 'max_tokens': 2048}
<html>
<head><title>504 Gateway Time-out</title></head>
<body>
<center><h1>504 Gateway Time-out</h1></center>
<hr><center>openresty</center>
</body>
</html>
1 options {'temperature': 0.0, 'n': 1, 'top_p': 1.0, 'max_tokens': 2048}
1 options {'temperature': 0.5, 'n': 8, 'top_p': 1.0, 'max_tokens': 150}
Error code: 429 - {'error': {'message': 'invalid request error trace_id: ffff8413ef6e1abd96798e9f70b8f30a (request id: 202606162001588123875435RjmgQV5)', 'type': 'bad_response_status_code', 'param': '', 'code': 'bad_response_status_code'}}
1 options {'temperature': 0.5, 'n': 8, 'top_p': 1.0, 'max_tokens': 150}
Error code: 429 - {'error': {'message': 'invalid request error trace_id: bc58dd958d0584f87e57d977d7cab5f1 (request id: 20260616200317979939330L6LBp0zT)', 'type': 'bad_response_status_code', 'param': '', 'code': 'bad_response_status_code'}}
1 options {'temperature': 0.5, 'n': 8, 'top_p': 1.0, 'max_tokens': 150}
Error code: 429 - {'error': {'message': 'invalid request error trace_id: 5ce066be2290750d83d84ab593eb9038 (request id: 20260616200431840911853oxv3QMaX)', 'type': 'bad_response_status_code', 'param': '', 'code': 'bad_response_status_code'}}
1 options {'temperature': 0.5, 'n': 8, 'top_p': 1.0, 'max_tokens': 150}
Error code: 429 - {'error': {'message': 'invalid request error trace_id: 8f954c417f605577c0ad56229c452676 (request id: 20260616200544955738517WR0zTKJx)', 'type': 'bad_response_status_code', 'param': '', 'code': 'bad_response_status_code'}}
FV-chain.py-_dynamic_chain_exec_with_cache_mp_core Error in test-182: too many retry times
1 options {'temperature': 0.0, 'n': 1, 'top_p': 1.0, 'max_tokens': 2048}
<html>
<head><title>504 Gateway Time-out</title></head>
<body>
<center><h1>504 Gateway Time-out</h1></center>
<hr><center>openresty</center>
</body>
</html>
1 options {'temperature': 0.0, 'n': 1, 'top_p': 1.0, 'max_tokens': 2048}
<html>
<head><title>504 Gateway Time-out</title></head>
<body>
<center><h1>504 Gateway Time-out</h1></center>
<hr><center>openresty</center>
</body>
</html>
1 options {'temperature': 0.0, 'n': 1, 'top_p': 1.0, 'max_tokens': 2048}
1 options {'temperature': 0.5, 'n': 8, 'top_p': 1.0, 'max_tokens': 150}
Error code: 429 - {'error': {'message': 'invalid request error trace_id: 7c6e00c30615c14320d6364ed337f6b7 (request id: 20260616201459250816618D4LkAcTJ)', 'type': 'bad_response_status_code', 'param': '', 'code': 'bad_response_status_code'}}
1 options {'temperature': 0.5, 'n': 8, 'top_p': 1.0, 'max_tokens': 150}
Error code: 429 - {'error': {'message': 'invalid request error trace_id: c9ed585fc5686c1013a5557c37ceda64 (request id: 2026061709313412545025338DTSU13)', 'type': 'bad_response_status_code', 'param': '', 'code': 'bad_response_status_code'}}
1 options {'temperature': 0.5, 'n': 8, 'top_p': 1.0, 'max_tokens': 150}
Error code: 429 - {'error': {'message': 'invalid request error trace_id: 8b67a7c8fe8fd7e53a7243dfcfe8ad28 (request id: 2026061709324337365113eTgMf7mg)', 'type': 'bad_response_status_code', 'param': '', 'code': 'bad_response_status_code'}}
1 options {'temperature': 0.5, 'n': 8, 'top_p': 1.0, 'max_tokens': 150}
Error code: 429 - {'error': {'message': 'invalid request error trace_id: ee6b123b6a3e3843254fa41e35cc8400 (request id: 202606170933511706172471tjmUe9u)', 'type': 'bad_response_status_code', 'param': '', 'code': 'bad_response_status_code'}}
FV-chain.py-_dynamic_chain_exec_with_cache_mp_core Error in test-183: too many retry times
Dynamic chain exec1 options {'temperature': 0.0, 'n': 1, 'top_p': 1.0, 'max_tokens': 2048}
<html>
<head><title>504 Gateway Time-out</title></head>
<body>
<center><h1>504 Gateway Time-out</h1></center>
<hr><center>openresty</center>
</body>
</html>
1 options {'temperature': 0.0, 'n': 1, 'top_p': 1.0, 'max_tokens': 2048}
<html>
<head><title>504 Gateway Time-out</title></head>
<body>
<center><h1>504 Gateway Time-out</h1></center>
<hr><center>openresty</center>
</body>
</html>
FV-chain.py-_dynamic_chain_exec_with_cache_mp_core Error in test-186: too many retry times
1 options {'temperature': 0.0, 'n': 1, 'top_p': 1.0, 'max_tokens': 2048}
<html>
<head><title>504 Gateway Time-out</title></head>
<body>
<center><h1>504 Gateway Time-out</h1></center>
<hr><center>openresty</center>
</body>
</html>
1 options {'temperature': 0.0, 'n': 1, 'top_p': 1.0, 'max_tokens': 2048}
<html>
<head><title>504 Gateway Time-out</title></head>
<body>
<center><h1>504 Gateway Time-out</h1></center>
<hr><center>openresty</center>
</body>
</html>
1 options {'temperature': 0.0, 'n': 1, 'top_p': 1.0, 'max_tokens': 2048}
<html>
<head><title>504 Gateway Time-out</title></head>
<body>
<center><h1>504 Gateway Time-out</h1></center>
<hr><center>openresty</center>
</body>
</html>
1 options {'temperature': 0.0, 'n': 1, 'top_p': 1.0, 'max_tokens': 2048}
<html>
<head><title>504 Gateway Time-out</title></head>
<body>
<center><h1>504 Gateway Time-out</h1></center>
<hr><center>openresty</center>
</body>
</html>
FV-chain.py-_dynamic_chain_exec_with_cache_mp_core Error in test-187: too many retry times
Dynamic chain execution:   9%|▉         | 185/2024 [36:58:16<2125:28:14, 4160.79s/it]1 options {'temperature': 0.0, 'n': 1, 'top_p': 1.0, 'max_tokens': 2048}
<html>
<head><title>504 Gateway Time-out</title></head>
<body>
<center><h1>504 Gateway Time-out</h1></center>
<hr><center>openresty</center>
</body>
</html>
1 options {'temperature': 0.0, 'n': 1, 'top_p': 1.0, 'max_tokens': 2048}
<html>
<head><title>504 Gateway Time-out</title></head>
<body>
<center><h1>504 Gateway Time-out</h1></center>
<hr><center>openresty</center>
</body>
</html>
1 options {'temperature': 0.0, 'n': 1, 'top_p': 1.0, 'max_tokens': 2048}
1 options {'temperature': 0.5, 'n': 8, 'top_p': 1.0, 'max_tokens': 150}
Error code: 429 - {'error': {'message': 'invalid request error trace_id: dd76cf67b18762251d4717f1c5a89136 (request id: 20260617101204448272481BCyreg0V)', 'type': 'bad_response_status_code', 'param': '', 'code': 'bad_response_status_code'}}
1 options {'temperature': 0.5, 'n': 8, 'top_p': 1.0, 'max_tokens': 150}
Error code: 429 - {'error': {'message': 'invalid request error trace_id: cdd9fe06466012aff673cc3541c702ee (request id: 202606171013144639887250dV9Gv8S)', 'type': 'bad_response_status_code', 'param': '', 'code': 'bad_response_status_code'}}
1 options {'temperature': 0.5, 'n': 8, 'top_p': 1.0, 'max_tokens': 150}
Error code: 429 - {'error': {'message': 'invalid request error trace_id: a3caf97a78cae3892233657c82014c9d (request id: 20260617101432993610240P52UJjMV)', 'type': 'bad_response_status_code', 'param': '', 'code': 'bad_response_status_code'}}
1 options {'temperature': 0.5, 'n': 8, 'top_p': 1.0, 'max_tokens': 150}
Error code: 429 - {'error': {'message': 'invalid request error trace_id: bcda5df589bfc6ec30004104b4e4d0f3 (request id: 202606171015509433285901KTeGH2D)', 'type': 'bad_response_status_code', 'param': '', 'code': 'bad_response_status_code'}}
FV-chain.py-_dynamic_chain_exec_with_cache_mp_core Error in test-188: too many retry times
1 options {'temperature': 0.0, 'n': 1, 'top_p': 1.0, 'max_tokens': 2048}
1 options {'temperature': 0.5, 'n': 8, 'top_p': 1.0, 'max_tokens': 150}
Error code: 429 - {'error': {'message': 'invalid request error trace_id: 7d68792aafe7bfb3e604655e6a2153f5 (request id: 20260617101655808273684DmWspeth)', 'type': 'bad_response_status_code', 'param': '', 'code': 'bad_response_status_code'}}
1 options {'temperature': 0.5, 'n': 8, 'top_p': 1.0, 'max_tokens': 150}
Error code: 429 - {'error': {'message': 'invalid request error trace_id: 5f09fa911c63e8cca2c2a32a578830f4 (request id: 202606171018114073123848ESb6M5D)', 'type': 'bad_response_status_code', 'param': '', 'code': 'bad_response_status_code'}}
1 options {'temperature': 0.5, 'n': 8, 'top_p': 1.0, 'max_tokens': 150}
Error code: 429 - {'error': {'message': 'invalid request error trace_id: a77e79369dcef2900cf8288d9542caac (request id: 20260617101922150641673i4RE1lbr)', 'type': 'bad_response_status_code', 'param': '', 'code': 'bad_response_status_code'}}
1 options {'temperature': 0.5, 'n': 8, 'top_p': 1.0, 'max_tokens': 150}
Error code: 429 - {'error': {'message': 'invalid request error trace_id: 4eab698588ace8167a44917af77ccb55 (request id: 20260617102036557431634qvav6Oak)', 'type': 'bad_response_status_code', 'param': '', 'code': 'bad_response_status_code'}}
FV-chain.py-_dynamic_chain_exec_with_cache_mp_core Error in test-189: too many retry times
1 options {'temperature': 0.0, 'n': 1, 'top_p': 1.0, 'max_tokens': 2048}
<html>
<head><title>504 Gateway Time-out</title></head>
<body>
<center><h1>504 Gateway Time-out</h1></center>
<hr><center>openresty</center>
</body>
</html>
1 options {'temperature': 0.0, 'n': 1, 'top_p': 1.0, 'max_tokens': 2048}
<html>
<head><title>504 Gateway Time-out</title></head>
<body>
<center><h1>504 Gateway Time-out</h1></center>
<hr><center>openresty</center>
</body>
</html>
1 options {'temperature': 0.0, 'n': 1, 'top_p': 1.0, 'max_tokens': 2048}
<html>
<head><title>504 Gateway Time-out</title></head>
<body>
<center><h1>504 Gateway Time-out</h1></center>
<hr><center>openresty</center>
</body>
</html>
1 options {'temperature': 0.0, 'n': 1, 'top_p': 1.0, 'max_tokens': 2048}
<html>
<head><title>504 Gateway Time-out</title></head>
<body>
<center><h1>504 Gateway Time-out</h1></center>
<hr><center>openresty</center>
</body>
</html>
FV-chain.py-_dynamic_chain_exec_with_cache_mp_core Error in test-190: too many retry times
1 options {'temperature': 0.0, 'n': 1, 'top_p': 1.0, 'max_tokens': 2048}
<html>
<head><title>504 Gateway Time-out</title></head>
<body>
<center><h1>504 Gateway Time-out</h1></center>
<hr><center>openresty</center>
</body>
</html>
1 options {'temperature': 0.0, 'n': 1, 'top_p': 1.0, 'max_tokens': 2048}
<html>
<head><title>504 Gateway Time-out</title></head>
<body>
<center><h1>504 Gateway Time-out</h1></center>
<hr><center>openresty</center>
</body>
</html>
1 options {'temperature': 0.0, 'n': 1, 'top_p': 1.0, 'max_tokens': 2048}
<html>
<head><title>504 Gateway Time-out</title></head>
<body>
<center><h1>504 Gateway Time-out</h1></center>
<hr><center>openresty</center>
</body>
</html>
1 options {'temperature': 0.0, 'n': 1, 'top_p': 1.0, 'max_tokens': 2048}
<html>
<head><title>504 Gateway Time-out</title></head>
<body>
<center><h1>504 Gateway Time-out</h1></center>
<hr><center>openresty</center>
</body>
</html>
FV-chain.py-_dynamic_chain_exec_with_cache_mp_core Error in test-191: too many retry times
Dynamic chain execution:   9%|▉         | 189/2024 [37:47:15<1596:57:54, 3133.01s/it]1 options {'temperature': 0.0, 'n': 1, 'top_p': 1.0, 'max_tokens': 2048}
1 options {'temperature': 0.5, 'n': 8, 'top_p': 1.0, 'max_tokens': 150}
Error code: 429 - {'error': {'message': 'invalid request error trace_id: 165488a3f251d4b48ccfc4fab11a6297 (request id: 202606171051373490023777YK6TF5f)', 'type': 'bad_response_status_code', 'param': '', 'code': 'bad_response_status_code'}}
1 options {'temperature': 0.5, 'n': 8, 'top_p': 1.0, 'max_tokens': 11 options {'temperature': 0.0, 'n': 1, 'top_p': 1.0, 'max_tokens': 2048}
<html>
<head><title>504 Gateway Time-out</title></head>
<body>
<center><h1>504 Gateway Time-out</h1></center>
<hr><center>openresty</center>
</body>
</html>
1 options {'temperature': 0.0, 'n': 1, 'top_p': 1.0, 'max_tokens': 2048}
<html>
<head><title>504 Gateway Time-out</title></head>
<body>
<center><h1>504 Gateway Time-out</h1></center>
<hr><center>openresty</center>
</body>
</html>
FV-chain.py-_dynamic_chain_exec_with_cache_mp_core Error in test-190: too many retry times
1 options {'temperature': 0.0, 'n': 1, 'top_p': 1.0, 'max_tokens': 2048}
<html>
<head><title>504 Gateway Time-out</title></head>
<body>
<center><h1>504 Gateway Time-out</h1></center>
<hr><center>openresty</center>
</body>
</html>
1 options {'temperature': 0.0, 'n': 1, 'top_p': 1.0, 'max_tokens': 2048}
<html>
<head><title>504 Gateway Time-out</title></head>
<body>
<center><h1>504 Gateway Time-out</h1></center>
<hr><center>openresty</center>
</body>
</html>
1 options {'temperature': 0.0, 'n': 1, 'top_p': 1.0, 'max_tokens': 2048}
1 options {'temperature': 0.0, 'n': 1, 'top_p': 1.0, 'max_tokens': 150}
1 options {'temperature': 0, 'n': 1, 'top_p': 1.0, 'max_tokens': 150}
1 options {'temperature': 0, 'n': 1, 'top_p': 1.0, 'max_tokens': 150}
1 options {'temperature': 0, 'n': 1, 'top_p': 1.0, 'max_tokens': 150}
1 options {'temperature': 0, 'n': 1, 'top_p': 1.0, 'max_tokens': 150}
1 options {'temperature': 0, 'n': 1, 'top_p': 1.0, 'max_tokens': 150}
1 options {'temperature': 0, 'n': 1, 'top_p': 1.0, 'max_tokens': 150}
1 options {'temperature': 0, 'n': 1, 'top_p': 1.0, 'max_tokens': 150}
1 options {'temperature': 0, 'n': 1, 'top_p': 1.0, 'max_tokens': 150}
1 options {'temperature': 0, 'n': 1, 'top_p': 1.0, 'max_tokens': 150}
1 options {'temperature': 0, 'n': 1, 'top_p': 1.0, 'max_tokens': 150}
1 options {'temperature': 0, 'n': 1, 'top_p': 1.0, 'max_tokens': 150}
1 options {'temperature': 0, 'n': 1, 'top_p': 1.0, 'max_tokens': 150}
1 options {'temperature': 0, 'n': 1, 'top_p': 1.0, 'max_tokens': 150}
1 options {'temperature': 0, 'n': 1, 'top_p': 1.0, 'max_tokens': 150}
1 options {'temperature': 0, 'n': 1, 'top_p': 1.0, 'max_tokens': 150}
1 options {'temperature': 0.0, 'n': 1, 'top_p': 1.0, 'max_tokens': 2048}
<html>
<head><title>504 Gateway Time-out</title></head>
<body>
<center><h1>504 Gateway Time-out</h1></center>
<hr><center>openresty</center>
</body>
</html>
1 options {'temperature': 0.0, 'n': 1, 'top_p': 1.0, 'max_tokens': 2048}
1 options {'temperature': 0.5, 'n': 8, 'top_p': 1.0, 'max_tokens': 150}
Error code: 429 - {'error': {'message': 'invalid request error trace_id: d0edac958afa416d17a73efcd3d6c9ac (request id: 20260617112128466278020W3U41rne)', 'type': 'bad_response_status_code', 'param': '', 'code': 'bad_response_status_code'}}
1 options {'temperature': 0.5, 'n': 8, 'top_p': 1.0, 'max_tokens': 150}
Error code: 429 - {'error': {'message': 'invalid request error trace_id: e5cd87d6e912a39b9db0b2ea8ac23ba1 (request id: 202606171122372633529881X1dlFul)', 'type': 'bad_response_status_code', 'param': '', 'code': 'bad_response_status_code'}}
1 options {'temperature': 0.5, 'n': 8, 'top_p': 1.0, 'max_tokens': 150}
Error code: 429 - {'error': {'message': 'invalid request error trace_id: e2b7aa1dafeb4abd36b30d8e9be3a302 (request id: 2026061711234615490396887nME3dS)', 'type': 'bad_response_status_code', 'param': '', 'code': 'bad_response_status_code'}}
1 options {'temperature': 0.5, 'n': 8, 'top_p': 1.0, 'max_tokens': 150}
Error code: 429 - {'error': {'message': 'invalid request error trace_id: 6670fc01f278225492d957fb5013cc15 (request id: 20260617112454925803736ji0VVzQp)', 'type': 'bad_response_status_code', 'param': '', 'code': 'bad_response_status_code'}}
FV-chain.py-_dynamic_chain_exec_with_cache_mp_core Error in test-194: too many retry times
1 options {'temperature': 0.0, 'n': 1, 'top_p': 1.0, 'max_tokens': 2048}
1 options {'temperature': 0.5, 'n': 8, 'top_p': 1.0, 'max_tokens': 150}
Error code: 429 - {'error': {'message': 'invalid request error trace_id: 349716dbcbef16004c648d9ed29a9d3a (request id: 20260617112601281661938pT9B0BT0)', 'type': 'bad_response_status_code', 'param': '', 'code': 'bad_response_status_code'}}
1 options {'temperature': 0.5, 'n': 8, 'top_p': 1.0, 'max_tokens': 150}
Error code: 429 - {'error': {'message': 'invalid request error trace_id: f98a8274fcc172e36ca8b7736a03f3cd (request id: 20260617112710539354225XOUSNAeN)', 'type': 'bad_response_status_code', 'param': '', 'code': 'bad_response_status_code'}}
1 options {'temperature': 0.5, 'n': 8, 'top_p': 1.0, 'max_tokens': 150}
Error code: 429 - {'error': {'message': 'invalid request error trace_id: ab2583fa99e2ecf72fe617259368e72b (request id: 20260617112819579534847vmryWlz6)', 'type': 'bad_response_status_code', 'param': '', 'code': 'bad_response_status_code'}}
1 options {'temperature': 0.5, 'n': 8, 'top_p': 1.0, 'max_tokens': 150}
Error code: 429 - {'error': {'message': 'invalid request error trace_id: 8c7875db59fe7dc3cbf8f654dc305294 (request id: 20260617112930103169845WpOWqCXl)', 'type': 'bad_response_status_code', 'param': '', 'code': 'bad_response_status_code'}}
FV-chain.py-_dynamic_chain_exec_with_cache_mp_core Error in test-195: too many retry times
Dynamic chain execution:  10%|▉         | 193/2024 [38:25:55<1203:57:02, 2367.13s/it11 options {'temperature': 0.0, 'n': 1, 'top_p': 1.0, 'max_tokens': 2048}
1 options {'temperature': 0.5, 'n': 8, 'top_p': 1.0, 'max_tokens': 150}
Error code: 429 - {'error': {'message': 'invalid request error trace_id: 59c7308546d7fd44b1 options {'temperature': 0.0, 'n': 1, 'top_p': 1.0, 'max_tokens': 2048}
<html>
<head><title>504 Gateway Time-out</title></head>
<body>
<center><h1>504 Gateway Time-out</h1></center>
<hr><center>openresty</center>
</body>
</html>
1 options {'temperature': 0.0, 'n': 1, 'top_p': 1.0, 'max_tokens': 2048}
<html>
<head><title>504 Gateway Time-out</title></head>
<body>
<center><h1>504 Gateway Time-out</h1></center>
<hr><center>openresty</center>
</body>
</html>
FV-chain.py-_dynamic_chain_exec_with_cache_mp_core Error in test-193: too many retry times
1 options {'temperature': 0.0, 'n': 1, 'top_p': 1.0, 'max_tokens': 2048}
<html>
<head><title>504 Gateway Time-out</title></head>
<body>
<center><h1>504 Gateway Time-out</h1></center>
<hr><center>openresty</center>
</body>
</html>
1 options {'temperature': 0.0, 'n': 1, 'top_p': 1.0, 'max_tokens': 2048}
<html>
<head><title>504 Gateway Time-out</title></head>
<body>
<center><h1>504 Gateway Time-out</h1></center>
<hr><center>openresty</center>
</body>
</html>
1 options {'temperature': 0.0, 'n': 1, 'top_p': 1.0, 'max_tokens': 2048}
<html>
<head><title>504 Gateway Time-out</title></head>
<body>
<center><h1>504 Gateway Time-out</h1></center>
<hr><center>openresty</center>
</body>
</html>
1 options {'temperature': 0.0, 'n': 1, 'top_p': 1.0, 'max_tokens': 2048}
<html>
<head><title>504 Gateway Time-out</title></head>
<body>
<center><h1>504 Gateway Time-out</h1></center>
<hr><center>openresty</center>
</body>
</html>
FV-chain.py-_dynamic_chain_exec_with_cache_mp_core Error in test-194: too many retry times
1 options {'temperature': 0.0, 'n': 1, 'top_p': 1.0, 'max_tokens': 2048}
<html>
<head><title>504 Gateway Time-out</title></head>
<body>
<center><h1>504 Gateway Time-out</h1></center>
<hr><center>openresty</center>
</body>
</html>
1 options {'temperature': 0.0, 'n': 1, 'top_p': 1.0, 'max_tokens': 2048}
<html>
<head><title>504 Gateway Time-out</title></head>
<body>
<center><h1>504 Gateway Time-out</h1></center>
<hr><center>openresty</center>
</body>
</html>
1 options {'temperature': 0.0, 'n': 1, 'top_p': 1.0, 'max_tokens': 2048}
<html>
<head><title>504 Gateway Time-out</title></head>
<body>
<center><h1>504 Gateway Time-out</h1></center>
<hr><center>openresty</center>
</body>
</html>
1 options {'temperature': 0.0, 'n': 1, 'top_p': 1.0, 'max_tokens': 2048}
<html>
<head><title>504 Gateway Time-out</title></head>
<body>
<center><h1>504 Gateway Time-out</h1></center>
<hr><center>openresty</center>
</body>
</html>
FV-chain.py-_dynamic_chain_exec_with_cache_mp_core Error in test-195: too many retry times
Dynamic chain execution:  10%|▉         | 193/2024 [39:04:04<978:54:38, 1924.67s/it] ody>
<center><h1>504 Gateway Time-out</h1></center>
<hr><center>openresty</center>
</body>
</html>
1 options {'temperature': 0.0, 'n': 1, 'top_p': 1.0, 'max_tokens': 2048}
<html>
<head><title>504 Gateway Time-out</title></head>
<body>
<center><h1>504 Gateway Time-out</h1></center>
<hr><center>openresty</center>
</body>
</html>
1 options {'temperature': 0.0, 'n': 1, 'top_p': 1.0, 'max_tokens': 2048}
<html>
<head><title>504 Gateway Time-out</title></head>
<body>
<center><h1>504 Gateway Time-out</h1></center>
<hr><center>openresty</center>
</body>
</html>
1 options {'temperature': 0.0, 'n': 1, 'top_p': 1.0, 'max_tokens': 2048}
<html>
<head><title>504 Gateway Time-out</title></head>
<body>
<center><h1>504 Gateway Time-out</h1></center>
<hr><center>openresty</center>
</body>
</html>
FV-chain.py-_dynamic_chain_exec_with_cache_mp_core Error in test-198: too many retry times
1 options {'temperature': 0.0, 'n': 1, 'top_p': 1.0, 'max_tokens': 2048}
<html>
<head><title>504 Gateway Time-out</title></head>
<body>
<center><h1>504 Gateway Time-out</h1></center>
<hr><center>openresty</center>
</body>
</html>
1 options {'temperature': 0.0, 'n': 1, 'top_p': 1.0, 'max_tokens': 2048}
<html>
<head><title>504 Gateway Time-out</title></head>
<body>
<center><h1>504 Gateway Time-out</h1></center>
<hr><center>openresty</center>
</body>
</html>
1 options {'temperature': 0.0, 'n': 1, 'top_p': 1.0, 'max_tokens': 2048}
<html>
<head><title>504 Gateway Time-out</title></head>
<body>
<center><h1>504 Gateway Time-out</h1></center>
<hr><center>openresty</center>
</body>
</html>

1 options {'temperature': 0.5, 'n': 8, 'top_p': 1.0, 'max_tokens': 150}
Error code: 429 - {'error': {'message': 'invalid request error trace_id: c0c30fa6b1796fecfabfa9585e834bac (request id: 20260617105937802185385QqyKQBdY)', 'type': 'bad_response_status_code', 'param': '', 'code': 'bad_response_status_code'}}
1 options {'temperature': 0.5, 'n': 8, 'top_p': 1.0, 'max_tokens': 150}
Error code: 429 - {'error': {'message': 'invalid request error trace_id: 48690c96ac6ecc75d3763e4bd085da3f (request id: 20260617110048126972406jxaGroUs)', 'type': 'bad_response_status_code', 'param': '', 'code': 'bad_response_status_code'}}
1 options {'temperature': 0.5, 'n': 8, 'top_p': 1.0, 'max_tokens': 150}
Error code: 429 - {'error': {'message': 'invalid request error trace_id: 719088a9a4cdbeb1101ab4c3af30bff5 (request id: 202606171101565468865491zCYwczp)', 'type': 'bad_response_status_code', 'param': '', 'code': 'bad_response_status_code'}}
FV-chain.py-_dynamic_chain_exec_with_cache_mp_core Error in test-197: too many retry times
1 options {'temperature': 0.0, 'n': 1, 'top_p': 1.0, 'max_tokens': 2048}
<html>
<head><title>504 Gateway Time-out</title></head>
<body>
<center><h1>504 Gateway Time-out</h1></center>
<hr><center>openresty</center>
</body>
</html>
1 options {'temperature': 0.0, 'n': 1, 'top_p': 1.0, 'max_tokens': 2048}
<html>
<head><title>504 Gateway Time-out</title></head>
<body>
<center><h1>504 Gateway Time-out</h1></center>
<hr><center>openresty</center>
</body>
</html>
1 options {'temperature': 0.0, 'n': 1, 'top_p': 1.0, 'max_tokens': 2048}
<html>
<head><title>504 Gateway Time-out</title></head>
<body>
<center><h1>504 Gateway Time-out</h1></center>
<hr><center>openresty</center>
</body>
</html>
1 options {'temperature': 0.0, 'n': 1, 'top_p': 1.0, 'max_tokens': 2048}
<html>
<head><title>504 Gateway Time-out</title></head>
<body>
<center><h1>504 Gateway Time-out</h1></center>
<hr><center>openresty</center>
</body>
</html>
FV-chain.py-_dynamic_chain_exec_with_cache_mp_core Error in test-198: too many retry times
1 options {'temperature': 0.0, 'n': 1, 'top_p': 1.0, 'max_tokens': 2048}
Error code: 429 - {'error': {'message': '当前分组上游负载已饱和，请稍后再试 (request id: 20260617111906546494935j6LOqJbx)', 'type': 'do_request_failed', 'param': '', 'code': None}}
1 options {'temperature': 0.0, 'n': 1, 'top_p': 1.0, 'max_tokens': 2048}
<html>
<head><title>504 Gateway Time-out</title></head>
<body>
<center><h1>504 Gateway Time-out</h1></center>
<hr><center>openresty</center>
</body>
</html>
1 options {'temperature': 0.0, 'n': 1, 'top_p': 1.0, 'max_tokens': 2048}
<html>
<head><title>504 Gateway Time-out</title></head>
<body>
<center><h1>504 Gateway Time-out</h1></center>
<hr><center>openresty</center>
</body>
</html>
1 options {'temperature': 0.0, 'n': 1, 'top_p': 1.0, 'max_tokens': 2048}
<html>
<head><title>504 Gateway Time-out</title></head>
<body>
<center><h1>504 Gateway Time-out</h1></center>
<hr><center>openresty</center>
</body>
</html>
FV-chain.py-_dynamic_chain_exec_with_cache_mp_core Error in test-199: too many retry times
Dynamic chain execution:  10%|▉         | 197/2024 [38:21:43<1203:47:11, 2371.99s/it]1 options {'temperature': 0.0, 'n': 1, 'top_p': 1.0, 'max_tokens': 2048}
1 options {'temperature': 0.5, 'n': 8, 'top_p': 1.0, 'max_tokens': 150}
Error code: 429 - {'error': {'message': 'invalid request error trace_id: 613aceba06ec7a30cbf8662a887c99c6 (request id: 20260617113419494664734C8xL7CMt)', 'type': 'bad_response_status_code', 'param': '', 'code': 'bad_response_status_code'}}
1 options {'temperature': 0.5, 'n': 8, 'top_p': 1.0, 'max_tokens': 150}
Error code: 429 - {'error': {'message': 'invalid request error trace_id: 244ff8fb1dfc17c7dc3ca460d8bfc13f (request id: 20260617113528503196603HcLiSfBI)', 'type': 'bad_response_status_code', 'param': '', 'code': 'bad_response_status_code'}}
1 options {'temperature': 0.5, 'n': 8, 'top_p': 1.0, 'max_tokens': 150}
Error code: 429 - {'error': {'message': 'invalid request error trace_id: fa0199bb95f2a87325e4b15b0f714e3f (request id: 202606171136385008445077Idi1tbB)', 'type': 'bad_response_status_code', 'param': '', 'code': 'bad_response_status_code'}}
1 options {'temperature': 0.5, 'n': 8, 'top_p': 1.0, 'max_tokens': 150}
Error code: 429 - {'error': {'message': 'invalid request error trace_id: 3b682f4e6076b183929765ed59d45bfb (request id: 20260617113748419260572QYVsAwFE)', 'type': 'bad_response_status_code', 'param': '', 'code': 'bad_response_status_code'}}
FV-chain.py-_dynamic_chain_exec_with_cache_mp_core Error in test-200: too many retry times
1 options {'temperature': 0.0, 'n': 1, 'top_p': 1.0, 'max_tokens': 2048}
<html>
<head><title>504 Gateway Time-out</title></head>
<body>
<center><h1>504 Gateway Time-out</h1></center>
<hr><center>openresty</center>
</body>
</html>
1 options {'temperature': 0.0, 'n': 1, 'top_p': 1.0, 'max_tokens': 2048}
<html>
<head><title>504 Gateway Time-out</title></head>
<body>
<center><h1>504 Gateway Time-out</h1></center>
<hr><center>openresty</center>
</body>
</html>
1 options {'temperature': 0.0, 'n': 1, 'top_p': 1.0, 'max_tokens': 2048}
<html>
<head><title>504 Gateway Time-out</title></head>
<body>
<center><h1>504 Gateway Time-out</h1></center>
<hr><center>openresty</center>
</body>
</html>
1 options {'temperature': 0.0, 'n': 1, 'top_p': 1.0, 'max_tokens': 2048}
1 options {'temperature': 0.5, 'n': 8, 'top_p': 1.0, 'max_tokens': 150}
Error code: 429 - {'error': {'message': 'invalid request error trace_id: 5fc80d57d3a84518f4e9f7045ca79e56 (request id: 20260617115158287241685z61KejcS)', 'type': 'bad_response_status_code', 'param': '', 'code': 'bad_response_status_code'}}
1 options {'temperature': 0.5, 'n': 8, 'top_p': 1.0, 'max_tokens': 150}
Error code: 429 - {'error': {'message': 'invalid request error trace_id: 048cce9ceefc27ed6410c8835331517f (request id: 202606171153097275937556aQqy2Py)', 'type': 'bad_response_status_code', 'param': '', 'code': 'bad_response_status_code'}}
1 options {'temperature': 0.5, 'n': 8, 'top_p': 1.0, 'max_tokens': 150}
Error code: 429 - {'error': {'message': 'invalid request error trace_id: fecac83988260ab10aa062d34fd836c1 (request id: 20260617115428827678448mcoUIdgf)', 'type': 'bad_response_status_code', 'param': '', 'code': 'bad_response_status_code'}}
1 options {'temperature': 0.5, 'n': 8, 'top_p': 1.0, 'max_tokens': 150}
Error code: 429 - {'error': {'message': 'invalid request error trace_id: fa3ad76b336ae008fd687249611f0dbb (request id: 20260617115541332386525vzA1gIKA)', 'type': 'bad_response_status_code', 'param': '', 'code': 'bad_response_status_code'}}
FV-chain.py-_dynamic_chain_exec_with_cache_mp_core Error in test-201: too many retry times
1 options {'temperature': 0.0, 'n': 1, 'top_p': 1.0, 'max_tokens': 2048}
<html>
<head><title>504 Gateway Time-out</title></head>
<body>
<center><h1>504 Gateway Time-out</h1></center>
<hr><center>openresty</center>
</body>
</html>
1 options {'temperature': 0.0, 'n': 1, 'top_p': 1.0, 'max_tokens': 2048}
1 options {'temperature': 0.5, 'n': 8, 'top_p': 1.0, 'max_tokens': 150}
Error code: 429 - {'error': {'message': 'invalid request error trace_id: b29e82a9c6555f35e4792371801d08f9 (request id: 2026061712015390157205zirlXbAN)', 'type': 'bad_response_status_code', 'param': '', 'code': 'bad_response_status_code'}}
1 options {'temperature': 0.5, 'n': 8, 'top_p': 1.0, 'max_tokens': 150}
Error code: 429 - {'error': {'message': 'invalid request error trace_id: 23b780f9a4f6e09707df99895f39e508 (request id: 20260617120302353753161KhrPg0qG)', 'type': 'bad_response_status_code', 'param': '', 'code': 'bad_response_status_code'}}
1 options {'temperature': 0.5, 'n': 8, 'top_p': 1.0, 'max_tokens': 150}
Error code: 429 - {'error': {'message': 'invalid request error trace_id: aea1a5110481dfaf43e2201c61e00afb (request id: 20260617120414404399820dEUjXZRo)', 'type': 'bad_response_status_code', 'param': '', 'code': 'bad_response_status_code'}}
1 options {'temperature': 0.5, 'n': 8, 'top_p': 1.0, 'max_tokens': 150}
Error code: 429 - {'error': {'message': 'invalid request error trace_id: fa964ddcace05207ccd861f941b790d4 (request id: 20260617120523394972623Pj1vxOSG)', 'type': 'bad_response_status_code', 'param': '', 'code': 'bad_response_status_code'}}
FV-chain.py-_dynamic_chain_exec_with_cache_mp_core Error in test-202: too many retry times
